GPU_Name,Memory_GB,Num_SMs,Max_Threads_Per_SM,Max_Warps_Per_SM,Max_Threads_Per_Block,Total_Max_Threads
"NVIDIA A30",23.4856,56,2048,64,1024,114688
Matrix,Rows,Columns,nnz,Kernel,Grid_Size,Block_Size,Chunk_Size,Avg_Time(ms),Avg_Err,GFLOP/s,Bandwidth(GB/s)
cant.mtx,62451,62451,4007383,coo flat,125231,32,0,0.783155,2.08434e-07,10.2339,57.7807
cant.mtx,62451,62451,4007383,csr scalar,1952,32,0,0.0953344,1.33546e-07,84.07,320.506
cant.mtx,62451,62451,4007383,csr vector,62451,32,0,0.258253,2.07705e-07,31.0346,118.315
cant.mtx,62451,62451,4007383,coo seg,62616,32,64,0.152166,1.99919e-07,52.6711,297.38
cant.mtx,62451,62451,4007383,coo seg,31308,32,128,0.13312,1.96559e-07,60.2071,339.929
cant.mtx,62451,62451,4007383,coo seg,20872,32,192,0.128,1.95635e-07,62.6154,353.526
cant.mtx,62451,62451,4007383,coo seg,15654,32,256,0.125645,1.94907e-07,63.7891,360.152
cant.mtx,62451,62451,4007383,coo seg,12524,32,320,0.125645,1.94707e-07,63.7891,360.152
cant.mtx,62451,62451,4007383,coo seg,10436,32,384,0.124109,1.94656e-07,64.5786,364.61
cant.mtx,62451,62451,4007383,coo seg,8946,32,448,0.124109,1.94337e-07,64.5786,364.61
cant.mtx,62451,62451,4007383,coo seg,7827,32,512,0.129946,1.94089e-07,61.6778,348.233
cant.mtx,62451,62451,4007383,coo seg,6958,32,576,0.12288,1.9404e-07,65.2243,368.256
cant.mtx,62451,62451,4007383,coo seg,6262,32,640,0.129638,1.94057e-07,61.824,349.058
cant.mtx,62451,62451,4007383,coo seg,5693,32,704,0.136499,1.93865e-07,58.7166,331.513
cant.mtx,62451,62451,4007383,coo seg,5218,32,768,0.122266,1.93828e-07,65.5521,370.107
cant.mtx,62451,62451,4007383,coo seg,4817,32,832,0.127693,1.93465e-07,62.766,354.376
cant.mtx,62451,62451,4007383,coo seg,4473,32,896,0.133222,1.93722e-07,60.1608,339.667
cant.mtx,62451,62451,4007383,coo seg,4175,32,960,0.139571,1.93686e-07,57.4242,324.217
cant.mtx,62451,62451,4007383,coo seg,3914,32,1024,0.144282,1.93675e-07,55.5495,313.632
cant.mtx,62451,62451,4007383,coo flat,62616,64,0,0.592384,1.99988e-07,13.5297,76.3884
cant.mtx,62451,62451,4007383,csr scalar,976,64,0,0.0990208,1.33546e-07,80.9402,308.574
cant.mtx,62451,62451,4007383,csr vector,31226,64,0,0.135885,2.07705e-07,58.9821,224.862
cant.mtx,62451,62451,4007383,coo seg,31308,64,64,0.100864,1.9992e-07,79.4611,448.637
cant.mtx,62451,62451,4007383,coo seg,15654,64,128,0.0877568,1.96559e-07,91.3293,515.644
cant.mtx,62451,62451,4007383,coo seg,10436,64,192,0.0863232,1.95635e-07,92.846,524.208
cant.mtx,62451,62451,4007383,coo seg,7827,64,256,0.0871424,1.94907e-07,91.9732,519.28
cant.mtx,62451,62451,4007383,coo seg,6262,64,320,0.0882688,1.94707e-07,90.7995,512.653
cant.mtx,62451,62451,4007383,coo seg,5218,64,384,0.0864256,1.94656e-07,92.736,523.587
cant.mtx,62451,62451,4007383,coo seg,4473,64,448,0.0902144,1.94337e-07,88.8413,501.597
cant.mtx,62451,62451,4007383,coo seg,3914,64,512,0.0940032,1.94089e-07,85.2606,481.38
cant.mtx,62451,62451,4007383,coo seg,3479,64,576,0.0879616,1.9404e-07,91.1166,514.444
cant.mtx,62451,62451,4007383,coo seg,3131,64,640,0.0889856,1.94057e-07,90.0681,508.524
cant.mtx,62451,62451,4007383,coo seg,2847,64,704,0.0924672,1.93865e-07,86.6769,489.377
cant.mtx,62451,62451,4007383,coo seg,2609,64,768,0.093696,1.93828e-07,85.5401,482.959
cant.mtx,62451,62451,4007383,coo seg,2409,64,832,0.0984064,1.93465e-07,81.4456,459.841
cant.mtx,62451,62451,4007383,coo seg,2237,64,896,0.102298,1.93722e-07,78.3475,442.349
cant.mtx,62451,62451,4007383,coo seg,2088,64,960,0.10537,1.93686e-07,76.0634,429.453
cant.mtx,62451,62451,4007383,coo seg,1957,64,1024,0.109261,1.93675e-07,73.3545,414.159
cant.mtx,62451,62451,4007383,coo flat,41744,96,0,0.599347,1.93215e-07,13.3725,75.501
cant.mtx,62451,62451,4007383,csr scalar,651,96,0,0.0969728,1.33546e-07,82.6496,315.091
cant.mtx,62451,62451,4007383,csr vector,20817,96,0,0.125338,2.07705e-07,63.9454,243.784
cant.mtx,62451,62451,4007383,coo seg,20872,96,64,0.10025,1.99931e-07,79.9481,451.386
cant.mtx,62451,62451,4007383,coo seg,10436,96,128,0.087552,1.96559e-07,91.5429,516.85
cant.mtx,62451,62451,4007383,coo seg,6958,96,192,0.0858112,1.95635e-07,93.4,527.336
cant.mtx,62451,62451,4007383,coo seg,5218,96,256,0.0851968,1.94907e-07,94.0736,531.138
cant.mtx,62451,62451,4007383,coo seg,4175,96,320,0.0863232,1.94707e-07,92.846,524.208
cant.mtx,62451,62451,4007383,coo seg,3479,96,384,0.0854016,1.94656e-07,93.848,529.865
cant.mtx,62451,62451,4007383,coo seg,2982,96,448,0.0879616,1.94337e-07,91.1166,514.444
cant.mtx,62451,62451,4007383,coo seg,2609,96,512,0.0917504,1.94089e-07,87.354,493.2
cant.mtx,62451,62451,4007383,coo seg,2320,96,576,0.08704,1.9404e-07,92.0814,519.891
cant.mtx,62451,62451,4007383,coo seg,2088,96,640,0.08704,1.94057e-07,92.0814,519.891
cant.mtx,62451,62451,4007383,coo seg,1898,96,704,0.091136,1.93865e-07,87.9429,496.525
cant.mtx,62451,62451,4007383,coo seg,1740,96,768,0.0929792,1.93828e-07,86.1996,486.682
cant.mtx,62451,62451,4007383,coo seg,1606,96,832,0.0975872,1.93465e-07,82.1293,463.701
cant.mtx,62451,62451,4007383,coo seg,1491,96,896,0.101171,1.93722e-07,79.2198,447.274
cant.mtx,62451,62451,4007383,coo seg,1392,96,960,0.105165,1.93686e-07,76.2115,430.289
cant.mtx,62451,62451,4007383,coo seg,1305,96,1024,0.108646,1.93675e-07,73.7693,416.501
cant.mtx,62451,62451,4007383,coo flat,31308,128,0,0.601498,1.9464e-07,13.3247,75.231
cant.mtx,62451,62451,4007383,csr scalar,488,128,0,0.0970752,1.33546e-07,82.5624,314.759
cant.mtx,62451,62451,4007383,csr vector,15613,128,0,0.11991,2.07705e-07,66.8396,254.818
cant.mtx,62451,62451,4007383,coo seg,15654,128,64,0.0978944,1.99952e-07,81.8715,462.246
cant.mtx,62451,62451,4007383,coo seg,7827,128,128,0.0867328,1.96559e-07,92.4076,521.732
cant.mtx,62451,62451,4007383,coo seg,5218,128,192,0.0848896,1.95635e-07,94.414,533.061
cant.mtx,62451,62451,4007383,coo seg,3914,128,256,0.0843776,1.94907e-07,94.9869,536.295
cant.mtx,62451,62451,4007383,coo seg,3131,128,320,0.086528,1.94707e-07,92.6263,522.967
cant.mtx,62451,62451,4007383,coo seg,2609,128,384,0.0843776,1.94656e-07,94.9869,536.295
cant.mtx,62451,62451,4007383,coo seg,2237,128,448,0.088064,1.94337e-07,91.0107,513.846
cant.mtx,62451,62451,4007383,coo seg,1957,128,512,0.0918528,1.94089e-07,87.2566,492.65
cant.mtx,62451,62451,4007383,coo seg,1740,128,576,0.0866304,1.9404e-07,92.5168,522.349
cant.mtx,62451,62451,4007383,coo seg,1566,128,640,0.0864256,1.94057e-07,92.736,523.587
cant.mtx,62451,62451,4007383,coo seg,1424,128,704,0.0912384,1.93865e-07,87.8442,495.968
cant.mtx,62451,62451,4007383,coo seg,1305,128,768,0.0920576,1.93828e-07,87.0625,491.554
cant.mtx,62451,62451,4007383,coo seg,1205,128,832,0.097792,1.93465e-07,81.9573,462.73
cant.mtx,62451,62451,4007383,coo seg,1119,128,896,0.101683,1.93722e-07,78.8209,445.022
cant.mtx,62451,62451,4007383,coo seg,1044,128,960,0.104653,1.93686e-07,76.5843,432.394
cant.mtx,62451,62451,4007383,coo seg,979,128,1024,0.108749,1.93675e-07,73.6998,416.108
cant.mtx,62451,62451,4007383,coo flat,25047,160,0,0.613171,2.00765e-07,13.071,73.7988
cant.mtx,62451,62451,4007383,csr scalar,391,160,0,0.0951296,1.33546e-07,84.251,321.196
cant.mtx,62451,62451,4007383,csr vector,12491,160,0,0.125235,2.07705e-07,63.9977,243.983
cant.mtx,62451,62451,4007383,coo seg,12524,160,64,0.096768,1.99928e-07,82.8245,467.627
cant.mtx,62451,62451,4007383,coo seg,6262,160,128,0.088064,1.96559e-07,91.0107,513.845
cant.mtx,62451,62451,4007383,coo seg,4175,160,192,0.0868352,1.95635e-07,92.2986,521.117
cant.mtx,62451,62451,4007383,coo seg,3131,160,256,0.0848896,1.94907e-07,94.414,533.06
cant.mtx,62451,62451,4007383,coo seg,2505,160,320,0.0869376,1.94707e-07,92.1899,520.503
cant.mtx,62451,62451,4007383,coo seg,2088,160,384,0.0907264,1.94656e-07,88.34,498.767
cant.mtx,62451,62451,4007383,coo seg,1790,160,448,0.088064,1.94337e-07,91.0107,513.845
cant.mtx,62451,62451,4007383,coo seg,1566,160,512,0.0907264,1.94089e-07,88.34,498.767
cant.mtx,62451,62451,4007383,coo seg,1392,160,576,0.0984064,1.9404e-07,81.4456,459.841
cant.mtx,62451,62451,4007383,coo seg,1253,160,640,0.086528,1.94057e-07,92.6263,522.967
cant.mtx,62451,62451,4007383,coo seg,1139,160,704,0.0902144,1.93865e-07,88.8413,501.597
cant.mtx,62451,62451,4007383,coo seg,1044,160,768,0.0913408,1.93828e-07,87.7457,495.412
cant.mtx,62451,62451,4007383,coo seg,964,160,832,0.0960512,1.93465e-07,83.4426,471.116
cant.mtx,62451,62451,4007383,coo seg,895,160,896,0.100352,1.93722e-07,79.8665,450.926
cant.mtx,62451,62451,4007383,coo seg,835,160,960,0.104346,1.93686e-07,76.8098,433.667
cant.mtx,62451,62451,4007383,coo seg,783,160,1024,0.108134,1.93675e-07,74.1186,418.473
cant.mtx,62451,62451,4007383,coo flat,20872,192,0,0.628736,1.98784e-07,12.7474,71.9719
cant.mtx,62451,62451,4007383,csr scalar,326,192,0,0.0989184,1.33546e-07,81.024,308.894
cant.mtx,62451,62451,4007383,csr vector,10409,192,0,0.11991,2.07705e-07,66.8396,254.818
cant.mtx,62451,62451,4007383,coo seg,10436,192,64,0.0968704,1.99934e-07,82.737,467.132
cant.mtx,62451,62451,4007383,coo seg,5218,192,128,0.0878592,1.96559e-07,91.2228,515.043
cant.mtx,62451,62451,4007383,coo seg,3479,192,192,0.0866304,1.95635e-07,92.5168,522.349
cant.mtx,62451,62451,4007383,coo seg,2609,192,256,0.084992,1.94907e-07,94.3002,532.418
cant.mtx,62451,62451,4007383,coo seg,2088,192,320,0.0862208,1.94707e-07,92.9563,524.83
cant.mtx,62451,62451,4007383,coo seg,1740,192,384,0.0913408,1.94656e-07,87.7457,495.412
cant.mtx,62451,62451,4007383,coo seg,1491,192,448,0.0877568,1.94337e-07,91.3293,515.644
cant.mtx,62451,62451,4007383,coo seg,1305,192,512,0.0907264,1.94089e-07,88.34,498.767
cant.mtx,62451,62451,4007383,coo seg,1160,192,576,0.0992256,1.9404e-07,80.7732,456.045
cant.mtx,62451,62451,4007383,coo seg,1044,192,640,0.0867328,1.94057e-07,92.4076,521.732
cant.mtx,62451,62451,4007383,coo seg,949,192,704,0.0913408,1.93865e-07,87.7457,495.412
cant.mtx,62451,62451,4007383,coo seg,870,192,768,0.0914432,1.93828e-07,87.6475,494.857
cant.mtx,62451,62451,4007383,coo seg,803,192,832,0.096256,1.93465e-07,83.2651,470.114
cant.mtx,62451,62451,4007383,coo seg,746,192,896,0.09984,1.93722e-07,80.2761,453.238
cant.mtx,62451,62451,4007383,coo seg,696,192,960,0.104141,1.93686e-07,76.9609,434.52
cant.mtx,62451,62451,4007383,coo seg,653,192,1024,0.10752,1.93675e-07,74.5421,420.864
cant.mtx,62451,62451,4007383,coo flat,17891,224,0,0.61993,1.98249e-07,12.9285,72.9942
cant.mtx,62451,62451,4007383,csr scalar,279,224,0,0.095744,1.33546e-07,83.7104,319.135
cant.mtx,62451,62451,4007383,csr vector,8922,224,0,0.121856,2.07705e-07,65.7724,250.749
cant.mtx,62451,62451,4007383,coo seg,8946,224,64,0.0964608,1.99929e-07,83.0883,469.116
cant.mtx,62451,62451,4007383,coo seg,4473,224,128,0.0874496,1.96559e-07,91.6501,517.456
cant.mtx,62451,62451,4007383,coo seg,2982,224,192,0.0847872,1.95635e-07,94.528,533.704
cant.mtx,62451,62451,4007383,coo seg,2237,224,256,0.0840704,1.94907e-07,95.334,538.255
cant.mtx,62451,62451,4007383,coo seg,1790,224,320,0.0862208,1.94707e-07,92.9563,524.83
cant.mtx,62451,62451,4007383,coo seg,1491,224,384,0.084992,1.94656e-07,94.3002,532.418
cant.mtx,62451,62451,4007383,coo seg,1278,224,448,0.0884736,1.94337e-07,90.5893,511.467
cant.mtx,62451,62451,4007383,coo seg,1119,224,512,0.0913408,1.94089e-07,87.7457,495.412
cant.mtx,62451,62451,4007383,coo seg,994,224,576,0.0867328,1.9404e-07,92.4076,521.732
cant.mtx,62451,62451,4007383,coo seg,895,224,640,0.0858112,1.94057e-07,93.4,527.336
cant.mtx,62451,62451,4007383,coo seg,814,224,704,0.091648,1.93865e-07,87.4516,493.751
cant.mtx,62451,62451,4007383,coo seg,746,224,768,0.0919552,1.93828e-07,87.1595,492.102
cant.mtx,62451,62451,4007383,coo seg,689,224,832,0.0965632,1.93465e-07,83.0002,468.618
cant.mtx,62451,62451,4007383,coo seg,639,224,896,0.100762,1.93722e-07,79.5419,449.093
cant.mtx,62451,62451,4007383,coo seg,597,224,960,0.104346,1.93686e-07,76.8098,433.667
cant.mtx,62451,62451,4007383,coo seg,560,224,1024,0.108749,1.93675e-07,73.6998,416.108
cant.mtx,62451,62451,4007383,coo flat,15654,256,0,0.624742,1.99267e-07,12.8289,72.4319
cant.mtx,62451,62451,4007383,csr scalar,244,256,0,0.104653,1.33546e-07,76.5843,291.968
cant.mtx,62451,62451,4007383,csr vector,7807,256,0,0.113152,2.07705e-07,70.8318,270.037
cant.mtx,62451,62451,4007383,coo seg,7827,256,64,0.0953344,1.99944e-07,84.07,474.659
cant.mtx,62451,62451,4007383,coo seg,3914,256,128,0.0866304,1.96559e-07,92.5168,522.349
cant.mtx,62451,62451,4007383,coo seg,2609,256,192,0.084992,1.95635e-07,94.3002,532.418
cant.mtx,62451,62451,4007383,coo seg,1957,256,256,0.0843776,1.94907e-07,94.9869,536.295
cant.mtx,62451,62451,4007383,coo seg,1566,256,320,0.0858112,1.94707e-07,93.4,527.336
cant.mtx,62451,62451,4007383,coo seg,1305,256,384,0.0848896,1.94656e-07,94.414,533.06
cant.mtx,62451,62451,4007383,coo seg,1119,256,448,0.0882688,1.94337e-07,90.7995,512.653
cant.mtx,62451,62451,4007383,coo seg,979,256,512,0.091136,1.94089e-07,87.9429,496.525
cant.mtx,62451,62451,4007383,coo seg,870,256,576,0.0867328,1.9404e-07,92.4076,521.732
cant.mtx,62451,62451,4007383,coo seg,783,256,640,0.0866304,1.94057e-07,92.5168,522.349
cant.mtx,62451,62451,4007383,coo seg,712,256,704,0.0910336,1.93865e-07,88.0418,497.083
cant.mtx,62451,62451,4007383,coo seg,653,256,768,0.091648,1.93828e-07,87.4516,493.751
cant.mtx,62451,62451,4007383,coo seg,603,256,832,0.0965632,1.93465e-07,83.0002,468.618
cant.mtx,62451,62451,4007383,coo seg,560,256,896,0.101376,1.93722e-07,79.0598,446.371
cant.mtx,62451,62451,4007383,coo seg,522,256,960,0.104755,1.93686e-07,76.5095,431.972
cant.mtx,62451,62451,4007383,coo seg,490,256,1024,0.108237,1.93675e-07,74.0484,418.077
cant.mtx,62451,62451,4007383,coo flat,13915,288,0,0.631706,2.03282e-07,12.6875,71.6335
cant.mtx,62451,62451,4007383,csr scalar,217,288,0,0.0985088,1.33546e-07,81.3609,310.178
cant.mtx,62451,62451,4007383,csr vector,6939,288,0,0.122266,2.07705e-07,65.5521,249.909
cant.mtx,62451,62451,4007383,coo seg,6958,288,64,0.0963584,1.99926e-07,83.1766,469.614
cant.mtx,62451,62451,4007383,coo seg,3479,288,128,0.0873472,1.96559e-07,91.7576,518.062
cant.mtx,62451,62451,4007383,coo seg,2320,288,192,0.0852992,1.95635e-07,93.9606,530.501
cant.mtx,62451,62451,4007383,coo seg,1740,288,256,0.0846848,1.94907e-07,94.6423,534.35
cant.mtx,62451,62451,4007383,coo seg,1392,288,320,0.0864256,1.94707e-07,92.736,523.587
cant.mtx,62451,62451,4007383,coo seg,1160,288,384,0.0846848,1.94656e-07,94.6423,534.35
cant.mtx,62451,62451,4007383,coo seg,994,288,448,0.0881664,1.94337e-07,90.905,513.249
cant.mtx,62451,62451,4007383,coo seg,870,288,512,0.0917504,1.94089e-07,87.354,493.2
cant.mtx,62451,62451,4007383,coo seg,774,288,576,0.0863232,1.9404e-07,92.846,524.208
cant.mtx,62451,62451,4007383,coo seg,696,288,640,0.086528,1.94057e-07,92.6263,522.967
cant.mtx,62451,62451,4007383,coo seg,633,288,704,0.0908288,1.93865e-07,88.2404,498.204
cant.mtx,62451,62451,4007383,coo seg,580,288,768,0.0915456,1.93828e-07,87.5494,494.303
cant.mtx,62451,62451,4007383,coo seg,536,288,832,0.0978944,1.93465e-07,81.8715,462.246
cant.mtx,62451,62451,4007383,coo seg,497,288,896,0.100966,1.93722e-07,79.3805,448.182
cant.mtx,62451,62451,4007383,coo seg,464,288,960,0.105062,1.93686e-07,76.2858,430.709
cant.mtx,62451,62451,4007383,coo seg,435,288,1024,0.108646,1.93675e-07,73.7693,416.501
cant.mtx,62451,62451,4007383,coo flat,12524,320,0,0.639898,2.00098e-07,12.5251,70.7164
cant.mtx,62451,62451,4007383,csr scalar,196,320,0,0.105677,1.33546e-07,75.8423,289.139
cant.mtx,62451,62451,4007383,csr vector,6246,320,0,0.122675,2.07705e-07,65.3332,249.075
cant.mtx,62451,62451,4007383,coo seg,6262,320,64,0.0978944,1.99957e-07,81.8715,462.246
cant.mtx,62451,62451,4007383,coo seg,3131,320,128,0.0888832,1.96559e-07,90.1719,509.11
cant.mtx,62451,62451,4007383,coo seg,2088,320,192,0.087552,1.95635e-07,91.5429,516.85
cant.mtx,62451,62451,4007383,coo seg,1566,320,256,0.0858112,1.94907e-07,93.4,527.336
cant.mtx,62451,62451,4007383,coo seg,1253,320,320,0.08704,1.94707e-07,92.0814,519.891
cant.mtx,62451,62451,4007383,coo seg,1044,320,384,0.0914432,1.94656e-07,87.6475,494.857
cant.mtx,62451,62451,4007383,coo seg,895,320,448,0.088064,1.94337e-07,91.0107,513.846
cant.mtx,62451,62451,4007383,coo seg,783,320,512,0.0909312,1.94089e-07,88.141,497.643
cant.mtx,62451,62451,4007383,coo seg,696,320,576,0.099328,1.9404e-07,80.6899,455.574
cant.mtx,62451,62451,4007383,coo seg,627,320,640,0.0871424,1.94057e-07,91.9732,519.28
cant.mtx,62451,62451,4007383,coo seg,570,320,704,0.0905216,1.93865e-07,88.5398,499.895
cant.mtx,62451,62451,4007383,coo seg,522,320,768,0.091136,1.93828e-07,87.9429,496.525
cant.mtx,62451,62451,4007383,coo seg,482,320,832,0.0956416,1.93465e-07,83.8,473.134
cant.mtx,62451,62451,4007383,coo seg,448,320,896,0.0997376,1.93722e-07,80.3585,453.703
cant.mtx,62451,62451,4007383,coo seg,418,320,960,0.10455,1.93686e-07,76.6594,432.818
cant.mtx,62451,62451,4007383,coo seg,392,320,1024,0.10752,1.93675e-07,74.5421,420.864
cant.mtx,62451,62451,4007383,coo flat,11385,352,0,0.654336,1.98955e-07,12.2487,69.1561
cant.mtx,62451,62451,4007383,csr scalar,178,352,0,0.114381,1.33546e-07,70.0709,267.136
cant.mtx,62451,62451,4007383,csr vector,5678,352,0,0.126259,2.07705e-07,63.4787,242.004
cant.mtx,62451,62451,4007383,coo seg,5693,352,64,0.102298,1.99896e-07,78.3475,442.35
cant.mtx,62451,62451,4007383,coo seg,2847,352,128,0.0919552,1.96559e-07,87.1595,492.102
cant.mtx,62451,62451,4007383,coo seg,1898,352,192,0.089088,1.95635e-07,89.9646,507.939
cant.mtx,62451,62451,4007383,coo seg,1424,352,256,0.0912384,1.94907e-07,87.8442,495.968
cant.mtx,62451,62451,4007383,coo seg,1139,352,320,0.0937984,1.94707e-07,85.4467,482.431
cant.mtx,62451,62451,4007383,coo seg,949,352,384,0.0912384,1.94656e-07,87.8442,495.968
cant.mtx,62451,62451,4007383,coo seg,814,352,448,0.0899072,1.94337e-07,89.1449,503.311
cant.mtx,62451,62451,4007383,coo seg,712,352,512,0.0905216,1.94089e-07,88.5398,499.895
cant.mtx,62451,62451,4007383,coo seg,633,352,576,0.0978944,1.9404e-07,81.8715,462.246
cant.mtx,62451,62451,4007383,coo seg,570,352,640,0.1024,1.94057e-07,78.2692,441.907
cant.mtx,62451,62451,4007383,coo seg,518,352,704,0.0908288,1.93865e-07,88.2404,498.204
cant.mtx,62451,62451,4007383,coo seg,475,352,768,0.0917504,1.93828e-07,87.354,493.2
cant.mtx,62451,62451,4007383,coo seg,438,352,832,0.0956416,1.93465e-07,83.8,473.134
cant.mtx,62451,62451,4007383,coo seg,407,352,896,0.09984,1.93722e-07,80.2761,453.238
cant.mtx,62451,62451,4007383,coo seg,380,352,960,0.102298,1.93686e-07,78.3475,442.349
cant.mtx,62451,62451,4007383,coo seg,356,352,1024,0.107213,1.93675e-07,74.7557,422.07
cant.mtx,62451,62451,4007383,coo flat,10436,384,0,0.6528,1.99276e-07,12.2775,69.3188
cant.mtx,62451,62451,4007383,csr scalar,163,384,0,0.104141,1.33546e-07,76.9609,293.404
cant.mtx,62451,62451,4007383,csr vector,5205,384,0,0.119194,2.07705e-07,67.2416,256.35
cant.mtx,62451,62451,4007383,coo seg,5218,384,64,0.0978944,1.99939e-07,81.8715,462.246
cant.mtx,62451,62451,4007383,coo seg,2609,384,128,0.090112,1.96559e-07,88.9423,502.167
cant.mtx,62451,62451,4007383,coo seg,1740,384,192,0.087552,1.95635e-07,91.5429,516.85
cant.mtx,62451,62451,4007383,coo seg,1305,384,256,0.0859136,1.94907e-07,93.2887,526.707
cant.mtx,62451,62451,4007383,coo seg,1044,384,320,0.0871424,1.94707e-07,91.9732,519.28
cant.mtx,62451,62451,4007383,coo seg,870,384,384,0.0919552,1.94656e-07,87.1595,492.102
cant.mtx,62451,62451,4007383,coo seg,746,384,448,0.0884736,1.94337e-07,90.5893,511.467
cant.mtx,62451,62451,4007383,coo seg,653,384,512,0.0908288,1.94089e-07,88.2404,498.204
cant.mtx,62451,62451,4007383,coo seg,580,384,576,0.0989184,1.9404e-07,81.024,457.461
cant.mtx,62451,62451,4007383,coo seg,522,384,640,0.088064,1.94057e-07,91.0107,513.845
cant.mtx,62451,62451,4007383,coo seg,475,384,704,0.0898048,1.93865e-07,89.2465,503.885
cant.mtx,62451,62451,4007383,coo seg,435,384,768,0.09216,1.93828e-07,86.9658,491.008
cant.mtx,62451,62451,4007383,coo seg,402,384,832,0.0959488,1.93465e-07,83.5317,471.619
cant.mtx,62451,62451,4007383,coo seg,373,384,896,0.100045,1.93722e-07,80.1118,452.31
cant.mtx,62451,62451,4007383,coo seg,348,384,960,0.103424,1.93686e-07,77.4943,437.532
cant.mtx,62451,62451,4007383,coo seg,327,384,1024,0.106701,1.93675e-07,75.1144,424.095
cant.mtx,62451,62451,4007383,coo flat,9634,416,0,0.661094,1.99765e-07,12.1235,68.4491
cant.mtx,62451,62451,4007383,csr scalar,151,416,0,0.108134,1.33546e-07,74.1186,282.568
cant.mtx,62451,62451,4007383,csr vector,4804,416,0,0.129331,2.07705e-07,61.9709,236.256
cant.mtx,62451,62451,4007383,coo seg,4817,416,64,0.106496,1.99923e-07,75.2589,424.911
cant.mtx,62451,62451,4007383,coo seg,2409,416,128,0.093696,1.96559e-07,85.5401,482.959
cant.mtx,62451,62451,4007383,coo seg,1606,416,192,0.0933888,1.95635e-07,85.8215,484.547
cant.mtx,62451,62451,4007383,coo seg,1205,416,256,0.091648,1.94907e-07,87.4516,493.751
cant.mtx,62451,62451,4007383,coo seg,964,416,320,0.094208,1.94707e-07,85.0752,480.334
cant.mtx,62451,62451,4007383,coo seg,803,416,384,0.0913408,1.94656e-07,87.7457,495.412
cant.mtx,62451,62451,4007383,coo seg,689,416,448,0.10025,1.94337e-07,79.9481,451.386
cant.mtx,62451,62451,4007383,coo seg,603,416,512,0.0909312,1.94089e-07,88.141,497.643
cant.mtx,62451,62451,4007383,coo seg,536,416,576,0.0975872,1.9404e-07,82.1293,463.701
cant.mtx,62451,62451,4007383,coo seg,482,416,640,0.103117,1.94057e-07,77.7251,438.835
cant.mtx,62451,62451,4007383,coo seg,438,416,704,0.0897024,1.93865e-07,89.3484,504.46
cant.mtx,62451,62451,4007383,coo seg,402,416,768,0.0928768,1.93828e-07,86.2946,487.218
cant.mtx,62451,62451,4007383,coo seg,371,416,832,0.0961536,1.93465e-07,83.3538,470.615
cant.mtx,62451,62451,4007383,coo seg,345,416,896,0.0986112,1.93722e-07,81.2764,458.886
cant.mtx,62451,62451,4007383,coo seg,322,416,960,0.10281,1.93686e-07,77.9574,440.147
cant.mtx,62451,62451,4007383,coo seg,302,416,1024,0.105984,1.93675e-07,75.6224,426.963
cant.mtx,62451,62451,4007383,coo flat,8946,448,0,0.665088,1.97275e-07,12.0507,68.038
cant.mtx,62451,62451,4007383,csr scalar,140,448,0,0.113766,1.33546e-07,70.4493,268.579
cant.mtx,62451,62451,4007383,csr vector,4461,448,0,0.124826,2.07705e-07,64.2077,244.784
cant.mtx,62451,62451,4007383,coo seg,4473,448,64,0.1024,1.99911e-07,78.2692,441.907
cant.mtx,62451,62451,4007383,coo seg,2237,448,128,0.0919552,1.96559e-07,87.1595,492.102
cant.mtx,62451,62451,4007383,coo seg,1491,448,192,0.0896,1.95635e-07,89.4505,505.037
cant.mtx,62451,62451,4007383,coo seg,1119,448,256,0.0878592,1.94907e-07,91.2228,515.043
cant.mtx,62451,62451,4007383,coo seg,895,448,320,0.0892928,1.94707e-07,89.7582,506.774
cant.mtx,62451,62451,4007383,coo seg,746,448,384,0.0913408,1.94656e-07,87.7457,495.412
cant.mtx,62451,62451,4007383,coo seg,639,448,448,0.0910336,1.94337e-07,88.0418,497.083
cant.mtx,62451,62451,4007383,coo seg,560,448,512,0.0908288,1.94089e-07,88.2404,498.204
cant.mtx,62451,62451,4007383,coo seg,497,448,576,0.0989184,1.9404e-07,81.024,457.461
cant.mtx,62451,62451,4007383,coo seg,448,448,640,0.0862208,1.94057e-07,92.9563,524.83
cant.mtx,62451,62451,4007383,coo seg,407,448,704,0.0919552,1.93865e-07,87.1595,492.102
cant.mtx,62451,62451,4007383,coo seg,373,448,768,0.0918528,1.93828e-07,87.2566,492.65
cant.mtx,62451,62451,4007383,coo seg,345,448,832,0.0960512,1.93465e-07,83.4426,471.116
cant.mtx,62451,62451,4007383,coo seg,320,448,896,0.099328,1.93722e-07,80.6899,455.574
cant.mtx,62451,62451,4007383,coo seg,299,448,960,0.101478,1.93686e-07,78.98,445.92
cant.mtx,62451,62451,4007383,coo seg,280,448,1024,0.105882,1.93675e-07,75.6956,427.376
cant.mtx,62451,62451,4007383,coo flat,8349,480,0,0.653414,2.016e-07,12.266,69.2536
cant.mtx,62451,62451,4007383,csr scalar,131,480,0,0.122163,1.33546e-07,65.607,250.119
cant.mtx,62451,62451,4007383,csr vector,4164,480,0,0.122368,2.07705e-07,65.4972,249.7
cant.mtx,62451,62451,4007383,coo seg,4175,480,64,0.0991232,1.99923e-07,80.8566,456.516
cant.mtx,62451,62451,4007383,coo seg,2088,480,128,0.0899072,1.96559e-07,89.1449,503.311
cant.mtx,62451,62451,4007383,coo seg,1392,480,192,0.0884736,1.95635e-07,90.5893,511.467
cant.mtx,62451,62451,4007383,coo seg,1044,480,256,0.0864256,1.94907e-07,92.736,523.587
cant.mtx,62451,62451,4007383,coo seg,835,480,320,0.0878592,1.94707e-07,91.2228,515.043
cant.mtx,62451,62451,4007383,coo seg,696,480,384,0.0923648,1.94656e-07,86.7729,489.919
cant.mtx,62451,62451,4007383,coo seg,597,480,448,0.0882688,1.94337e-07,90.7995,512.653
cant.mtx,62451,62451,4007383,coo seg,522,480,512,0.091648,1.94089e-07,87.4516,493.751
cant.mtx,62451,62451,4007383,coo seg,464,480,576,0.100045,1.9404e-07,80.1118,452.31
cant.mtx,62451,62451,4007383,coo seg,418,480,640,0.0876544,1.94057e-07,91.436,516.247
cant.mtx,62451,62451,4007383,coo seg,380,480,704,0.0909312,1.93865e-07,88.141,497.643
cant.mtx,62451,62451,4007383,coo seg,348,480,768,0.0924672,1.93828e-07,86.6769,489.377
cant.mtx,62451,62451,4007383,coo seg,322,480,832,0.0969728,1.93465e-07,82.6496,466.639
cant.mtx,62451,62451,4007383,coo seg,299,480,896,0.0991232,1.93722e-07,80.8566,456.516
cant.mtx,62451,62451,4007383,coo seg,279,480,960,0.103629,1.93686e-07,77.3411,436.667
cant.mtx,62451,62451,4007383,coo seg,261,480,1024,0.10711,1.93675e-07,74.8272,422.473
cant.mtx,62451,62451,4007383,coo flat,7827,512,0,0.639693,1.98971e-07,12.5291,70.7391
cant.mtx,62451,62451,4007383,csr scalar,122,512,0,0.121242,1.33546e-07,66.1057,252.02
cant.mtx,62451,62451,4007383,csr vector,3904,512,0,0.117043,2.07705e-07,68.477,261.06
cant.mtx,62451,62451,4007383,coo seg,3914,512,64,0.0959488,1.99917e-07,83.5317,471.619
cant.mtx,62451,62451,4007383,coo seg,1957,512,128,0.0879616,1.96559e-07,91.1167,514.444
cant.mtx,62451,62451,4007383,coo seg,1305,512,192,0.0863232,1.95635e-07,92.846,524.208
cant.mtx,62451,62451,4007383,coo seg,979,512,256,0.0852992,1.94907e-07,93.9606,530.501
cant.mtx,62451,62451,4007383,coo seg,783,512,320,0.0872448,1.94707e-07,91.8653,518.67
cant.mtx,62451,62451,4007383,coo seg,653,512,384,0.0846848,1.94656e-07,94.6423,534.35
cant.mtx,62451,62451,4007383,coo seg,560,512,448,0.0888832,1.94337e-07,90.1719,509.11
cant.mtx,62451,62451,4007383,coo seg,490,512,512,0.0923648,1.94089e-07,86.7729,489.919
cant.mtx,62451,62451,4007383,coo seg,435,512,576,0.0861184,1.9404e-07,93.0668,525.454
cant.mtx,62451,62451,4007383,coo seg,392,512,640,0.0869376,1.94057e-07,92.1899,520.503
cant.mtx,62451,62451,4007383,coo seg,356,512,704,0.0904192,1.93865e-07,88.6401,500.461
cant.mtx,62451,62451,4007383,coo seg,327,512,768,0.0920576,1.93828e-07,87.0625,491.554
cant.mtx,62451,62451,4007383,coo seg,302,512,832,0.0958464,1.93465e-07,83.6209,472.123
cant.mtx,62451,62451,4007383,coo seg,280,512,896,0.09984,1.93722e-07,80.2761,453.238
cant.mtx,62451,62451,4007383,coo seg,261,512,960,0.103629,1.93686e-07,77.3411,436.667
cant.mtx,62451,62451,4007383,coo seg,245,512,1024,0.106496,1.93675e-07,75.2589,424.911
cant.mtx,62451,62451,4007383,coo flat,7367,544,0,0.680653,1.93628e-07,11.7751,66.4822
cant.mtx,62451,62451,4007383,csr scalar,115,544,0,0.115302,1.33546e-07,69.5108,265.001
cant.mtx,62451,62451,4007383,csr vector,3674,544,0,0.131277,2.07705e-07,61.0524,232.755
cant.mtx,62451,62451,4007383,coo seg,3684,544,64,0.108032,1.99928e-07,74.1888,418.869
cant.mtx,62451,62451,4007383,coo seg,1842,544,128,0.09728,1.96559e-07,82.3886,465.165
cant.mtx,62451,62451,4007383,coo seg,1228,544,192,0.0950272,1.95635e-07,84.3418,476.193
cant.mtx,62451,62451,4007383,coo seg,921,544,256,0.0934912,1.94907e-07,85.7275,484.017
cant.mtx,62451,62451,4007383,coo seg,737,544,320,0.0960512,1.94707e-07,83.4426,471.116
cant.mtx,62451,62451,4007383,coo seg,614,544,384,0.0932864,1.94656e-07,85.9157,485.079
cant.mtx,62451,62451,4007383,coo seg,527,544,448,0.101069,1.94337e-07,79.3001,447.728
cant.mtx,62451,62451,4007383,coo seg,461,544,512,0.0933888,1.94089e-07,85.8215,484.547
cant.mtx,62451,62451,4007383,coo seg,410,544,576,0.0984064,1.9404e-07,81.4456,459.841
cant.mtx,62451,62451,4007383,coo seg,369,544,640,0.104038,1.94057e-07,77.0366,434.948
cant.mtx,62451,62451,4007383,coo seg,335,544,704,0.0908288,1.93865e-07,88.2404,498.204
cant.mtx,62451,62451,4007383,coo seg,307,544,768,0.0939008,1.93828e-07,85.3535,481.905
cant.mtx,62451,62451,4007383,coo seg,284,544,832,0.0975872,1.93465e-07,82.1293,463.701
cant.mtx,62451,62451,4007383,coo seg,264,544,896,0.098304,1.93722e-07,81.5304,460.32
cant.mtx,62451,62451,4007383,coo seg,246,544,960,0.101478,1.93686e-07,78.98,445.92
cant.mtx,62451,62451,4007383,coo seg,231,544,1024,0.105984,1.93675e-07,75.6224,426.963
cant.mtx,62451,62451,4007383,coo flat,6958,576,0,0.679731,1.96169e-07,11.7911,66.5723
cant.mtx,62451,62451,4007383,csr scalar,109,576,0,0.0990208,1.33546e-07,80.9402,308.574
cant.mtx,62451,62451,4007383,csr vector,3470,576,0,0.12841,2.07705e-07,62.4156,237.952
cant.mtx,62451,62451,4007383,coo seg,3479,576,64,0.105062,1.99929e-07,76.2858,430.709
cant.mtx,62451,62451,4007383,coo seg,1740,576,128,0.0951296,1.96559e-07,84.251,475.68
cant.mtx,62451,62451,4007383,coo seg,1160,576,192,0.0922624,1.95635e-07,86.8693,490.463
cant.mtx,62451,62451,4007383,coo seg,870,576,256,0.0932864,1.94907e-07,85.9157,485.079
cant.mtx,62451,62451,4007383,coo seg,696,576,320,0.0964608,1.94707e-07,83.0883,469.116
cant.mtx,62451,62451,4007383,coo seg,580,576,384,0.0925696,1.94656e-07,86.581,488.835
cant.mtx,62451,62451,4007383,coo seg,497,576,448,0.0915456,1.94337e-07,87.5494,494.303
cant.mtx,62451,62451,4007383,coo seg,435,576,512,0.091648,1.94089e-07,87.4516,493.751
cant.mtx,62451,62451,4007383,coo seg,387,576,576,0.0989184,1.9404e-07,81.024,457.461
cant.mtx,62451,62451,4007383,coo seg,348,576,640,0.103219,1.94057e-07,77.648,438.4
cant.mtx,62451,62451,4007383,coo seg,317,576,704,0.0915456,1.93865e-07,87.5494,494.303
cant.mtx,62451,62451,4007383,coo seg,290,576,768,0.0953344,1.93828e-07,84.07,474.659
cant.mtx,62451,62451,4007383,coo seg,268,576,832,0.0940032,1.93465e-07,85.2606,481.38
cant.mtx,62451,62451,4007383,coo seg,249,576,896,0.0986112,1.93722e-07,81.2764,458.886
cant.mtx,62451,62451,4007383,coo seg,232,576,960,0.10281,1.93686e-07,77.9574,440.147
cant.mtx,62451,62451,4007383,coo seg,218,576,1024,0.106803,1.93675e-07,75.0424,423.689
cant.mtx,62451,62451,4007383,coo flat,6592,608,0,0.666419,1.96085e-07,12.0266,67.9021
cant.mtx,62451,62451,4007383,csr scalar,103,608,0,0.100659,1.33546e-07,79.6228,303.552
cant.mtx,62451,62451,4007383,csr vector,3287,608,0,0.125952,2.07705e-07,63.6335,242.595
cant.mtx,62451,62451,4007383,coo seg,3296,608,64,0.102093,1.99928e-07,78.5047,443.237
cant.mtx,62451,62451,4007383,coo seg,1648,608,128,0.0934912,1.96559e-07,85.7275,484.017
cant.mtx,62451,62451,4007383,coo seg,1099,608,192,0.0910336,1.95635e-07,88.0418,497.083
cant.mtx,62451,62451,4007383,coo seg,824,608,256,0.0892928,1.94907e-07,89.7582,506.774
cant.mtx,62451,62451,4007383,coo seg,660,608,320,0.089088,1.94707e-07,89.9646,507.939
cant.mtx,62451,62451,4007383,coo seg,550,608,384,0.0924672,1.94656e-07,86.6769,489.377
cant.mtx,62451,62451,4007383,coo seg,471,608,448,0.0912384,1.94337e-07,87.8442,495.968
cant.mtx,62451,62451,4007383,coo seg,412,608,512,0.0920576,1.94089e-07,87.0625,491.554
cant.mtx,62451,62451,4007383,coo seg,367,608,576,0.0986112,1.9404e-07,81.2764,458.886
cant.mtx,62451,62451,4007383,coo seg,330,608,640,0.0867328,1.94057e-07,92.4076,521.732
cant.mtx,62451,62451,4007383,coo seg,300,608,704,0.0929792,1.93865e-07,86.1996,486.682
cant.mtx,62451,62451,4007383,coo seg,275,608,768,0.090112,1.93828e-07,88.9423,502.167
cant.mtx,62451,62451,4007383,coo seg,254,608,832,0.095744,1.93465e-07,83.7104,472.628
cant.mtx,62451,62451,4007383,coo seg,236,608,896,0.100147,1.93722e-07,80.0299,451.848
cant.mtx,62451,62451,4007383,coo seg,220,608,960,0.103424,1.93686e-07,77.4943,437.532
cant.mtx,62451,62451,4007383,coo seg,206,608,1024,0.105574,1.93675e-07,75.9158,428.62
cant.mtx,62451,62451,4007383,coo flat,6262,640,0,0.66089,1.97282e-07,12.1272,68.4703
cant.mtx,62451,62451,4007383,csr scalar,98,640,0,0.103936,1.33546e-07,77.1125,293.982
cant.mtx,62451,62451,4007383,csr vector,3123,640,0,0.122368,2.07705e-07,65.4972,249.7
cant.mtx,62451,62451,4007383,coo seg,3131,640,64,0.0992256,1.99942e-07,80.7732,456.045
cant.mtx,62451,62451,4007383,coo seg,1566,640,128,0.091136,1.96559e-07,87.9429,496.525
cant.mtx,62451,62451,4007383,coo seg,1044,640,192,0.0898048,1.95635e-07,89.2465,503.885
cant.mtx,62451,62451,4007383,coo seg,783,640,256,0.0871424,1.94907e-07,91.9732,519.28
cant.mtx,62451,62451,4007383,coo seg,627,640,320,0.0891904,1.94707e-07,89.8613,507.356
cant.mtx,62451,62451,4007383,coo seg,522,640,384,0.0929792,1.94656e-07,86.1996,486.682
cant.mtx,62451,62451,4007383,coo seg,448,640,448,0.088576,1.94337e-07,90.4846,510.875
cant.mtx,62451,62451,4007383,coo seg,392,640,512,0.0923648,1.94089e-07,86.7729,489.919
cant.mtx,62451,62451,4007383,coo seg,348,640,576,0.0991232,1.9404e-07,80.8566,456.516
cant.mtx,62451,62451,4007383,coo seg,314,640,640,0.0876544,1.94057e-07,91.436,516.247
cant.mtx,62451,62451,4007383,coo seg,285,640,704,0.0927744,1.93865e-07,86.3898,487.756
cant.mtx,62451,62451,4007383,coo seg,261,640,768,0.0909312,1.93828e-07,88.141,497.643
cant.mtx,62451,62451,4007383,coo seg,241,640,832,0.0964608,1.93465e-07,83.0883,469.116
cant.mtx,62451,62451,4007383,coo seg,224,640,896,0.100045,1.93722e-07,80.1118,452.31
cant.mtx,62451,62451,4007383,coo seg,209,640,960,0.10199,1.93686e-07,78.5835,443.682
cant.mtx,62451,62451,4007383,coo seg,196,640,1024,0.106086,1.93675e-07,75.5494,426.551
cant.mtx,62451,62451,4007383,coo flat,5964,672,0,0.644915,1.99842e-07,12.4276,70.1663
cant.mtx,62451,62451,4007383,csr scalar,93,672,0,0.105062,1.33546e-07,76.2858,290.83
cant.mtx,62451,62451,4007383,csr vector,2974,672,0,0.119603,2.07705e-07,67.0113,255.472
cant.mtx,62451,62451,4007383,coo seg,2982,672,64,0.09728,1.9998e-07,82.3886,465.165
cant.mtx,62451,62451,4007383,coo seg,1491,672,128,0.0907264,1.96559e-07,88.34,498.767
cant.mtx,62451,62451,4007383,coo seg,994,672,192,0.0877568,1.95635e-07,91.3293,515.644
cant.mtx,62451,62451,4007383,coo seg,746,672,256,0.08704,1.94907e-07,92.0814,519.891
cant.mtx,62451,62451,4007383,coo seg,597,672,320,0.0876544,1.94707e-07,91.436,516.247
cant.mtx,62451,62451,4007383,coo seg,497,672,384,0.0847872,1.94656e-07,94.528,533.704
cant.mtx,62451,62451,4007383,coo seg,426,672,448,0.089088,1.94337e-07,89.9646,507.939
cant.mtx,62451,62451,4007383,coo seg,373,672,512,0.0920576,1.94089e-07,87.0625,491.554
cant.mtx,62451,62451,4007383,coo seg,332,672,576,0.086016,1.9404e-07,93.1776,526.08
cant.mtx,62451,62451,4007383,coo seg,299,672,640,0.0887808,1.94057e-07,90.2759,509.697
cant.mtx,62451,62451,4007383,coo seg,272,672,704,0.089088,1.93865e-07,89.9646,507.939
cant.mtx,62451,62451,4007383,coo seg,249,672,768,0.0922624,1.93828e-07,86.8693,490.463
cant.mtx,62451,62451,4007383,coo seg,230,672,832,0.0982016,1.93465e-07,81.6154,460.8
cant.mtx,62451,62451,4007383,coo seg,213,672,896,0.099328,1.93722e-07,80.6899,455.574
cant.mtx,62451,62451,4007383,coo seg,199,672,960,0.103629,1.93686e-07,77.3411,436.667
cant.mtx,62451,62451,4007383,coo seg,187,672,1024,0.10793,1.93675e-07,74.2592,419.267
cant.mtx,62451,62451,4007383,coo flat,5693,704,0,0.695706,1.84382e-07,11.5203,65.0437
cant.mtx,62451,62451,4007383,csr scalar,89,704,0,0.108134,1.33546e-07,74.1186,282.568
cant.mtx,62451,62451,4007383,csr vector,2839,704,0,0.140902,2.07705e-07,56.8817,216.854
cant.mtx,62451,62451,4007383,coo seg,2847,704,64,0.119808,1.99919e-07,66.8968,377.698
cant.mtx,62451,62451,4007383,coo seg,1424,704,128,0.105677,1.96559e-07,75.8423,428.205
cant.mtx,62451,62451,4007383,coo seg,949,704,192,0.103117,1.95635e-07,77.7251,438.835
cant.mtx,62451,62451,4007383,coo seg,712,704,256,0.102093,1.94907e-07,78.5047,443.237
cant.mtx,62451,62451,4007383,coo seg,570,704,320,0.106086,1.94707e-07,75.5494,426.551
cant.mtx,62451,62451,4007383,coo seg,475,704,384,0.10537,1.94656e-07,76.0634,429.453
cant.mtx,62451,62451,4007383,coo seg,407,704,448,0.102707,1.94337e-07,78.0351,440.585
cant.mtx,62451,62451,4007383,coo seg,356,704,512,0.107827,1.94089e-07,74.3297,419.665
cant.mtx,62451,62451,4007383,coo seg,317,704,576,0.098816,1.9404e-07,81.108,457.935
cant.mtx,62451,62451,4007383,coo seg,285,704,640,0.103322,1.94057e-07,77.5711,437.965
cant.mtx,62451,62451,4007383,coo seg,259,704,704,0.108749,1.93865e-07,73.6998,416.108
cant.mtx,62451,62451,4007383,coo seg,238,704,768,0.11561,1.93828e-07,69.3261,391.415
cant.mtx,62451,62451,4007383,coo seg,219,704,832,0.0959488,1.93465e-07,83.5317,471.619
cant.mtx,62451,62451,4007383,coo seg,204,704,896,0.100659,1.93722e-07,79.6228,449.549
cant.mtx,62451,62451,4007383,coo seg,190,704,960,0.104141,1.93686e-07,76.9609,434.52
cant.mtx,62451,62451,4007383,coo seg,178,704,1024,0.108646,1.93675e-07,73.7693,416.501
cant.mtx,62451,62451,4007383,coo flat,5445,736,0,0.694067,1.85046e-07,11.5475,65.1973
cant.mtx,62451,62451,4007383,csr scalar,85,736,0,0.114483,1.33546e-07,70.0082,266.897
cant.mtx,62451,62451,4007383,csr vector,2716,736,0,0.138035,2.07705e-07,58.0632,221.359
cant.mtx,62451,62451,4007383,coo seg,2723,736,64,0.116941,1.99893e-07,68.5369,386.959
cant.mtx,62451,62451,4007383,coo seg,1362,736,128,0.105062,1.96559e-07,76.2858,430.709
cant.mtx,62451,62451,4007383,coo seg,908,736,192,0.102502,1.95635e-07,78.191,441.466
cant.mtx,62451,62451,4007383,coo seg,681,736,256,0.102707,1.94907e-07,78.0351,440.585
cant.mtx,62451,62451,4007383,coo seg,545,736,320,0.0990208,1.94707e-07,80.9402,456.988
cant.mtx,62451,62451,4007383,coo seg,454,736,384,0.105779,1.94656e-07,75.7688,427.79
cant.mtx,62451,62451,4007383,coo seg,389,736,448,0.10199,1.94337e-07,78.5835,443.682
cant.mtx,62451,62451,4007383,coo seg,341,736,512,0.106394,1.94089e-07,75.3313,425.32
cant.mtx,62451,62451,4007383,coo seg,303,736,576,0.100352,1.9404e-07,79.8665,450.926
cant.mtx,62451,62451,4007383,coo seg,273,736,640,0.101171,1.94057e-07,79.2198,447.274
cant.mtx,62451,62451,4007383,coo seg,248,736,704,0.109261,1.93865e-07,73.3545,414.159
cant.mtx,62451,62451,4007383,coo seg,227,736,768,0.116122,1.93828e-07,69.0205,389.689
cant.mtx,62451,62451,4007383,coo seg,210,736,832,0.0969728,1.93465e-07,82.6496,466.639
cant.mtx,62451,62451,4007383,coo seg,195,736,896,0.102502,1.93722e-07,78.191,441.466
cant.mtx,62451,62451,4007383,coo seg,182,736,960,0.106394,1.93686e-07,75.3313,425.32
cant.mtx,62451,62451,4007383,coo seg,171,736,1024,0.109773,1.93675e-07,73.0123,412.227
cant.mtx,62451,62451,4007383,coo flat,5218,768,0,0.691405,1.88676e-07,11.592,65.4483
cant.mtx,62451,62451,4007383,csr scalar,82,768,0,0.121037,1.33546e-07,66.2176,252.446
cant.mtx,62451,62451,4007383,csr vector,2603,768,0,0.131994,2.07705e-07,60.7209,231.491
cant.mtx,62451,62451,4007383,coo seg,2609,768,64,0.114381,1.99928e-07,70.0709,395.62
cant.mtx,62451,62451,4007383,coo seg,1305,768,128,0.102707,1.96559e-07,78.0351,440.585
cant.mtx,62451,62451,4007383,coo seg,870,768,192,0.099328,1.95635e-07,80.6899,455.574
cant.mtx,62451,62451,4007383,coo seg,653,768,256,0.0971776,1.94907e-07,82.4754,465.656
cant.mtx,62451,62451,4007383,coo seg,522,768,320,0.0995328,1.94707e-07,80.5239,454.637
cant.mtx,62451,62451,4007383,coo seg,435,768,384,0.0958464,1.94656e-07,83.6209,472.123
cant.mtx,62451,62451,4007383,coo seg,373,768,448,0.101581,1.94337e-07,78.9004,445.471
cant.mtx,62451,62451,4007383,coo seg,327,768,512,0.0932864,1.94089e-07,85.9157,485.079
cant.mtx,62451,62451,4007383,coo seg,290,768,576,0.100762,1.9404e-07,79.5419,449.093
cant.mtx,62451,62451,4007383,coo seg,261,768,640,0.101786,1.94057e-07,78.7417,444.575
cant.mtx,62451,62451,4007383,coo seg,238,768,704,0.109568,1.93865e-07,73.1488,412.997
cant.mtx,62451,62451,4007383,coo seg,218,768,768,0.092672,1.93828e-07,86.4853,488.295
cant.mtx,62451,62451,4007383,coo seg,201,768,832,0.0979968,1.93465e-07,81.786,461.763
cant.mtx,62451,62451,4007383,coo seg,187,768,896,0.103117,1.93722e-07,77.7251,438.835
cant.mtx,62451,62451,4007383,coo seg,174,768,960,0.106803,1.93686e-07,75.0424,423.689
cant.mtx,62451,62451,4007383,coo seg,164,768,1024,0.103322,1.93675e-07,77.5711,437.965
cant.mtx,62451,62451,4007383,coo flat,5010,800,0,0.695398,1.90871e-07,11.5254,65.0725
cant.mtx,62451,62451,4007383,csr scalar,79,800,0,0.126874,1.33546e-07,63.1713,240.832
cant.mtx,62451,62451,4007383,csr vector,2499,800,0,0.134042,2.07705e-07,59.7931,227.954
cant.mtx,62451,62451,4007383,coo seg,2505,800,64,0.112026,1.99918e-07,71.5441,403.937
cant.mtx,62451,62451,4007383,coo seg,1253,800,128,0.101581,1.96559e-07,78.9004,445.471
cant.mtx,62451,62451,4007383,coo seg,835,800,192,0.097792,1.95635e-07,81.9573,462.73
cant.mtx,62451,62451,4007383,coo seg,627,800,256,0.0974848,1.94907e-07,82.2155,464.188
cant.mtx,62451,62451,4007383,coo seg,501,800,320,0.0976896,1.94707e-07,82.0432,463.215
cant.mtx,62451,62451,4007383,coo seg,418,800,384,0.096256,1.94656e-07,83.2651,470.114
cant.mtx,62451,62451,4007383,coo seg,358,800,448,0.102707,1.94337e-07,78.0351,440.585
cant.mtx,62451,62451,4007383,coo seg,314,800,512,0.0943104,1.94089e-07,84.9828,479.812
cant.mtx,62451,62451,4007383,coo seg,279,800,576,0.096256,1.9404e-07,83.2651,470.114
cant.mtx,62451,62451,4007383,coo seg,251,800,640,0.103219,1.94057e-07,77.648,438.4
cant.mtx,62451,62451,4007383,coo seg,228,800,704,0.109978,1.93865e-07,72.8763,411.459
cant.mtx,62451,62451,4007383,coo seg,209,800,768,0.094208,1.93828e-07,85.0752,480.334
cant.mtx,62451,62451,4007383,coo seg,193,800,832,0.0996352,1.93465e-07,80.4411,454.17
cant.mtx,62451,62451,4007383,coo seg,179,800,896,0.104346,1.93722e-07,76.8098,433.667
cant.mtx,62451,62451,4007383,coo seg,167,800,960,0.100659,1.93686e-07,79.6228,449.55
cant.mtx,62451,62451,4007383,coo seg,157,800,1024,0.10496,1.93675e-07,76.3602,431.129
cant.mtx,62451,62451,4007383,coo flat,4817,832,0,0.691917,1.87286e-07,11.5834,65.3999
cant.mtx,62451,62451,4007383,csr scalar,76,832,0,0.134554,1.33546e-07,59.5656,227.086
cant.mtx,62451,62451,4007383,csr vector,2402,832,0,0.131482,2.07705e-07,60.9573,232.392
cant.mtx,62451,62451,4007383,coo seg,2409,832,64,0.110592,1.99926e-07,72.4715,409.173
cant.mtx,62451,62451,4007383,coo seg,1205,832,128,0.0992256,1.96559e-07,80.7732,456.045
cant.mtx,62451,62451,4007383,coo seg,803,832,192,0.0976896,1.95635e-07,82.0432,463.215
cant.mtx,62451,62451,4007383,coo seg,603,832,256,0.0950272,1.94907e-07,84.3418,476.193
cant.mtx,62451,62451,4007383,coo seg,482,832,320,0.09728,1.94707e-07,82.3886,465.165
cant.mtx,62451,62451,4007383,coo seg,402,832,384,0.0964608,1.94656e-07,83.0883,469.116
cant.mtx,62451,62451,4007383,coo seg,345,832,448,0.101786,1.94337e-07,78.7417,444.575
cant.mtx,62451,62451,4007383,coo seg,302,832,512,0.0949248,1.94089e-07,84.4328,476.707
cant.mtx,62451,62451,4007383,coo seg,268,832,576,0.0969728,1.9404e-07,82.6496,466.639
cant.mtx,62451,62451,4007383,coo seg,241,832,640,0.103936,1.94057e-07,77.1125,435.376
cant.mtx,62451,62451,4007383,coo seg,219,832,704,0.0902144,1.93865e-07,88.8413,501.597
cant.mtx,62451,62451,4007383,coo seg,201,832,768,0.0946176,1.93828e-07,84.7069,478.254
cant.mtx,62451,62451,4007383,coo seg,186,832,832,0.100659,1.93465e-07,79.6228,449.55
cant.mtx,62451,62451,4007383,coo seg,173,832,896,0.104346,1.93722e-07,76.8098,433.667
cant.mtx,62451,62451,4007383,coo seg,161,832,960,0.101069,1.93686e-07,79.3001,447.728
cant.mtx,62451,62451,4007383,coo seg,151,832,1024,0.105165,1.93675e-07,76.2115,430.289
cant.mtx,62451,62451,4007383,coo flat,4639,864,0,0.683213,1.89228e-07,11.731,66.2331
cant.mtx,62451,62451,4007383,csr scalar,73,864,0,0.144384,1.33546e-07,55.5101,211.625
cant.mtx,62451,62451,4007383,csr vector,2313,864,0,0.126771,2.07705e-07,63.2223,241.027
cant.mtx,62451,62451,4007383,coo seg,2320,864,64,0.108237,1.99948e-07,74.0484,418.077
cant.mtx,62451,62451,4007383,coo seg,1160,864,128,0.0984064,1.96559e-07,81.4456,459.841
cant.mtx,62451,62451,4007383,coo seg,774,864,192,0.0950272,1.95635e-07,84.3418,476.193
cant.mtx,62451,62451,4007383,coo seg,580,864,256,0.095744,1.94907e-07,83.7104,472.628
cant.mtx,62451,62451,4007383,coo seg,464,864,320,0.0984064,1.94707e-07,81.4456,459.841
cant.mtx,62451,62451,4007383,coo seg,387,864,384,0.093696,1.94656e-07,85.5401,482.959
cant.mtx,62451,62451,4007383,coo seg,332,864,448,0.0910336,1.94337e-07,88.0418,497.083
cant.mtx,62451,62451,4007383,coo seg,290,864,512,0.0969728,1.94089e-07,82.6496,466.639
cant.mtx,62451,62451,4007383,coo seg,258,864,576,0.0987136,1.9404e-07,81.1921,458.41
cant.mtx,62451,62451,4007383,coo seg,232,864,640,0.104755,1.94057e-07,76.5095,431.972
cant.mtx,62451,62451,4007383,coo seg,211,864,704,0.091648,1.93865e-07,87.4516,493.751
cant.mtx,62451,62451,4007383,coo seg,194,864,768,0.0966656,1.93828e-07,82.9123,468.122
cant.mtx,62451,62451,4007383,coo seg,179,864,832,0.102502,1.93465e-07,78.191,441.466
cant.mtx,62451,62451,4007383,coo seg,166,864,896,0.0974848,1.93722e-07,82.2155,464.188
cant.mtx,62451,62451,4007383,coo seg,155,864,960,0.101786,1.93686e-07,78.7417,444.575
cant.mtx,62451,62451,4007383,coo seg,145,864,1024,0.106291,1.93675e-07,75.4039,425.729
cant.mtx,62451,62451,4007383,coo flat,4473,896,0,0.677069,1.91684e-07,11.8374,66.8341
cant.mtx,62451,62451,4007383,csr scalar,70,896,0,0.155341,1.33546e-07,51.5947,196.698
cant.mtx,62451,62451,4007383,csr vector,2231,896,0,0.125133,2.07705e-07,64.0501,244.183
cant.mtx,62451,62451,4007383,coo seg,2237,896,64,0.105984,1.99942e-07,75.6224,426.963
cant.mtx,62451,62451,4007383,coo seg,1119,896,128,0.0961536,1.96559e-07,83.3538,470.615
cant.mtx,62451,62451,4007383,coo seg,746,896,192,0.0937984,1.95635e-07,85.4467,482.431
cant.mtx,62451,62451,4007383,coo seg,560,896,256,0.0903168,1.94907e-07,88.7406,501.029
cant.mtx,62451,62451,4007383,coo seg,448,896,320,0.0898048,1.94707e-07,89.2465,503.885
cant.mtx,62451,62451,4007383,coo seg,373,896,384,0.0935936,1.94656e-07,85.6337,483.487
cant.mtx,62451,62451,4007383,coo seg,320,896,448,0.0908288,1.94337e-07,88.2404,498.204
cant.mtx,62451,62451,4007383,coo seg,280,896,512,0.0908288,1.94089e-07,88.2404,498.204
cant.mtx,62451,62451,4007383,coo seg,249,896,576,0.0994304,1.9404e-07,80.6068,455.105
cant.mtx,62451,62451,4007383,coo seg,224,896,640,0.0863232,1.94057e-07,92.846,524.208
cant.mtx,62451,62451,4007383,coo seg,204,896,704,0.0920576,1.93865e-07,87.0625,491.554
cant.mtx,62451,62451,4007383,coo seg,187,896,768,0.096768,1.93828e-07,82.8245,467.627
cant.mtx,62451,62451,4007383,coo seg,173,896,832,0.102605,1.93465e-07,78.113,441.025
cant.mtx,62451,62451,4007383,coo seg,160,896,896,0.097792,1.93722e-07,81.9573,462.73
cant.mtx,62451,62451,4007383,coo seg,150,896,960,0.102502,1.93686e-07,78.191,441.466
cant.mtx,62451,62451,4007383,coo seg,140,896,1024,0.107315,1.93675e-07,74.6843,421.667
cant.mtx,62451,62451,4007383,coo flat,4319,928,0,0.667955,1.97798e-07,11.999,67.746
cant.mtx,62451,62451,4007383,csr scalar,68,928,0,0.161587,1.33546e-07,49.6003,189.095
cant.mtx,62451,62451,4007383,csr vector,2154,928,0,0.124518,2.07705e-07,64.3661,245.388
cant.mtx,62451,62451,4007383,coo seg,2160,928,64,0.104346,1.9994e-07,76.8098,433.667
cant.mtx,62451,62451,4007383,coo seg,1080,928,128,0.095744,1.96559e-07,83.7104,472.628
cant.mtx,62451,62451,4007383,coo seg,720,928,192,0.0927744,1.95635e-07,86.3898,487.756
cant.mtx,62451,62451,4007383,coo seg,540,928,256,0.0908288,1.94907e-07,88.2404,498.204
cant.mtx,62451,62451,4007383,coo seg,432,928,320,0.0913408,1.94707e-07,87.7457,495.412
cant.mtx,62451,62451,4007383,coo seg,360,928,384,0.0946176,1.94656e-07,84.7069,478.254
cant.mtx,62451,62451,4007383,coo seg,309,928,448,0.0922624,1.94337e-07,86.8693,490.463
cant.mtx,62451,62451,4007383,coo seg,270,928,512,0.0920576,1.94089e-07,87.0625,491.554
cant.mtx,62451,62451,4007383,coo seg,240,928,576,0.100864,1.9404e-07,79.4611,448.637
cant.mtx,62451,62451,4007383,coo seg,216,928,640,0.087552,1.94057e-07,91.5429,516.85
cant.mtx,62451,62451,4007383,coo seg,197,928,704,0.093696,1.93865e-07,85.5401,482.959
cant.mtx,62451,62451,4007383,coo seg,180,928,768,0.0985088,1.93828e-07,81.3609,459.363
cant.mtx,62451,62451,4007383,coo seg,167,928,832,0.094208,1.93465e-07,85.0752,480.334
cant.mtx,62451,62451,4007383,coo seg,155,928,896,0.099328,1.93722e-07,80.6899,455.574
cant.mtx,62451,62451,4007383,coo seg,144,928,960,0.104038,1.93686e-07,77.0366,434.948
cant.mtx,62451,62451,4007383,coo seg,135,928,1024,0.108544,1.93675e-07,73.8389,416.894
cant.mtx,62451,62451,4007383,coo flat,4175,960,0,0.656794,1.96788e-07,12.2029,68.8973
cant.mtx,62451,62451,4007383,csr scalar,66,960,0,0.168448,1.33546e-07,47.5801,181.393
cant.mtx,62451,62451,4007383,csr vector,2082,960,0,0.121856,2.07705e-07,65.7724,250.749
cant.mtx,62451,62451,4007383,coo seg,2088,960,64,0.102912,1.99905e-07,77.8798,439.709
cant.mtx,62451,62451,4007383,coo seg,1044,960,128,0.0939008,1.96559e-07,85.3535,481.905
cant.mtx,62451,62451,4007383,coo seg,696,960,192,0.0927744,1.95635e-07,86.3898,487.756
cant.mtx,62451,62451,4007383,coo seg,522,960,256,0.0909312,1.94907e-07,88.141,497.643
cant.mtx,62451,62451,4007383,coo seg,418,960,320,0.090624,1.94707e-07,88.4398,499.33
cant.mtx,62451,62451,4007383,coo seg,348,960,384,0.0949248,1.94656e-07,84.4328,476.707
cant.mtx,62451,62451,4007383,coo seg,299,960,448,0.0925696,1.94337e-07,86.581,488.835
cant.mtx,62451,62451,4007383,coo seg,261,960,512,0.0928768,1.94089e-07,86.2946,487.219
cant.mtx,62451,62451,4007383,coo seg,232,960,576,0.101786,1.9404e-07,78.7417,444.575
cant.mtx,62451,62451,4007383,coo seg,209,960,640,0.0881664,1.94057e-07,90.905,513.249
cant.mtx,62451,62451,4007383,coo seg,190,960,704,0.09472,1.93865e-07,84.6153,477.737
cant.mtx,62451,62451,4007383,coo seg,174,960,768,0.0994304,1.93828e-07,80.6068,455.105
cant.mtx,62451,62451,4007383,coo seg,161,960,832,0.0946176,1.93465e-07,84.7069,478.254
cant.mtx,62451,62451,4007383,coo seg,150,960,896,0.100352,1.93722e-07,79.8665,450.926
cant.mtx,62451,62451,4007383,coo seg,140,960,960,0.10537,1.93686e-07,76.0634,429.453
cant.mtx,62451,62451,4007383,coo seg,131,960,1024,0.109773,1.93675e-07,73.0123,412.227
cant.mtx,62451,62451,4007383,coo flat,4040,992,0,0.648499,1.97838e-07,12.3589,69.7785
cant.mtx,62451,62451,4007383,csr scalar,63,992,0,0.178176,1.33546e-07,44.9823,171.489
cant.mtx,62451,62451,4007383,csr vector,2015,992,0,0.120627,2.07705e-07,66.4424,253.303
cant.mtx,62451,62451,4007383,coo seg,2020,992,64,0.101171,1.99918e-07,79.2198,447.274
cant.mtx,62451,62451,4007383,coo seg,1010,992,128,0.093184,1.96559e-07,86.0101,485.612
cant.mtx,62451,62451,4007383,coo seg,674,992,192,0.0917504,1.95635e-07,87.354,493.2
cant.mtx,62451,62451,4007383,coo seg,505,992,256,0.090624,1.94907e-07,88.4398,499.33
cant.mtx,62451,62451,4007383,coo seg,404,992,320,0.0937984,1.94707e-07,85.4467,482.431
cant.mtx,62451,62451,4007383,coo seg,337,992,384,0.094208,1.94656e-07,85.0752,480.334
cant.mtx,62451,62451,4007383,coo seg,289,992,448,0.0937984,1.94337e-07,85.4467,482.431
cant.mtx,62451,62451,4007383,coo seg,253,992,512,0.0929792,1.94089e-07,86.1996,486.682
cant.mtx,62451,62451,4007383,coo seg,225,992,576,0.0992256,1.9404e-07,80.7732,456.045
cant.mtx,62451,62451,4007383,coo seg,202,992,640,0.0898048,1.94057e-07,89.2465,503.885
cant.mtx,62451,62451,4007383,coo seg,184,992,704,0.096256,1.93865e-07,83.2651,470.114
cant.mtx,62451,62451,4007383,coo seg,169,992,768,0.094208,1.93828e-07,85.0752,480.334
cant.mtx,62451,62451,4007383,coo seg,156,992,832,0.095744,1.93465e-07,83.7104,472.628
cant.mtx,62451,62451,4007383,coo seg,145,992,896,0.101274,1.93722e-07,79.1397,446.822
cant.mtx,62451,62451,4007383,coo seg,135,992,960,0.106701,1.93686e-07,75.1144,424.095
cant.mtx,62451,62451,4007383,coo seg,127,992,1024,0.110694,1.93675e-07,72.4044,408.795
cant.mtx,62451,62451,4007383,coo flat,3914,1024,0,0.636109,1.97271e-07,12.5997,71.1377
cant.mtx,62451,62451,4007383,csr scalar,61,1024,0,0.167731,1.33546e-07,47.7834,182.168
cant.mtx,62451,62451,4007383,csr vector,1952,1024,0,0.117043,2.07705e-07,68.477,261.06
cant.mtx,62451,62451,4007383,coo seg,1957,1024,64,0.10025,1.99931e-07,79.9481,451.386
cant.mtx,62451,62451,4007383,coo seg,979,1024,128,0.0912384,1.96559e-07,87.8442,495.968
cant.mtx,62451,62451,4007383,coo seg,653,1024,192,0.0894976,1.95635e-07,89.5529,505.615
cant.mtx,62451,62451,4007383,coo seg,490,1024,256,0.0882688,1.94907e-07,90.7995,512.653
cant.mtx,62451,62451,4007383,coo seg,392,1024,320,0.0882688,1.94707e-07,90.7995,512.653
cant.mtx,62451,62451,4007383,coo seg,327,1024,384,0.0858112,1.94656e-07,93.4,527.336
cant.mtx,62451,62451,4007383,coo seg,280,1024,448,0.0879616,1.94337e-07,91.1167,514.444
cant.mtx,62451,62451,4007383,coo seg,245,1024,512,0.0934912,1.94089e-07,85.7275,484.017
cant.mtx,62451,62451,4007383,coo seg,218,1024,576,0.0858112,1.9404e-07,93.4,527.336
cant.mtx,62451,62451,4007383,coo seg,196,1024,640,0.0905216,1.94057e-07,88.5398,499.895
cant.mtx,62451,62451,4007383,coo seg,178,1024,704,0.0968704,1.93865e-07,82.737,467.132
cant.mtx,62451,62451,4007383,coo seg,164,1024,768,0.0905216,1.93828e-07,88.5398,499.895
cant.mtx,62451,62451,4007383,coo seg,151,1024,832,0.0960512,1.93465e-07,83.4426,471.116
cant.mtx,62451,62451,4007383,coo seg,140,1024,896,0.102195,1.93722e-07,78.4261,442.793
cant.mtx,62451,62451,4007383,coo seg,131,1024,960,0.107315,1.93686e-07,74.6843,421.667
cant.mtx,62451,62451,4007383,coo seg,123,1024,1024,0.111616,1.93675e-07,71.8066,405.419
cant.mtx,62451,62451,4007383,CuSparse,0,0,0,0.0621568,2.03188e-07,128.944,491.584
consph.mtx,83334,83334,6010480,coo flat,187828,32,0,1.29495,4.75158e-07,9.28295,52.352
consph.mtx,83334,83334,6010480,csr scalar,2605,32,0,0.139264,2.29764e-07,86.3178,328.246
consph.mtx,83334,83334,6010480,csr vector,83334,32,0,0.342221,4.54248e-07,35.1263,133.577
consph.mtx,83334,83334,6010480,coo seg,93914,32,64,0.224768,4.88131e-07,53.4816,301.614
consph.mtx,83334,83334,6010480,coo seg,46957,32,128,0.197734,4.85317e-07,60.7935,342.85
consph.mtx,83334,83334,6010480,coo seg,31305,32,192,0.187802,4.86071e-07,64.0088,360.983
consph.mtx,83334,83334,6010480,coo seg,23479,32,256,0.184422,4.83782e-07,65.1817,367.598
consph.mtx,83334,83334,6010480,coo seg,18783,32,320,0.182886,4.84072e-07,65.7291,370.685
consph.mtx,83334,83334,6010480,coo seg,15653,32,384,0.180224,4.84135e-07,66.7001,376.161
consph.mtx,83334,83334,6010480,coo seg,13417,32,448,0.182374,4.83294e-07,65.9136,371.726
consph.mtx,83334,83334,6010480,coo seg,11740,32,512,0.182067,4.83407e-07,66.0249,372.353
consph.mtx,83334,83334,6010480,coo seg,10435,32,576,0.178278,4.8382e-07,67.428,380.266
consph.mtx,83334,83334,6010480,coo seg,9392,32,640,0.187597,4.83173e-07,64.0787,361.377
consph.mtx,83334,83334,6010480,coo seg,8538,32,704,0.180838,4.83372e-07,66.4735,374.883
consph.mtx,83334,83334,6010480,coo seg,7827,32,768,0.18985,4.83465e-07,63.3183,357.089
consph.mtx,83334,83334,6010480,coo seg,7225,32,832,0.19456,4.84161e-07,61.7854,348.444
consph.mtx,83334,83334,6010480,coo seg,6709,32,896,0.182374,4.82904e-07,65.9136,371.726
consph.mtx,83334,83334,6010480,coo seg,6261,32,960,0.191181,4.83464e-07,62.8774,354.603
consph.mtx,83334,83334,6010480,coo seg,5870,32,1024,0.197222,4.8346e-07,60.9513,343.74
consph.mtx,83334,83334,6010480,coo flat,93914,64,0,0.946381,4.60376e-07,12.702,71.6342
consph.mtx,83334,83334,6010480,csr scalar,1303,64,0,0.151347,2.29764e-07,79.4264,302.04
consph.mtx,83334,83334,6010480,csr vector,41667,64,0,0.180736,4.54248e-07,66.5112,252.926
consph.mtx,83334,83334,6010480,coo seg,46957,64,64,0.144998,4.88099e-07,82.9041,467.545
consph.mtx,83334,83334,6010480,coo seg,23479,64,128,0.126464,4.85317e-07,95.0544,536.067
consph.mtx,83334,83334,6010480,coo seg,15653,64,192,0.123802,4.86071e-07,97.0986,547.596
consph.mtx,83334,83334,6010480,coo seg,11740,64,256,0.124006,4.83782e-07,96.9382,546.691
consph.mtx,83334,83334,6010480,coo seg,9392,64,320,0.126976,4.84072e-07,94.6711,533.906
consph.mtx,83334,83334,6010480,coo seg,7827,64,384,0.12759,4.84135e-07,94.2152,531.335
consph.mtx,83334,83334,6010480,coo seg,6709,64,448,0.125747,4.83294e-07,95.5962,539.123
consph.mtx,83334,83334,6010480,coo seg,5870,64,512,0.130253,4.83407e-07,92.2895,520.474
consph.mtx,83334,83334,6010480,coo seg,5218,64,576,0.126464,4.8382e-07,95.0544,536.067
consph.mtx,83334,83334,6010480,coo seg,4696,64,640,0.129638,4.83173e-07,92.7268,522.941
consph.mtx,83334,83334,6010480,coo seg,4269,64,704,0.135885,4.83372e-07,88.4643,498.902
consph.mtx,83334,83334,6010480,coo seg,3914,64,768,0.139264,4.83465e-07,86.3178,486.797
consph.mtx,83334,83334,6010480,coo seg,3613,64,832,0.141926,4.84161e-07,84.6985,477.665
consph.mtx,83334,83334,6010480,coo seg,3355,64,896,0.129024,4.82904e-07,93.1684,525.431
consph.mtx,83334,83334,6010480,coo seg,3131,64,960,0.132301,4.83464e-07,90.8608,512.417
consph.mtx,83334,83334,6010480,coo seg,2935,64,1024,0.133939,4.8346e-07,89.7494,506.149
consph.mtx,83334,83334,6010480,coo flat,62610,96,0,0.95785,4.4216e-07,12.5499,70.7765
consph.mtx,83334,83334,6010480,csr scalar,869,96,0,0.147763,2.29764e-07,81.3529,309.366
consph.mtx,83334,83334,6010480,csr vector,27778,96,0,0.168038,4.54248e-07,71.537,272.038
consph.mtx,83334,83334,6010480,coo seg,31305,96,64,0.14295,4.8813e-07,84.0918,474.243
consph.mtx,83334,83334,6010480,coo seg,15653,96,128,0.12503,4.85317e-07,96.1443,542.214
consph.mtx,83334,83334,6010480,coo seg,10435,96,192,0.122573,4.86071e-07,98.072,553.086
consph.mtx,83334,83334,6010480,coo seg,7827,96,256,0.122266,4.83782e-07,98.3184,554.475
consph.mtx,83334,83334,6010480,coo seg,6261,96,320,0.125338,4.84072e-07,95.9087,540.885
consph.mtx,83334,83334,6010480,coo seg,5218,96,384,0.123597,4.84135e-07,97.2595,548.503
consph.mtx,83334,83334,6010480,coo seg,4473,96,448,0.123597,4.83294e-07,97.2595,548.503
consph.mtx,83334,83334,6010480,coo seg,3914,96,512,0.126771,4.83407e-07,94.8241,534.768
consph.mtx,83334,83334,6010480,coo seg,3479,96,576,0.12585,4.8382e-07,95.5185,538.685
consph.mtx,83334,83334,6010480,coo seg,3131,96,640,0.126464,4.83173e-07,95.0544,536.067
consph.mtx,83334,83334,6010480,coo seg,2846,96,704,0.131277,4.83372e-07,91.5696,516.414
consph.mtx,83334,83334,6010480,coo seg,2609,96,768,0.134963,4.83465e-07,89.0684,502.309
consph.mtx,83334,83334,6010480,coo seg,2409,96,832,0.141312,4.84161e-07,85.0668,479.742
consph.mtx,83334,83334,6010480,coo seg,2237,96,896,0.126976,4.82904e-07,94.6711,533.906
consph.mtx,83334,83334,6010480,coo seg,2087,96,960,0.128819,4.83464e-07,93.3165,526.267
consph.mtx,83334,83334,6010480,coo seg,1957,96,1024,0.130458,4.8346e-07,92.1446,519.657
consph.mtx,83334,83334,6010480,coo flat,46957,128,0,0.956928,4.45928e-07,12.562,70.8447
consph.mtx,83334,83334,6010480,csr scalar,652,128,0,0.15104,2.29764e-07,79.5879,302.654
consph.mtx,83334,83334,6010480,csr vector,20834,128,0,0.160666,4.54248e-07,74.8198,284.522
consph.mtx,83334,83334,6010480,coo seg,23479,128,64,0.138547,4.88105e-07,86.7644,489.315
consph.mtx,83334,83334,6010480,coo seg,11740,128,128,0.12503,4.85317e-07,96.1443,542.214
consph.mtx,83334,83334,6010480,coo seg,7827,128,192,0.12288,4.86071e-07,97.8268,551.703
consph.mtx,83334,83334,6010480,coo seg,5870,128,256,0.121856,4.83782e-07,98.6489,556.339
consph.mtx,83334,83334,6010480,coo seg,4696,128,320,0.124928,4.84072e-07,96.2231,542.658
consph.mtx,83334,83334,6010480,coo seg,3914,128,384,0.123085,4.84135e-07,97.664,550.785
consph.mtx,83334,83334,6010480,coo seg,3355,128,448,0.122675,4.83294e-07,97.9902,552.624
consph.mtx,83334,83334,6010480,coo seg,2935,128,512,0.12585,4.83407e-07,95.5185,538.685
consph.mtx,83334,83334,6010480,coo seg,2609,128,576,0.124314,4.8382e-07,96.6987,545.341
consph.mtx,83334,83334,6010480,coo seg,2348,128,640,0.125338,4.83173e-07,95.9087,540.885
consph.mtx,83334,83334,6010480,coo seg,2135,128,704,0.131891,4.83372e-07,91.143,514.009
consph.mtx,83334,83334,6010480,coo seg,1957,128,768,0.134554,4.83465e-07,89.3396,503.838
consph.mtx,83334,83334,6010480,coo seg,1807,128,832,0.14039,4.84161e-07,85.6252,482.891
consph.mtx,83334,83334,6010480,coo seg,1678,128,896,0.12585,4.82904e-07,95.5185,538.685
consph.mtx,83334,83334,6010480,coo seg,1566,128,960,0.12759,4.83464e-07,94.2152,531.335
consph.mtx,83334,83334,6010480,coo seg,1468,128,1024,0.129229,4.8346e-07,93.0207,524.598
consph.mtx,83334,83334,6010480,coo flat,37566,160,0,0.99328,4.55986e-07,12.1023,68.2519
consph.mtx,83334,83334,6010480,csr scalar,521,160,0,0.154522,2.29764e-07,77.7947,295.835
consph.mtx,83334,83334,6010480,csr vector,16667,160,0,0.168858,4.54248e-07,71.1899,270.719
consph.mtx,83334,83334,6010480,coo seg,18783,160,64,0.139366,4.88165e-07,86.2544,486.439
consph.mtx,83334,83334,6010480,coo seg,9392,160,128,0.126874,4.85317e-07,94.7475,534.337
consph.mtx,83334,83334,6010480,coo seg,6261,160,192,0.123904,4.86071e-07,97.0183,547.143
consph.mtx,83334,83334,6010480,coo seg,4696,160,256,0.123802,4.83782e-07,97.0986,547.596
consph.mtx,83334,83334,6010480,coo seg,3757,160,320,0.12503,4.84072e-07,96.1443,542.214
consph.mtx,83334,83334,6010480,coo seg,3131,160,384,0.123085,4.84135e-07,97.664,550.785
consph.mtx,83334,83334,6010480,coo seg,2684,160,448,0.123802,4.83294e-07,97.0986,547.596
consph.mtx,83334,83334,6010480,coo seg,2348,160,512,0.124314,4.83407e-07,96.6987,545.341
consph.mtx,83334,83334,6010480,coo seg,2087,160,576,0.133632,4.8382e-07,89.9557,507.313
consph.mtx,83334,83334,6010480,coo seg,1879,160,640,0.125747,4.83173e-07,95.5962,539.123
consph.mtx,83334,83334,6010480,coo seg,1708,160,704,0.130253,4.83372e-07,92.2894,520.474
consph.mtx,83334,83334,6010480,coo seg,1566,160,768,0.133222,4.83465e-07,90.2323,508.873
consph.mtx,83334,83334,6010480,coo seg,1445,160,832,0.14121,4.84161e-07,85.1285,480.089
consph.mtx,83334,83334,6010480,coo seg,1342,160,896,0.125542,4.82904e-07,95.7522,540.003
consph.mtx,83334,83334,6010480,coo seg,1253,160,960,0.127795,4.83464e-07,94.0642,530.483
consph.mtx,83334,83334,6010480,coo seg,1174,160,1024,0.129946,4.8346e-07,92.5076,521.705
consph.mtx,83334,83334,6010480,coo flat,31305,192,0,1.00823,4.4814e-07,11.9228,67.2398
consph.mtx,83334,83334,6010480,csr scalar,435,192,0,0.154214,2.29764e-07,77.9497,296.424
consph.mtx,83334,83334,6010480,csr vector,13889,192,0,0.164352,4.54248e-07,73.1416,278.14
consph.mtx,83334,83334,6010480,coo seg,15653,192,64,0.13865,4.88121e-07,86.7003,488.954
consph.mtx,83334,83334,6010480,coo seg,7827,192,128,0.126669,4.85317e-07,94.9007,535.201
consph.mtx,83334,83334,6010480,coo seg,5218,192,192,0.124006,4.86071e-07,96.9382,546.691
consph.mtx,83334,83334,6010480,coo seg,3914,192,256,0.123802,4.83782e-07,97.0986,547.596
consph.mtx,83334,83334,6010480,coo seg,3131,192,320,0.125338,4.84072e-07,95.9087,540.885
consph.mtx,83334,83334,6010480,coo seg,2609,192,384,0.123392,4.84135e-07,97.4209,549.414
consph.mtx,83334,83334,6010480,coo seg,2237,192,448,0.123494,4.83294e-07,97.3401,548.958
consph.mtx,83334,83334,6010480,coo seg,1957,192,512,0.124109,4.83407e-07,96.8582,546.24
consph.mtx,83334,83334,6010480,coo seg,1740,192,576,0.13312,4.8382e-07,90.3017,509.264
consph.mtx,83334,83334,6010480,coo seg,1566,192,640,0.124826,4.83173e-07,96.302,543.104
consph.mtx,83334,83334,6010480,coo seg,1423,192,704,0.129229,4.83372e-07,93.0207,524.598
consph.mtx,83334,83334,6010480,coo seg,1305,192,768,0.133325,4.83465e-07,90.163,508.482
consph.mtx,83334,83334,6010480,coo seg,1205,192,832,0.141312,4.84161e-07,85.0668,479.742
consph.mtx,83334,83334,6010480,coo seg,1119,192,896,0.12544,4.82904e-07,95.8304,540.444
consph.mtx,83334,83334,6010480,coo seg,1044,192,960,0.127795,4.83464e-07,94.0642,530.483
consph.mtx,83334,83334,6010480,coo seg,979,192,1024,0.128717,4.8346e-07,93.3907,526.685
consph.mtx,83334,83334,6010480,coo flat,26833,224,0,1.00024,4.53716e-07,12.018,67.7768
consph.mtx,83334,83334,6010480,csr scalar,373,224,0,0.156365,2.29764e-07,76.8777,292.348
consph.mtx,83334,83334,6010480,csr vector,11905,224,0,0.164966,4.54248e-07,72.8691,277.104
consph.mtx,83334,83334,6010480,coo seg,13417,224,64,0.138957,4.8812e-07,86.5086,487.873
consph.mtx,83334,83334,6010480,coo seg,6709,224,128,0.126054,4.85317e-07,95.3633,537.809
consph.mtx,83334,83334,6010480,coo seg,4473,224,192,0.123392,4.86071e-07,97.4209,549.414
consph.mtx,83334,83334,6010480,coo seg,3355,224,256,0.121856,4.83782e-07,98.6489,556.339
consph.mtx,83334,83334,6010480,coo seg,2684,224,320,0.124826,4.84072e-07,96.302,543.104
consph.mtx,83334,83334,6010480,coo seg,2237,224,384,0.122368,4.84135e-07,98.2361,554.011
consph.mtx,83334,83334,6010480,coo seg,1917,224,448,0.122163,4.83294e-07,98.4008,554.94
consph.mtx,83334,83334,6010480,coo seg,1678,224,512,0.125133,4.83407e-07,96.0656,541.77
consph.mtx,83334,83334,6010480,coo seg,1491,224,576,0.123904,4.8382e-07,97.0183,547.143
consph.mtx,83334,83334,6010480,coo seg,1342,224,640,0.124109,4.83173e-07,96.8583,546.24
consph.mtx,83334,83334,6010480,coo seg,1220,224,704,0.131482,4.83372e-07,91.4269,515.61
consph.mtx,83334,83334,6010480,coo seg,1119,224,768,0.134349,4.83465e-07,89.4758,504.606
consph.mtx,83334,83334,6010480,coo seg,1033,224,832,0.141414,4.84161e-07,85.0052,479.394
consph.mtx,83334,83334,6010480,coo seg,959,224,896,0.126874,4.82904e-07,94.7475,534.337
consph.mtx,83334,83334,6010480,coo seg,895,224,960,0.12841,4.83464e-07,93.6142,527.945
consph.mtx,83334,83334,6010480,coo seg,839,224,1024,0.129024,4.8346e-07,93.1684,525.431
consph.mtx,83334,83334,6010480,coo flat,23479,256,0,1.00301,4.51971e-07,11.9849,67.5899
consph.mtx,83334,83334,6010480,csr scalar,326,256,0,0.153293,2.29764e-07,78.4183,298.206
consph.mtx,83334,83334,6010480,csr vector,10417,256,0,0.151245,4.54248e-07,79.4801,302.244
consph.mtx,83334,83334,6010480,coo seg,11740,256,64,0.137728,4.88082e-07,87.2804,492.226
consph.mtx,83334,83334,6010480,coo seg,5870,256,128,0.125542,4.85317e-07,95.7522,540.003
consph.mtx,83334,83334,6010480,coo seg,3914,256,192,0.123187,4.86071e-07,97.5829,550.327
consph.mtx,83334,83334,6010480,coo seg,2935,256,256,0.121856,4.83782e-07,98.6489,556.339
consph.mtx,83334,83334,6010480,coo seg,2348,256,320,0.124928,4.84072e-07,96.2231,542.658
consph.mtx,83334,83334,6010480,coo seg,1957,256,384,0.12247,4.84135e-07,98.154,553.548
consph.mtx,83334,83334,6010480,coo seg,1678,256,448,0.121754,4.83294e-07,98.7319,556.807
consph.mtx,83334,83334,6010480,coo seg,1468,256,512,0.12544,4.83407e-07,95.8304,540.444
consph.mtx,83334,83334,6010480,coo seg,1305,256,576,0.123802,4.8382e-07,97.0986,547.596
consph.mtx,83334,83334,6010480,coo seg,1174,256,640,0.124621,4.83173e-07,96.4603,543.996
consph.mtx,83334,83334,6010480,coo seg,1068,256,704,0.132301,4.83372e-07,90.8608,512.417
consph.mtx,83334,83334,6010480,coo seg,979,256,768,0.134554,4.83465e-07,89.3396,503.838
consph.mtx,83334,83334,6010480,coo seg,904,256,832,0.140493,4.84161e-07,85.5628,482.539
consph.mtx,83334,83334,6010480,coo seg,839,256,896,0.125133,4.82904e-07,96.0656,541.77
consph.mtx,83334,83334,6010480,coo seg,783,256,960,0.127386,4.83464e-07,94.3667,532.189
consph.mtx,83334,83334,6010480,coo seg,734,256,1024,0.128512,4.8346e-07,93.5396,527.525
consph.mtx,83334,83334,6010480,coo flat,20870,288,0,1.01683,4.61717e-07,11.822,66.671
consph.mtx,83334,83334,6010480,csr scalar,290,288,0,0.161485,2.29764e-07,74.4402,283.079
consph.mtx,83334,83334,6010480,csr vector,9260,288,0,0.162611,4.54248e-07,73.9246,281.118
consph.mtx,83334,83334,6010480,coo seg,10435,288,64,0.139162,4.88119e-07,86.3813,487.155
consph.mtx,83334,83334,6010480,coo seg,5218,288,128,0.126157,4.85317e-07,95.2859,537.373
consph.mtx,83334,83334,6010480,coo seg,3479,288,192,0.124006,4.86071e-07,96.9382,546.691
consph.mtx,83334,83334,6010480,coo seg,2609,288,256,0.122163,4.83782e-07,98.4008,554.94
consph.mtx,83334,83334,6010480,coo seg,2087,288,320,0.125133,4.84072e-07,96.0656,541.77
consph.mtx,83334,83334,6010480,coo seg,1740,288,384,0.12247,4.84135e-07,98.154,553.548
consph.mtx,83334,83334,6010480,coo seg,1491,288,448,0.122266,4.83294e-07,98.3184,554.475
consph.mtx,83334,83334,6010480,coo seg,1305,288,512,0.125235,4.83407e-07,95.9871,541.327
consph.mtx,83334,83334,6010480,coo seg,1160,288,576,0.123699,4.8382e-07,97.179,548.049
consph.mtx,83334,83334,6010480,coo seg,1044,288,640,0.12544,4.83173e-07,95.8304,540.444
consph.mtx,83334,83334,6010480,coo seg,949,288,704,0.130765,4.83372e-07,91.9281,518.436
consph.mtx,83334,83334,6010480,coo seg,870,288,768,0.134042,4.83465e-07,89.6808,505.763
consph.mtx,83334,83334,6010480,coo seg,803,288,832,0.141414,4.84161e-07,85.0052,479.394
consph.mtx,83334,83334,6010480,coo seg,746,288,896,0.125645,4.82904e-07,95.6742,539.563
consph.mtx,83334,83334,6010480,coo seg,696,288,960,0.127386,4.83464e-07,94.3667,532.189
consph.mtx,83334,83334,6010480,coo seg,653,288,1024,0.128512,4.8346e-07,93.5396,527.525
consph.mtx,83334,83334,6010480,coo flat,18783,320,0,1.03363,4.54519e-07,11.6299,65.5878
consph.mtx,83334,83334,6010480,csr scalar,261,320,0,0.157184,2.29764e-07,76.477,290.824
consph.mtx,83334,83334,6010480,csr vector,8334,320,0,0.167834,4.54248e-07,71.6243,272.37
consph.mtx,83334,83334,6010480,coo seg,9392,320,64,0.141824,4.88104e-07,84.7597,478.01
consph.mtx,83334,83334,6010480,coo seg,4696,320,128,0.129229,4.85317e-07,93.0207,524.598
consph.mtx,83334,83334,6010480,coo seg,3131,320,192,0.125235,4.86071e-07,95.9871,541.327
consph.mtx,83334,83334,6010480,coo seg,2348,320,256,0.124826,4.83782e-07,96.302,543.104
consph.mtx,83334,83334,6010480,coo seg,1879,320,320,0.125952,4.84072e-07,95.4408,538.247
consph.mtx,83334,83334,6010480,coo seg,1566,320,384,0.124314,4.84135e-07,96.6987,545.341
consph.mtx,83334,83334,6010480,coo seg,1342,320,448,0.123597,4.83294e-07,97.2595,548.503
consph.mtx,83334,83334,6010480,coo seg,1174,320,512,0.124518,4.83407e-07,96.5396,544.443
consph.mtx,83334,83334,6010480,coo seg,1044,320,576,0.135373,4.8382e-07,88.7989,500.789
consph.mtx,83334,83334,6010480,coo seg,940,320,640,0.126259,4.83173e-07,95.2086,536.937
consph.mtx,83334,83334,6010480,coo seg,854,320,704,0.129536,4.83372e-07,92.8001,523.354
consph.mtx,83334,83334,6010480,coo seg,783,320,768,0.133222,4.83465e-07,90.2323,508.873
consph.mtx,83334,83334,6010480,coo seg,723,320,832,0.143155,4.84161e-07,83.9715,473.565
consph.mtx,83334,83334,6010480,coo seg,671,320,896,0.12503,4.82904e-07,96.1443,542.214
consph.mtx,83334,83334,6010480,coo seg,627,320,960,0.127795,4.83464e-07,94.0642,530.483
consph.mtx,83334,83334,6010480,coo seg,587,320,1024,0.129024,4.8346e-07,93.1684,525.431
consph.mtx,83334,83334,6010480,coo flat,17076,352,0,1.05708,4.50763e-07,11.3719,64.1328
consph.mtx,83334,83334,6010480,csr scalar,237,352,0,0.17152,2.29764e-07,70.0849,266.516
consph.mtx,83334,83334,6010480,csr vector,7576,352,0,0.17449,4.54248e-07,68.8921,261.981
consph.mtx,83334,83334,6010480,coo seg,8538,352,64,0.148582,4.88104e-07,80.9043,456.267
consph.mtx,83334,83334,6010480,coo seg,4269,352,128,0.132608,4.85317e-07,90.6503,511.23
consph.mtx,83334,83334,6010480,coo seg,2846,352,192,0.129741,4.86071e-07,92.6536,522.528
consph.mtx,83334,83334,6010480,coo seg,2135,352,256,0.127386,4.83782e-07,94.3667,532.189
consph.mtx,83334,83334,6010480,coo seg,1708,352,320,0.13312,4.84072e-07,90.3017,509.264
consph.mtx,83334,83334,6010480,coo seg,1423,352,384,0.131482,4.84135e-07,91.4269,515.61
consph.mtx,83334,83334,6010480,coo seg,1220,352,448,0.13056,4.83294e-07,92.0723,519.25
consph.mtx,83334,83334,6010480,coo seg,1068,352,512,0.126157,4.83407e-07,95.2859,537.373
consph.mtx,83334,83334,6010480,coo seg,949,352,576,0.132403,4.8382e-07,90.7906,512.021
consph.mtx,83334,83334,6010480,coo seg,854,352,640,0.140288,4.83173e-07,85.6877,483.243
consph.mtx,83334,83334,6010480,coo seg,777,352,704,0.129741,4.83372e-07,92.6537,522.528
consph.mtx,83334,83334,6010480,coo seg,712,352,768,0.132506,4.83465e-07,90.7204,511.625
consph.mtx,83334,83334,6010480,coo seg,657,352,832,0.139571,4.84161e-07,86.1278,485.725
consph.mtx,83334,83334,6010480,coo seg,610,352,896,0.147968,4.82904e-07,81.2403,458.161
consph.mtx,83334,83334,6010480,coo seg,570,352,960,0.153293,4.83464e-07,78.4183,442.247
consph.mtx,83334,83334,6010480,coo seg,534,352,1024,0.129331,4.8346e-07,92.9471,524.183
consph.mtx,83334,83334,6010480,coo flat,15653,384,0,1.05103,4.50685e-07,11.4373,64.5015
consph.mtx,83334,83334,6010480,csr scalar,218,384,0,0.160154,2.29764e-07,75.0589,285.432
consph.mtx,83334,83334,6010480,csr vector,6945,384,0,0.164966,4.54248e-07,72.8691,277.104
consph.mtx,83334,83334,6010480,coo seg,7827,384,64,0.142438,4.88145e-07,84.3941,475.948
consph.mtx,83334,83334,6010480,coo seg,3914,384,128,0.129126,4.85317e-07,93.0945,525.014
consph.mtx,83334,83334,6010480,coo seg,2609,384,192,0.12544,4.86071e-07,95.8304,540.444
consph.mtx,83334,83334,6010480,coo seg,1957,384,256,0.124621,4.83782e-07,96.4603,543.996
consph.mtx,83334,83334,6010480,coo seg,1566,384,320,0.126566,4.84072e-07,94.9775,535.634
consph.mtx,83334,83334,6010480,coo seg,1305,384,384,0.124518,4.84135e-07,96.5396,544.444
consph.mtx,83334,83334,6010480,coo seg,1119,384,448,0.124211,4.83294e-07,96.7784,545.79
consph.mtx,83334,83334,6010480,coo seg,979,384,512,0.124723,4.83407e-07,96.3811,543.55
consph.mtx,83334,83334,6010480,coo seg,870,384,576,0.134554,4.8382e-07,89.3396,503.838
consph.mtx,83334,83334,6010480,coo seg,783,384,640,0.125952,4.83173e-07,95.4408,538.247
consph.mtx,83334,83334,6010480,coo seg,712,384,704,0.13015,4.83372e-07,92.3621,520.884
consph.mtx,83334,83334,6010480,coo seg,653,384,768,0.134144,4.83465e-07,89.6124,505.377
consph.mtx,83334,83334,6010480,coo seg,603,384,832,0.142131,4.84161e-07,84.5765,476.976
consph.mtx,83334,83334,6010480,coo seg,560,384,896,0.125338,4.82904e-07,95.9087,540.885
consph.mtx,83334,83334,6010480,coo seg,522,384,960,0.128717,4.83464e-07,93.3907,526.685
consph.mtx,83334,83334,6010480,coo seg,490,384,1024,0.129126,4.8346e-07,93.0945,525.015
consph.mtx,83334,83334,6010480,coo flat,14449,416,0,1.06895,4.52366e-07,11.2455,63.4202
consph.mtx,83334,83334,6010480,csr scalar,201,416,0,0.169677,2.29764e-07,70.8462,269.412
consph.mtx,83334,83334,6010480,csr vector,6411,416,0,0.179302,4.54248e-07,67.0429,254.949
consph.mtx,83334,83334,6010480,coo seg,7225,416,64,0.154829,4.88027e-07,77.6403,437.859
consph.mtx,83334,83334,6010480,coo seg,3613,416,128,0.137216,4.85317e-07,87.6061,494.062
consph.mtx,83334,83334,6010480,coo seg,2409,416,192,0.13271,4.86071e-07,90.5804,510.836
consph.mtx,83334,83334,6010480,coo seg,1807,416,256,0.133018,4.83782e-07,90.3712,509.656
consph.mtx,83334,83334,6010480,coo seg,1445,416,320,0.133222,4.84072e-07,90.2323,508.873
consph.mtx,83334,83334,6010480,coo seg,1205,416,384,0.132506,4.84135e-07,90.7204,511.625
consph.mtx,83334,83334,6010480,coo seg,1033,416,448,0.13015,4.83294e-07,92.362,520.884
consph.mtx,83334,83334,6010480,coo seg,904,416,512,0.138445,4.83407e-07,86.8285,489.677
consph.mtx,83334,83334,6010480,coo seg,803,416,576,0.133222,4.8382e-07,90.2323,508.873
consph.mtx,83334,83334,6010480,coo seg,723,416,640,0.142438,4.83173e-07,84.3941,475.948
consph.mtx,83334,83334,6010480,coo seg,657,416,704,0.129638,4.83372e-07,92.7268,522.941
consph.mtx,83334,83334,6010480,coo seg,603,416,768,0.133632,4.83465e-07,89.9557,507.313
consph.mtx,83334,83334,6010480,coo seg,556,416,832,0.139366,4.84161e-07,86.2544,486.439
consph.mtx,83334,83334,6010480,coo seg,517,416,896,0.144486,4.82904e-07,83.1979,469.201
consph.mtx,83334,83334,6010480,coo seg,482,416,960,0.152678,4.83464e-07,78.7339,444.026
consph.mtx,83334,83334,6010480,coo seg,452,416,1024,0.155648,4.8346e-07,77.2317,435.555
consph.mtx,83334,83334,6010480,coo flat,13417,448,0,1.08308,4.47306e-07,11.0988,62.5927
consph.mtx,83334,83334,6010480,csr scalar,187,448,0,0.17961,2.29764e-07,66.9283,254.513
consph.mtx,83334,83334,6010480,csr vector,5953,448,0,0.174592,4.54248e-07,68.8517,261.827
consph.mtx,83334,83334,6010480,coo seg,6709,448,64,0.149402,4.8812e-07,80.4607,453.765
consph.mtx,83334,83334,6010480,coo seg,3355,448,128,0.133734,4.85317e-07,89.8868,506.924
consph.mtx,83334,83334,6010480,coo seg,2237,448,192,0.130867,4.86071e-07,91.8562,518.031
consph.mtx,83334,83334,6010480,coo seg,1678,448,256,0.12759,4.83782e-07,94.2152,531.335
consph.mtx,83334,83334,6010480,coo seg,1342,448,320,0.129536,4.84072e-07,92.8001,523.354
consph.mtx,83334,83334,6010480,coo seg,1119,448,384,0.126874,4.84135e-07,94.7475,534.337
consph.mtx,83334,83334,6010480,coo seg,959,448,448,0.131891,4.83294e-07,91.143,514.009
consph.mtx,83334,83334,6010480,coo seg,839,448,512,0.127078,4.83407e-07,94.5948,533.476
consph.mtx,83334,83334,6010480,coo seg,746,448,576,0.134451,4.8382e-07,89.4076,504.222
consph.mtx,83334,83334,6010480,coo seg,671,448,640,0.126566,4.83173e-07,94.9775,535.634
consph.mtx,83334,83334,6010480,coo seg,610,448,704,0.130867,4.83372e-07,91.8562,518.031
consph.mtx,83334,83334,6010480,coo seg,560,448,768,0.133632,4.83465e-07,89.9557,507.313
consph.mtx,83334,83334,6010480,coo seg,517,448,832,0.139878,4.84161e-07,85.9387,484.658
consph.mtx,83334,83334,6010480,coo seg,480,448,896,0.148582,4.82904e-07,80.9043,456.267
consph.mtx,83334,83334,6010480,coo seg,448,448,960,0.127283,4.83464e-07,94.4426,532.617
consph.mtx,83334,83334,6010480,coo seg,420,448,1024,0.129946,4.8346e-07,92.5076,521.705
consph.mtx,83334,83334,6010480,coo flat,12522,480,0,1.05175,4.58782e-07,11.4295,64.4575
consph.mtx,83334,83334,6010480,csr scalar,174,480,0,0.174797,2.29764e-07,68.771,261.52
consph.mtx,83334,83334,6010480,csr vector,5556,480,0,0.169165,4.54248e-07,71.0607,270.227
consph.mtx,83334,83334,6010480,coo seg,6261,480,64,0.144486,4.88109e-07,83.1979,469.201
consph.mtx,83334,83334,6010480,coo seg,3131,480,128,0.130458,4.85317e-07,92.1446,519.657
consph.mtx,83334,83334,6010480,coo seg,2087,480,192,0.126771,4.86071e-07,94.8241,534.768
consph.mtx,83334,83334,6010480,coo seg,1566,480,256,0.124723,4.83782e-07,96.3811,543.55
consph.mtx,83334,83334,6010480,coo seg,1253,480,320,0.126771,4.84072e-07,94.8241,534.768
consph.mtx,83334,83334,6010480,coo seg,1044,480,384,0.124928,4.84135e-07,96.2231,542.658
consph.mtx,83334,83334,6010480,coo seg,895,480,448,0.123904,4.83294e-07,97.0183,547.143
consph.mtx,83334,83334,6010480,coo seg,783,480,512,0.12585,4.83407e-07,95.5185,538.685
consph.mtx,83334,83334,6010480,coo seg,696,480,576,0.13527,4.8382e-07,88.8662,501.168
consph.mtx,83334,83334,6010480,coo seg,627,480,640,0.127283,4.83173e-07,94.4426,532.617
consph.mtx,83334,83334,6010480,coo seg,570,480,704,0.131072,4.83372e-07,91.7127,517.221
consph.mtx,83334,83334,6010480,coo seg,522,480,768,0.134349,4.83465e-07,89.4758,504.606
consph.mtx,83334,83334,6010480,coo seg,482,480,832,0.142131,4.84161e-07,84.5765,476.976
consph.mtx,83334,83334,6010480,coo seg,448,480,896,0.12503,4.82904e-07,96.1443,542.214
consph.mtx,83334,83334,6010480,coo seg,418,480,960,0.129536,4.83464e-07,92.8001,523.354
consph.mtx,83334,83334,6010480,coo seg,392,480,1024,0.130765,4.8346e-07,91.9281,518.436
consph.mtx,83334,83334,6010480,coo flat,11740,512,0,1.03383,4.5181e-07,11.6276,65.5748
consph.mtx,83334,83334,6010480,csr scalar,163,512,0,0.158106,2.29764e-07,76.0312,289.129
consph.mtx,83334,83334,6010480,csr vector,5209,512,0,0.160051,4.54248e-07,75.107,285.614
consph.mtx,83334,83334,6010480,coo seg,5870,512,64,0.139571,4.88059e-07,86.1278,485.725
consph.mtx,83334,83334,6010480,coo seg,2935,512,128,0.127386,4.85317e-07,94.3667,532.189
consph.mtx,83334,83334,6010480,coo seg,1957,512,192,0.124211,4.86071e-07,96.7784,545.79
consph.mtx,83334,83334,6010480,coo seg,1468,512,256,0.121958,4.83782e-07,98.5661,555.872
consph.mtx,83334,83334,6010480,coo seg,1174,512,320,0.125133,4.84072e-07,96.0656,541.77
consph.mtx,83334,83334,6010480,coo seg,979,512,384,0.123699,4.84135e-07,97.179,548.049
consph.mtx,83334,83334,6010480,coo seg,839,512,448,0.122982,4.83294e-07,97.7454,551.243
consph.mtx,83334,83334,6010480,coo seg,734,512,512,0.126054,4.83407e-07,95.3633,537.809
consph.mtx,83334,83334,6010480,coo seg,653,512,576,0.124211,4.8382e-07,96.7784,545.79
consph.mtx,83334,83334,6010480,coo seg,587,512,640,0.125645,4.83173e-07,95.6742,539.563
consph.mtx,83334,83334,6010480,coo seg,534,512,704,0.131994,4.83372e-07,91.0723,513.61
consph.mtx,83334,83334,6010480,coo seg,490,512,768,0.13568,4.83465e-07,88.5979,499.655
consph.mtx,83334,83334,6010480,coo seg,452,512,832,0.141926,4.84161e-07,84.6985,477.665
consph.mtx,83334,83334,6010480,coo seg,420,512,896,0.126157,4.82904e-07,95.2859,537.373
consph.mtx,83334,83334,6010480,coo seg,392,512,960,0.129126,4.83464e-07,93.0945,525.014
consph.mtx,83334,83334,6010480,coo seg,367,512,1024,0.129741,4.8346e-07,92.6537,522.528
consph.mtx,83334,83334,6010480,coo flat,11049,544,0,1.10397,4.36379e-07,10.8888,61.4083
consph.mtx,83334,83334,6010480,csr scalar,154,544,0,0.162406,2.29764e-07,74.0178,281.472
consph.mtx,83334,83334,6010480,csr vector,4902,544,0,0.184934,4.54248e-07,65.0012,247.184
consph.mtx,83334,83334,6010480,coo seg,5525,544,64,0.158515,4.8816e-07,75.8347,427.677
consph.mtx,83334,83334,6010480,coo seg,2763,544,128,0.14121,4.85317e-07,85.1285,480.089
consph.mtx,83334,83334,6010480,coo seg,1842,544,192,0.136602,4.86071e-07,88.0002,496.284
consph.mtx,83334,83334,6010480,coo seg,1382,544,256,0.135578,4.83782e-07,88.6648,500.033
consph.mtx,83334,83334,6010480,coo seg,1105,544,320,0.13527,4.84072e-07,88.8662,501.168
consph.mtx,83334,83334,6010480,coo seg,921,544,384,0.133427,4.84135e-07,90.0938,508.092
consph.mtx,83334,83334,6010480,coo seg,790,544,448,0.134144,4.83294e-07,89.6124,505.377
consph.mtx,83334,83334,6010480,coo seg,691,544,512,0.140083,4.83407e-07,85.813,483.95
consph.mtx,83334,83334,6010480,coo seg,614,544,576,0.135168,4.8382e-07,88.9335,501.548
consph.mtx,83334,83334,6010480,coo seg,553,544,640,0.142234,4.83173e-07,84.5156,476.633
consph.mtx,83334,83334,6010480,coo seg,503,544,704,0.132403,4.83372e-07,90.7906,512.021
consph.mtx,83334,83334,6010480,coo seg,461,544,768,0.13609,4.83465e-07,88.3312,498.151
consph.mtx,83334,83334,6010480,coo seg,425,544,832,0.138138,4.84161e-07,87.0216,490.766
consph.mtx,83334,83334,6010480,coo seg,395,544,896,0.147251,4.82904e-07,81.6357,460.392
consph.mtx,83334,83334,6010480,coo seg,369,544,960,0.153702,4.83464e-07,78.2093,441.068
consph.mtx,83334,83334,6010480,coo seg,346,544,1024,0.158515,4.8346e-07,75.8347,427.677
consph.mtx,83334,83334,6010480,coo flat,10435,576,0,1.10193,4.38443e-07,10.909,61.5225
consph.mtx,83334,83334,6010480,csr scalar,145,576,0,0.167731,2.29764e-07,71.668,272.537
consph.mtx,83334,83334,6010480,csr vector,4630,576,0,0.178381,4.54248e-07,67.3893,256.266
consph.mtx,83334,83334,6010480,coo seg,5218,576,64,0.15401,4.88116e-07,78.0533,440.188
consph.mtx,83334,83334,6010480,coo seg,2609,576,128,0.13865,4.85317e-07,86.7003,488.954
consph.mtx,83334,83334,6010480,coo seg,1740,576,192,0.133632,4.86071e-07,89.9557,507.313
consph.mtx,83334,83334,6010480,coo seg,1305,576,256,0.131277,4.83782e-07,91.5696,516.414
consph.mtx,83334,83334,6010480,coo seg,1044,576,320,0.135168,4.84072e-07,88.9335,501.548
consph.mtx,83334,83334,6010480,coo seg,870,576,384,0.133939,4.84135e-07,89.7494,506.149
consph.mtx,83334,83334,6010480,coo seg,746,576,448,0.131789,4.83294e-07,91.2138,514.408
consph.mtx,83334,83334,6010480,coo seg,653,576,512,0.129331,4.83407e-07,92.9471,524.183
consph.mtx,83334,83334,6010480,coo seg,580,576,576,0.134451,4.8382e-07,89.4076,504.222
consph.mtx,83334,83334,6010480,coo seg,522,576,640,0.14336,4.83173e-07,83.8516,472.888
consph.mtx,83334,83334,6010480,coo seg,475,576,704,0.132915,4.83372e-07,90.4408,510.049
consph.mtx,83334,83334,6010480,coo seg,435,576,768,0.133018,4.83465e-07,90.3712,509.656
consph.mtx,83334,83334,6010480,coo seg,402,576,832,0.140698,4.84161e-07,85.4383,481.836
consph.mtx,83334,83334,6010480,coo seg,373,576,896,0.147661,4.82904e-07,81.4093,459.115
consph.mtx,83334,83334,6010480,coo seg,348,576,960,0.152678,4.83464e-07,78.7339,444.026
consph.mtx,83334,83334,6010480,coo seg,327,576,1024,0.129843,4.8346e-07,92.5806,522.116
consph.mtx,83334,83334,6010480,coo flat,9886,608,0,1.07878,4.44426e-07,11.1431,62.8423
consph.mtx,83334,83334,6010480,csr scalar,138,608,0,0.178586,2.29764e-07,67.312,255.972
consph.mtx,83334,83334,6010480,csr vector,4386,608,0,0.176742,4.54248e-07,68.014,258.641
consph.mtx,83334,83334,6010480,coo seg,4943,608,64,0.149914,4.88104e-07,80.1859,452.215
consph.mtx,83334,83334,6010480,coo seg,2472,608,128,0.135475,4.85317e-07,88.7318,500.411
consph.mtx,83334,83334,6010480,coo seg,1648,608,192,0.13097,4.86071e-07,91.7844,517.626
consph.mtx,83334,83334,6010480,coo seg,1236,608,256,0.128819,4.83782e-07,93.3165,526.266
consph.mtx,83334,83334,6010480,coo seg,989,608,320,0.130048,4.84072e-07,92.4348,521.294
consph.mtx,83334,83334,6010480,coo seg,824,608,384,0.126874,4.84135e-07,94.7475,534.337
consph.mtx,83334,83334,6010480,coo seg,707,608,448,0.132915,4.83294e-07,90.4408,510.049
consph.mtx,83334,83334,6010480,coo seg,618,608,512,0.128922,4.83407e-07,93.2424,525.849
consph.mtx,83334,83334,6010480,coo seg,550,608,576,0.135885,4.8382e-07,88.4643,498.902
consph.mtx,83334,83334,6010480,coo seg,495,608,640,0.127898,4.83173e-07,93.9889,530.059
consph.mtx,83334,83334,6010480,coo seg,450,608,704,0.133734,4.83372e-07,89.8868,506.924
consph.mtx,83334,83334,6010480,coo seg,412,608,768,0.134042,4.83465e-07,89.6808,505.763
consph.mtx,83334,83334,6010480,coo seg,381,608,832,0.142131,4.84161e-07,84.5765,476.976
consph.mtx,83334,83334,6010480,coo seg,354,608,896,0.14848,4.82904e-07,80.9601,456.582
consph.mtx,83334,83334,6010480,coo seg,330,608,960,0.128614,4.83464e-07,93.4651,527.104
consph.mtx,83334,83334,6010480,coo seg,309,608,1024,0.132403,4.8346e-07,90.7906,512.021
consph.mtx,83334,83334,6010480,coo flat,9392,640,0,1.075,4.46375e-07,11.1823,63.0638
consph.mtx,83334,83334,6010480,csr scalar,131,640,0,0.186573,2.29764e-07,64.4304,245.014
consph.mtx,83334,83334,6010480,csr vector,4167,640,0,0.169267,4.54248e-07,71.0177,270.064
consph.mtx,83334,83334,6010480,coo seg,4696,640,64,0.145818,4.8812e-07,82.4383,464.918
consph.mtx,83334,83334,6010480,coo seg,2348,640,128,0.13271,4.85317e-07,90.5804,510.836
consph.mtx,83334,83334,6010480,coo seg,1566,640,192,0.128512,4.86071e-07,93.5396,527.525
consph.mtx,83334,83334,6010480,coo seg,1174,640,256,0.125338,4.83782e-07,95.9087,540.885
consph.mtx,83334,83334,6010480,coo seg,940,640,320,0.127488,4.84072e-07,94.2909,531.762
consph.mtx,83334,83334,6010480,coo seg,783,640,384,0.125338,4.84135e-07,95.9087,540.885
consph.mtx,83334,83334,6010480,coo seg,671,640,448,0.123597,4.83294e-07,97.2595,548.503
consph.mtx,83334,83334,6010480,coo seg,587,640,512,0.126362,4.83407e-07,95.1314,536.502
consph.mtx,83334,83334,6010480,coo seg,522,640,576,0.136909,4.8382e-07,87.8027,495.171
consph.mtx,83334,83334,6010480,coo seg,470,640,640,0.128512,4.83173e-07,93.5396,527.525
consph.mtx,83334,83334,6010480,coo seg,427,640,704,0.13056,4.83372e-07,92.0723,519.25
consph.mtx,83334,83334,6010480,coo seg,392,640,768,0.135475,4.83465e-07,88.7318,500.411
consph.mtx,83334,83334,6010480,coo seg,362,640,832,0.145101,4.84161e-07,82.8456,467.215
consph.mtx,83334,83334,6010480,coo seg,336,640,896,0.124723,4.82904e-07,96.3811,543.55
consph.mtx,83334,83334,6010480,coo seg,314,640,960,0.129434,4.83464e-07,92.8736,523.768
consph.mtx,83334,83334,6010480,coo seg,294,640,1024,0.132506,4.8346e-07,90.7204,511.625
consph.mtx,83334,83334,6010480,coo flat,8945,672,0,1.04284,4.52284e-07,11.5271,65.0082
consph.mtx,83334,83334,6010480,csr scalar,125,672,0,0.193126,2.29764e-07,62.244,236.699
consph.mtx,83334,83334,6010480,csr vector,3969,672,0,0.16681,4.54248e-07,72.064,274.042
consph.mtx,83334,83334,6010480,coo seg,4473,672,64,0.143258,4.88126e-07,83.9115,473.226
consph.mtx,83334,83334,6010480,coo seg,2237,672,128,0.130458,4.85317e-07,92.1446,519.657
consph.mtx,83334,83334,6010480,coo seg,1491,672,192,0.126157,4.86071e-07,95.2859,537.373
consph.mtx,83334,83334,6010480,coo seg,1119,672,256,0.124211,4.83782e-07,96.7784,545.79
consph.mtx,83334,83334,6010480,coo seg,895,672,320,0.126669,4.84072e-07,94.9007,535.201
consph.mtx,83334,83334,6010480,coo seg,746,672,384,0.125235,4.84135e-07,95.9871,541.327
consph.mtx,83334,83334,6010480,coo seg,639,672,448,0.125133,4.83294e-07,96.0656,541.77
consph.mtx,83334,83334,6010480,coo seg,560,672,512,0.128307,4.83407e-07,93.6889,528.367
consph.mtx,83334,83334,6010480,coo seg,497,672,576,0.123699,4.8382e-07,97.179,548.049
consph.mtx,83334,83334,6010480,coo seg,448,672,640,0.127898,4.83173e-07,93.9889,530.059
consph.mtx,83334,83334,6010480,coo seg,407,672,704,0.133018,4.83372e-07,90.3712,509.656
consph.mtx,83334,83334,6010480,coo seg,373,672,768,0.136806,4.83465e-07,87.8684,495.541
consph.mtx,83334,83334,6010480,coo seg,345,672,832,0.144282,4.84161e-07,83.3159,469.867
consph.mtx,83334,83334,6010480,coo seg,320,672,896,0.126362,4.82904e-07,95.1314,536.502
consph.mtx,83334,83334,6010480,coo seg,299,672,960,0.13056,4.83464e-07,92.0723,519.25
consph.mtx,83334,83334,6010480,coo seg,280,672,1024,0.133734,4.8346e-07,89.8868,506.924
consph.mtx,83334,83334,6010480,coo flat,8538,704,0,1.13562,4.10109e-07,10.5854,59.6973
consph.mtx,83334,83334,6010480,csr scalar,119,704,0,0.183296,2.29764e-07,65.5822,249.394
consph.mtx,83334,83334,6010480,csr vector,3788,704,0,0.199475,4.54248e-07,60.2629,229.166
consph.mtx,83334,83334,6010480,coo seg,4269,704,64,0.178176,4.88113e-07,67.4668,380.485
consph.mtx,83334,83334,6010480,coo seg,2135,704,128,0.155546,4.85317e-07,77.2825,435.842
consph.mtx,83334,83334,6010480,coo seg,1423,704,192,0.14889,4.86071e-07,80.7374,455.326
consph.mtx,83334,83334,6010480,coo seg,1068,704,256,0.146125,4.83782e-07,82.265,463.941
consph.mtx,83334,83334,6010480,coo seg,854,704,320,0.14633,4.84072e-07,82.1499,463.291
consph.mtx,83334,83334,6010480,coo seg,712,704,384,0.147866,4.84135e-07,81.2965,458.479
consph.mtx,83334,83334,6010480,coo seg,610,704,448,0.147456,4.83294e-07,81.5224,459.752
consph.mtx,83334,83334,6010480,coo seg,534,704,512,0.141722,4.83407e-07,84.8209,478.355
consph.mtx,83334,83334,6010480,coo seg,475,704,576,0.15319,4.8382e-07,78.4707,442.542
consph.mtx,83334,83334,6010480,coo seg,427,704,640,0.141619,4.83173e-07,84.8823,478.701
consph.mtx,83334,83334,6010480,coo seg,389,704,704,0.152269,4.83372e-07,78.9457,445.221
consph.mtx,83334,83334,6010480,coo seg,356,704,768,0.159949,4.83465e-07,75.155,423.843
consph.mtx,83334,83334,6010480,coo seg,329,704,832,0.141005,4.84161e-07,85.2521,480.787
consph.mtx,83334,83334,6010480,coo seg,305,704,896,0.149606,4.82904e-07,80.3506,453.144
consph.mtx,83334,83334,6010480,coo seg,285,704,960,0.153907,4.83464e-07,78.1052,440.481
consph.mtx,83334,83334,6010480,coo seg,267,704,1024,0.159232,4.8346e-07,75.4934,425.751
consph.mtx,83334,83334,6010480,coo flat,8167,736,0,1.13039,4.12299e-07,10.6343,59.9731
consph.mtx,83334,83334,6010480,csr scalar,114,736,0,0.161997,2.29764e-07,74.2049,282.184
consph.mtx,83334,83334,6010480,csr vector,3624,736,0,0.197018,4.54248e-07,61.0146,232.024
consph.mtx,83334,83334,6010480,coo seg,4084,736,64,0.173773,4.88161e-07,69.1763,390.126
consph.mtx,83334,83334,6010480,coo seg,2042,736,128,0.153395,4.85317e-07,78.366,441.952
consph.mtx,83334,83334,6010480,coo seg,1362,736,192,0.147354,4.86071e-07,81.579,460.072
consph.mtx,83334,83334,6010480,coo seg,1021,736,256,0.144998,4.83782e-07,82.9041,467.545
consph.mtx,83334,83334,6010480,coo seg,817,736,320,0.145715,4.84072e-07,82.4963,465.245
consph.mtx,83334,83334,6010480,coo seg,681,736,384,0.146637,4.84135e-07,81.9778,462.321
consph.mtx,83334,83334,6010480,coo seg,584,736,448,0.146432,4.83294e-07,82.0924,462.967
consph.mtx,83334,83334,6010480,coo seg,511,736,512,0.143667,4.83407e-07,83.6723,471.877
consph.mtx,83334,83334,6010480,coo seg,454,736,576,0.152064,4.8382e-07,79.052,445.82
consph.mtx,83334,83334,6010480,coo seg,409,736,640,0.144384,4.83173e-07,83.2569,469.534
consph.mtx,83334,83334,6010480,coo seg,372,736,704,0.150118,4.83372e-07,80.0765,451.598
consph.mtx,83334,83334,6010480,coo seg,341,736,768,0.157696,4.83465e-07,76.2287,429.898
consph.mtx,83334,83334,6010480,coo seg,315,736,832,0.143565,4.84161e-07,83.7319,472.213
consph.mtx,83334,83334,6010480,coo seg,292,736,896,0.148992,4.82904e-07,80.6819,455.013
consph.mtx,83334,83334,6010480,coo seg,273,736,960,0.153088,4.83464e-07,78.5232,442.838
consph.mtx,83334,83334,6010480,coo seg,256,736,1024,0.159027,4.8346e-07,75.5906,426.3
consph.mtx,83334,83334,6010480,coo flat,7827,768,0,1.1265,4.20113e-07,10.671,60.1803
consph.mtx,83334,83334,6010480,csr scalar,109,768,0,0.166605,2.29764e-07,72.1526,274.379
consph.mtx,83334,83334,6010480,csr vector,3473,768,0,0.190054,4.54248e-07,63.2501,240.525
consph.mtx,83334,83334,6010480,coo seg,3914,768,64,0.169165,4.88121e-07,71.0607,400.753
consph.mtx,83334,83334,6010480,coo seg,1957,768,128,0.149197,4.85317e-07,80.5712,454.388
consph.mtx,83334,83334,6010480,coo seg,1305,768,192,0.144179,4.86071e-07,83.3751,470.201
consph.mtx,83334,83334,6010480,coo seg,979,768,256,0.141005,4.83782e-07,85.2521,480.787
consph.mtx,83334,83334,6010480,coo seg,783,768,320,0.140083,4.84072e-07,85.813,483.95
consph.mtx,83334,83334,6010480,coo seg,653,768,384,0.138957,4.84135e-07,86.5086,487.873
consph.mtx,83334,83334,6010480,coo seg,560,768,448,0.136704,4.83294e-07,87.9342,495.913
consph.mtx,83334,83334,6010480,coo seg,490,768,512,0.141517,4.83407e-07,84.9437,479.047
consph.mtx,83334,83334,6010480,coo seg,435,768,576,0.138138,4.8382e-07,87.0216,490.766
consph.mtx,83334,83334,6010480,coo seg,392,768,640,0.143053,4.83173e-07,84.0316,473.904
consph.mtx,83334,83334,6010480,coo seg,356,768,704,0.150733,4.83372e-07,79.7501,449.758
consph.mtx,83334,83334,6010480,coo seg,327,768,768,0.136704,4.83465e-07,87.9342,495.913
consph.mtx,83334,83334,6010480,coo seg,302,768,832,0.144384,4.84161e-07,83.2569,469.534
consph.mtx,83334,83334,6010480,coo seg,280,768,896,0.145715,4.82904e-07,82.4963,465.245
consph.mtx,83334,83334,6010480,coo seg,261,768,960,0.151552,4.83464e-07,79.319,447.327
consph.mtx,83334,83334,6010480,coo seg,245,768,1024,0.159949,4.8346e-07,75.155,423.843
consph.mtx,83334,83334,6010480,coo flat,7514,800,0,1.12855,4.30252e-07,10.6517,60.0711
consph.mtx,83334,83334,6010480,csr scalar,105,800,0,0.172749,2.29764e-07,69.5864,264.621
consph.mtx,83334,83334,6010480,csr vector,3334,800,0,0.190464,4.54248e-07,63.1141,240.008
consph.mtx,83334,83334,6010480,coo seg,3757,800,64,0.166195,4.88188e-07,72.3304,407.913
consph.mtx,83334,83334,6010480,coo seg,1879,800,128,0.146637,4.85317e-07,81.9778,462.321
consph.mtx,83334,83334,6010480,coo seg,1253,800,192,0.142234,4.86071e-07,84.5156,476.633
consph.mtx,83334,83334,6010480,coo seg,940,800,256,0.139059,4.83782e-07,86.4449,487.513
consph.mtx,83334,83334,6010480,coo seg,752,800,320,0.140186,4.84072e-07,85.7503,483.596
consph.mtx,83334,83334,6010480,coo seg,627,800,384,0.139776,4.84135e-07,86.0016,485.013
consph.mtx,83334,83334,6010480,coo seg,537,800,448,0.137011,4.83294e-07,87.7371,494.801
consph.mtx,83334,83334,6010480,coo seg,470,800,512,0.141824,4.83407e-07,84.7597,478.01
consph.mtx,83334,83334,6010480,coo seg,418,800,576,0.1408,4.8382e-07,85.3761,481.486
consph.mtx,83334,83334,6010480,coo seg,376,800,640,0.142746,4.83173e-07,84.2125,474.923
consph.mtx,83334,83334,6010480,coo seg,342,800,704,0.152269,4.83372e-07,78.9457,445.221
consph.mtx,83334,83334,6010480,coo seg,314,800,768,0.138138,4.83465e-07,87.0216,490.766
consph.mtx,83334,83334,6010480,coo seg,289,800,832,0.145715,4.84161e-07,82.4963,465.245
consph.mtx,83334,83334,6010480,coo seg,269,800,896,0.14551,4.82904e-07,82.6124,465.9
consph.mtx,83334,83334,6010480,coo seg,251,800,960,0.153498,4.83464e-07,78.3137,441.657
consph.mtx,83334,83334,6010480,coo seg,235,800,1024,0.158925,4.8346e-07,75.6393,426.574
consph.mtx,83334,83334,6010480,coo flat,7225,832,0,1.12128,4.2059e-07,10.7207,60.4606
consph.mtx,83334,83334,6010480,csr scalar,101,832,0,0.184115,2.29764e-07,65.2904,248.284
consph.mtx,83334,83334,6010480,csr vector,3206,832,0,0.185242,4.54248e-07,64.8934,246.774
consph.mtx,83334,83334,6010480,coo seg,3613,832,64,0.162816,4.88109e-07,73.8316,416.379
consph.mtx,83334,83334,6010480,coo seg,1807,832,128,0.143872,4.85317e-07,83.5531,471.205
consph.mtx,83334,83334,6010480,coo seg,1205,832,192,0.138957,4.86071e-07,86.5086,487.873
consph.mtx,83334,83334,6010480,coo seg,904,832,256,0.138035,4.83782e-07,87.0862,491.13
consph.mtx,83334,83334,6010480,coo seg,723,832,320,0.136909,4.84072e-07,87.8027,495.171
consph.mtx,83334,83334,6010480,coo seg,603,832,384,0.135373,4.84135e-07,88.7989,500.789
consph.mtx,83334,83334,6010480,coo seg,517,832,448,0.137626,4.83294e-07,87.3454,492.592
consph.mtx,83334,83334,6010480,coo seg,452,832,512,0.141312,4.83407e-07,85.0668,479.742
consph.mtx,83334,83334,6010480,coo seg,402,832,576,0.140288,4.8382e-07,85.6877,483.243
consph.mtx,83334,83334,6010480,coo seg,362,832,640,0.144486,4.83173e-07,83.1979,469.201
consph.mtx,83334,83334,6010480,coo seg,329,832,704,0.13271,4.83372e-07,90.5804,510.836
consph.mtx,83334,83334,6010480,coo seg,302,832,768,0.138957,4.83465e-07,86.5086,487.873
consph.mtx,83334,83334,6010480,coo seg,278,832,832,0.140493,4.84161e-07,85.5628,482.539
consph.mtx,83334,83334,6010480,coo seg,259,832,896,0.146125,4.82904e-07,82.265,463.941
consph.mtx,83334,83334,6010480,coo seg,241,832,960,0.154522,4.83464e-07,77.7947,438.73
consph.mtx,83334,83334,6010480,coo seg,226,832,1024,0.158822,4.8346e-07,75.6881,426.849
consph.mtx,83334,83334,6010480,coo flat,6957,864,0,1.1094,4.27901e-07,10.8355,61.1079
consph.mtx,83334,83334,6010480,csr scalar,97,864,0,0.190566,2.29764e-07,63.0802,239.879
consph.mtx,83334,83334,6010480,csr vector,3087,864,0,0.181453,4.54248e-07,66.2484,251.927
consph.mtx,83334,83334,6010480,coo seg,3479,864,64,0.159334,4.881e-07,75.4448,425.478
consph.mtx,83334,83334,6010480,coo seg,1740,864,128,0.141926,4.85317e-07,84.6985,477.665
consph.mtx,83334,83334,6010480,coo seg,1160,864,192,0.136909,4.86071e-07,87.8027,495.171
consph.mtx,83334,83334,6010480,coo seg,870,864,256,0.134451,4.83782e-07,89.4076,504.222
consph.mtx,83334,83334,6010480,coo seg,696,864,320,0.137933,4.84072e-07,87.1508,491.495
consph.mtx,83334,83334,6010480,coo seg,580,864,384,0.136704,4.84135e-07,87.9342,495.913
consph.mtx,83334,83334,6010480,coo seg,497,864,448,0.133222,4.83294e-07,90.2323,508.873
consph.mtx,83334,83334,6010480,coo seg,435,864,512,0.131072,4.83407e-07,91.7127,517.221
consph.mtx,83334,83334,6010480,coo seg,387,864,576,0.134758,4.8382e-07,89.2038,503.072
consph.mtx,83334,83334,6010480,coo seg,348,864,640,0.144282,4.83173e-07,83.3159,469.867
consph.mtx,83334,83334,6010480,coo seg,317,864,704,0.134144,4.83372e-07,89.6124,505.377
consph.mtx,83334,83334,6010480,coo seg,290,864,768,0.140698,4.83465e-07,85.4383,481.836
consph.mtx,83334,83334,6010480,coo seg,268,864,832,0.141926,4.84161e-07,84.6985,477.665
consph.mtx,83334,83334,6010480,coo seg,249,864,896,0.147661,4.82904e-07,81.4093,459.115
consph.mtx,83334,83334,6010480,coo seg,232,864,960,0.155443,4.83464e-07,77.3335,436.129
consph.mtx,83334,83334,6010480,coo seg,218,864,1024,0.130765,4.8346e-07,91.9281,518.436
consph.mtx,83334,83334,6010480,coo flat,6709,896,0,1.08974,4.33567e-07,11.031,62.2104
consph.mtx,83334,83334,6010480,csr scalar,94,896,0,0.202445,2.29764e-07,59.379,225.804
consph.mtx,83334,83334,6010480,csr vector,2977,896,0,0.178483,4.54248e-07,67.3506,256.119
consph.mtx,83334,83334,6010480,coo seg,3355,896,64,0.156262,4.88076e-07,76.928,433.842
consph.mtx,83334,83334,6010480,coo seg,1678,896,128,0.139162,4.85317e-07,86.3813,487.155
consph.mtx,83334,83334,6010480,coo seg,1119,896,192,0.134144,4.86071e-07,89.6124,505.377
consph.mtx,83334,83334,6010480,coo seg,839,896,256,0.131379,4.83782e-07,91.4982,516.012
consph.mtx,83334,83334,6010480,coo seg,671,896,320,0.131686,4.84072e-07,91.2847,514.808
consph.mtx,83334,83334,6010480,coo seg,560,896,384,0.128819,4.84135e-07,93.3165,526.266
consph.mtx,83334,83334,6010480,coo seg,480,896,448,0.134861,4.83294e-07,89.1361,502.69
consph.mtx,83334,83334,6010480,coo seg,420,896,512,0.131174,4.83407e-07,91.641,516.818
consph.mtx,83334,83334,6010480,coo seg,373,896,576,0.137114,4.8382e-07,87.6715,494.431
consph.mtx,83334,83334,6010480,coo seg,336,896,640,0.12759,4.83173e-07,94.2152,531.335
consph.mtx,83334,83334,6010480,coo seg,305,896,704,0.13609,4.83372e-07,88.3312,498.151
consph.mtx,83334,83334,6010480,coo seg,280,896,768,0.133734,4.83465e-07,89.8868,506.924
consph.mtx,83334,83334,6010480,coo seg,259,896,832,0.141926,4.84161e-07,84.6986,477.665
consph.mtx,83334,83334,6010480,coo seg,240,896,896,0.149299,4.82904e-07,80.5159,454.076
consph.mtx,83334,83334,6010480,coo seg,224,896,960,0.126669,4.83464e-07,94.9007,535.201
consph.mtx,83334,83334,6010480,coo seg,210,896,1024,0.131174,4.8346e-07,91.641,516.818
consph.mtx,83334,83334,6010480,coo flat,6477,928,0,1.07663,4.54999e-07,11.1653,62.9678
consph.mtx,83334,83334,6010480,csr scalar,90,928,0,0.208077,2.29764e-07,57.7717,219.692
consph.mtx,83334,83334,6010480,csr vector,2874,928,0,0.178586,4.54248e-07,67.312,255.972
consph.mtx,83334,83334,6010480,coo seg,3239,928,64,0.15319,4.88063e-07,78.4707,442.542
consph.mtx,83334,83334,6010480,coo seg,1620,928,128,0.137626,4.85317e-07,87.3454,492.592
consph.mtx,83334,83334,6010480,coo seg,1080,928,192,0.133939,4.86071e-07,89.7494,506.149
consph.mtx,83334,83334,6010480,coo seg,810,928,256,0.131789,4.83782e-07,91.2138,514.408
consph.mtx,83334,83334,6010480,coo seg,648,928,320,0.131686,4.84072e-07,91.2847,514.808
consph.mtx,83334,83334,6010480,coo seg,540,928,384,0.129536,4.84135e-07,92.8001,523.354
consph.mtx,83334,83334,6010480,coo seg,463,928,448,0.134963,4.83294e-07,89.0684,502.309
consph.mtx,83334,83334,6010480,coo seg,405,928,512,0.132403,4.83407e-07,90.7906,512.021
consph.mtx,83334,83334,6010480,coo seg,360,928,576,0.137728,4.8382e-07,87.2804,492.226
consph.mtx,83334,83334,6010480,coo seg,324,928,640,0.129126,4.83173e-07,93.0945,525.014
consph.mtx,83334,83334,6010480,coo seg,295,928,704,0.137114,4.83372e-07,87.6715,494.431
consph.mtx,83334,83334,6010480,coo seg,270,928,768,0.135168,4.83465e-07,88.9335,501.548
consph.mtx,83334,83334,6010480,coo seg,250,928,832,0.144179,4.84161e-07,83.3751,470.201
consph.mtx,83334,83334,6010480,coo seg,232,928,896,0.150016,4.82904e-07,80.1312,451.907
consph.mtx,83334,83334,6010480,coo seg,216,928,960,0.128102,4.83464e-07,93.8387,529.211
consph.mtx,83334,83334,6010480,coo seg,203,928,1024,0.131789,4.8346e-07,91.2138,514.408
consph.mtx,83334,83334,6010480,coo flat,6261,960,0,1.06076,4.50361e-07,11.3324,63.91
consph.mtx,83334,83334,6010480,csr scalar,87,960,0,0.223846,2.29764e-07,53.7018,204.215
consph.mtx,83334,83334,6010480,csr vector,2778,960,0,0.173466,4.54248e-07,69.2988,263.527
consph.mtx,83334,83334,6010480,coo seg,3131,960,64,0.152064,4.88124e-07,79.052,445.82
consph.mtx,83334,83334,6010480,coo seg,1566,960,128,0.13527,4.85317e-07,88.8662,501.168
consph.mtx,83334,83334,6010480,coo seg,1044,960,192,0.131277,4.86071e-07,91.5696,516.414
consph.mtx,83334,83334,6010480,coo seg,783,960,256,0.127488,4.83782e-07,94.2909,531.762
consph.mtx,83334,83334,6010480,coo seg,627,960,320,0.131891,4.84072e-07,91.143,514.009
consph.mtx,83334,83334,6010480,coo seg,522,960,384,0.130662,4.84135e-07,92.0001,518.843
consph.mtx,83334,83334,6010480,coo seg,448,960,448,0.125338,4.83294e-07,95.9087,540.885
consph.mtx,83334,83334,6010480,coo seg,392,960,512,0.127078,4.83407e-07,94.5948,533.476
consph.mtx,83334,83334,6010480,coo seg,348,960,576,0.139059,4.8382e-07,86.4449,487.514
consph.mtx,83334,83334,6010480,coo seg,314,960,640,0.129331,4.83173e-07,92.9471,524.183
consph.mtx,83334,83334,6010480,coo seg,285,960,704,0.137523,4.83372e-07,87.4104,492.959
consph.mtx,83334,83334,6010480,coo seg,261,960,768,0.135373,4.83465e-07,88.7989,500.789
consph.mtx,83334,83334,6010480,coo seg,241,960,832,0.145408,4.84161e-07,82.6705,466.228
consph.mtx,83334,83334,6010480,coo seg,224,960,896,0.123904,4.82904e-07,97.0183,547.143
consph.mtx,83334,83334,6010480,coo seg,209,960,960,0.128717,4.83464e-07,93.3907,526.685
consph.mtx,83334,83334,6010480,coo seg,196,960,1024,0.134758,4.8346e-07,89.2038,503.072
consph.mtx,83334,83334,6010480,coo flat,6059,992,0,1.04346,4.51454e-07,11.5203,64.9699
consph.mtx,83334,83334,6010480,csr scalar,85,992,0,0.23255,2.29764e-07,51.6918,196.572
consph.mtx,83334,83334,6010480,csr vector,2689,992,0,0.171827,4.54248e-07,69.9596,266.04
consph.mtx,83334,83334,6010480,coo seg,3030,992,64,0.148275,4.8815e-07,81.072,457.212
consph.mtx,83334,83334,6010480,coo seg,1515,992,128,0.134246,4.85317e-07,89.544,504.991
consph.mtx,83334,83334,6010480,coo seg,1010,992,192,0.130458,4.86071e-07,92.1446,519.657
consph.mtx,83334,83334,6010480,coo seg,758,992,256,0.128205,4.83782e-07,93.7637,528.789
consph.mtx,83334,83334,6010480,coo seg,606,992,320,0.128,4.84072e-07,93.9137,529.635
consph.mtx,83334,83334,6010480,coo seg,505,992,384,0.128819,4.84135e-07,93.3165,526.266
consph.mtx,83334,83334,6010480,coo seg,433,992,448,0.126771,4.83294e-07,94.8241,534.768
consph.mtx,83334,83334,6010480,coo seg,379,992,512,0.127078,4.83407e-07,94.5948,533.476
consph.mtx,83334,83334,6010480,coo seg,337,992,576,0.136602,4.8382e-07,88.0001,496.284
consph.mtx,83334,83334,6010480,coo seg,303,992,640,0.131686,4.83173e-07,91.2847,514.808
consph.mtx,83334,83334,6010480,coo seg,276,992,704,0.131584,4.83372e-07,91.3558,515.209
consph.mtx,83334,83334,6010480,coo seg,253,992,768,0.136499,4.83465e-07,88.0662,496.657
consph.mtx,83334,83334,6010480,coo seg,234,992,832,0.147661,4.84161e-07,81.4093,459.115
consph.mtx,83334,83334,6010480,coo seg,217,992,896,0.125952,4.82904e-07,95.4408,538.247
consph.mtx,83334,83334,6010480,coo seg,202,992,960,0.131789,4.83464e-07,91.2138,514.408
consph.mtx,83334,83334,6010480,coo seg,190,992,1024,0.135885,4.8346e-07,88.4643,498.902
consph.mtx,83334,83334,6010480,coo flat,5870,1024,0,1.02564,4.48817e-07,11.7205,66.0986
consph.mtx,83334,83334,6010480,csr scalar,82,1024,0,0.248013,2.29764e-07,48.4691,184.317
consph.mtx,83334,83334,6010480,csr vector,2605,1024,0,0.166298,4.54248e-07,72.2858,274.886
consph.mtx,83334,83334,6010480,coo seg,2935,1024,64,0.146534,4.88108e-07,82.0351,462.644
consph.mtx,83334,83334,6010480,coo seg,1468,1024,128,0.132198,4.85317e-07,90.9312,512.814
consph.mtx,83334,83334,6010480,coo seg,979,1024,192,0.128614,4.86071e-07,93.4651,527.104
consph.mtx,83334,83334,6010480,coo seg,734,1024,256,0.126874,4.83782e-07,94.7475,534.337
consph.mtx,83334,83334,6010480,coo seg,587,1024,320,0.128205,4.84072e-07,93.7637,528.789
consph.mtx,83334,83334,6010480,coo seg,490,1024,384,0.126157,4.84135e-07,95.2859,537.373
consph.mtx,83334,83334,6010480,coo seg,420,1024,448,0.126669,4.83294e-07,94.9007,535.201
consph.mtx,83334,83334,6010480,coo seg,367,1024,512,0.12841,4.83407e-07,93.6142,527.945
consph.mtx,83334,83334,6010480,coo seg,327,1024,576,0.125235,4.8382e-07,95.9871,541.327
consph.mtx,83334,83334,6010480,coo seg,294,1024,640,0.131994,4.83173e-07,91.0723,513.61
consph.mtx,83334,83334,6010480,coo seg,267,1024,704,0.132915,4.83372e-07,90.4408,510.049
consph.mtx,83334,83334,6010480,coo seg,245,1024,768,0.138035,4.83465e-07,87.0862,491.13
consph.mtx,83334,83334,6010480,coo seg,226,1024,832,0.14592,4.84161e-07,82.3805,464.592
consph.mtx,83334,83334,6010480,coo seg,210,1024,896,0.125645,4.82904e-07,95.6742,539.563
consph.mtx,83334,83334,6010480,coo seg,196,1024,960,0.131994,4.83464e-07,91.0723,513.61
consph.mtx,83334,83334,6010480,coo seg,184,1024,1024,0.137523,4.8346e-07,87.4104,492.959
consph.mtx,83334,83334,6010480,CuSparse,0,0,0,0.0835584,4.91958e-07,143.863,547.077
cop20k_A.mtx,121192,121192,2624331,coo flat,82011,32,0,0.313651,1.24579e-07,16.7341,96.3878
cop20k_A.mtx,121192,121192,2624331,csr scalar,3788,32,0,0.0719872,9.70613e-08,72.911,290.43
cop20k_A.mtx,121192,121192,2624331,csr vector,121192,32,0,0.287744,1.86648e-07,18.2407,72.6591
cop20k_A.mtx,121192,121192,2624331,coo seg,41006,32,64,0.137011,1.80978e-07,38.3083,220.654
cop20k_A.mtx,121192,121192,2624331,coo seg,20503,32,128,0.109158,1.81054e-07,48.083,276.957
cop20k_A.mtx,121192,121192,2624331,coo seg,13669,32,192,0.104858,1.79951e-07,50.0551,288.316
cop20k_A.mtx,121192,121192,2624331,coo seg,10252,32,256,0.1024,1.80477e-07,51.2565,295.236
cop20k_A.mtx,121192,121192,2624331,coo seg,8202,32,320,0.10455,1.80831e-07,50.2022,289.163
cop20k_A.mtx,121192,121192,2624331,coo seg,6835,32,384,0.101478,1.803e-07,51.722,297.917
cop20k_A.mtx,121192,121192,2624331,coo seg,5858,32,448,0.110797,1.80246e-07,47.372,272.861
cop20k_A.mtx,121192,121192,2624331,coo seg,5126,32,512,0.101376,1.80157e-07,51.7742,298.218
cop20k_A.mtx,121192,121192,2624331,coo seg,4557,32,576,0.110182,1.8033e-07,47.6361,274.383
cop20k_A.mtx,121192,121192,2624331,coo seg,4101,32,640,0.117658,1.80553e-07,44.6096,256.95
cop20k_A.mtx,121192,121192,2624331,coo seg,3728,32,704,0.121856,1.80557e-07,43.0727,248.097
cop20k_A.mtx,121192,121192,2624331,coo seg,3418,32,768,0.100864,1.80487e-07,52.037,299.732
cop20k_A.mtx,121192,121192,2624331,coo seg,3155,32,832,0.107008,1.80492e-07,49.0493,282.522
cop20k_A.mtx,121192,121192,2624331,coo seg,2929,32,896,0.113152,1.80326e-07,46.3859,267.182
cop20k_A.mtx,121192,121192,2624331,coo seg,2734,32,960,0.120013,1.80461e-07,43.7342,251.908
cop20k_A.mtx,121192,121192,2624331,coo seg,2563,32,1024,0.126054,1.8038e-07,41.6381,239.834
cop20k_A.mtx,121192,121192,2624331,coo flat,41006,64,0,0.261837,1.21955e-07,20.0455,115.462
cop20k_A.mtx,121192,121192,2624331,csr scalar,1894,64,0,0.080896,9.70613e-08,64.8816,258.446
cop20k_A.mtx,121192,121192,2624331,csr vector,60596,64,0,0.145306,1.86648e-07,36.1215,143.884
cop20k_A.mtx,121192,121192,2624331,coo seg,20503,64,64,0.07424,1.80978e-07,70.6986,407.222
cop20k_A.mtx,121192,121192,2624331,coo seg,10252,64,128,0.0720896,1.81054e-07,72.8075,419.369
cop20k_A.mtx,121192,121192,2624331,coo seg,6835,64,192,0.07424,1.79951e-07,70.6986,407.222
cop20k_A.mtx,121192,121192,2624331,coo seg,5126,64,256,0.074752,1.80477e-07,70.2143,404.432
cop20k_A.mtx,121192,121192,2624331,coo seg,4101,64,320,0.0802816,1.80831e-07,65.3781,376.576
cop20k_A.mtx,121192,121192,2624331,coo seg,3418,64,384,0.075264,1.803e-07,69.7367,401.681
cop20k_A.mtx,121192,121192,2624331,coo seg,2929,64,448,0.0787456,1.80246e-07,66.6534,383.922
cop20k_A.mtx,121192,121192,2624331,coo seg,2563,64,512,0.0830464,1.80157e-07,63.2016,364.039
cop20k_A.mtx,121192,121192,2624331,coo seg,2279,64,576,0.0889856,1.8033e-07,58.9833,339.742
cop20k_A.mtx,121192,121192,2624331,coo seg,2051,64,640,0.0953344,1.80553e-07,55.0553,317.117
cop20k_A.mtx,121192,121192,2624331,coo seg,1864,64,704,0.0991232,1.80557e-07,52.9509,304.996
cop20k_A.mtx,121192,121192,2624331,coo seg,1709,64,768,0.0746496,1.80487e-07,70.3106,404.987
cop20k_A.mtx,121192,121192,2624331,coo seg,1578,64,832,0.0770048,1.80492e-07,68.1602,392.601
cop20k_A.mtx,121192,121192,2624331,coo seg,1465,64,896,0.07936,1.80326e-07,66.1374,380.949
cop20k_A.mtx,121192,121192,2624331,coo seg,1367,64,960,0.08192,1.80461e-07,64.0706,369.045
cop20k_A.mtx,121192,121192,2624331,coo seg,1282,64,1024,0.082944,1.8038e-07,63.2796,364.489
cop20k_A.mtx,121192,121192,2624331,coo flat,27337,96,0,0.265011,1.14278e-07,19.8054,114.079
cop20k_A.mtx,121192,121192,2624331,csr scalar,1263,96,0,0.0802816,9.70613e-08,65.3781,260.424
cop20k_A.mtx,121192,121192,2624331,csr vector,40398,96,0,0.131789,1.86648e-07,39.8263,158.642
cop20k_A.mtx,121192,121192,2624331,coo seg,13669,96,64,0.073728,1.80978e-07,71.1895,410.05
cop20k_A.mtx,121192,121192,2624331,coo seg,6835,96,128,0.0723968,1.81054e-07,72.4985,417.589
cop20k_A.mtx,121192,121192,2624331,coo seg,4557,96,192,0.0750592,1.79951e-07,69.927,402.777
cop20k_A.mtx,121192,121192,2624331,coo seg,3418,96,256,0.0743424,1.80477e-07,70.6012,406.661
cop20k_A.mtx,121192,121192,2624331,coo seg,2734,96,320,0.0813056,1.80831e-07,64.5547,371.833
cop20k_A.mtx,121192,121192,2624331,coo seg,2279,96,384,0.0746496,1.803e-07,70.3106,404.987
cop20k_A.mtx,121192,121192,2624331,coo seg,1953,96,448,0.0784384,1.80246e-07,66.9144,385.425
cop20k_A.mtx,121192,121192,2624331,coo seg,1709,96,512,0.0830464,1.80157e-07,63.2016,364.039
cop20k_A.mtx,121192,121192,2624331,coo seg,1519,96,576,0.089088,1.8033e-07,58.9155,339.351
cop20k_A.mtx,121192,121192,2624331,coo seg,1367,96,640,0.0953344,1.80553e-07,55.0553,317.117
cop20k_A.mtx,121192,121192,2624331,coo seg,1243,96,704,0.09984,1.80557e-07,52.5707,302.806
cop20k_A.mtx,121192,121192,2624331,coo seg,1140,96,768,0.0738304,1.80487e-07,71.0908,409.481
cop20k_A.mtx,121192,121192,2624331,coo seg,1052,96,832,0.0765952,1.80492e-07,68.5247,394.7
cop20k_A.mtx,121192,121192,2624331,coo seg,977,96,896,0.0785408,1.80326e-07,66.8272,384.923
cop20k_A.mtx,121192,121192,2624331,coo seg,912,96,960,0.0799744,1.80461e-07,65.6293,378.023
cop20k_A.mtx,121192,121192,2624331,coo seg,855,96,1024,0.0807936,1.8038e-07,64.9638,374.19
cop20k_A.mtx,121192,121192,2624331,coo flat,20503,128,0,0.26071,1.14656e-07,20.1322,115.961
cop20k_A.mtx,121192,121192,2624331,csr scalar,947,128,0,0.0831488,9.70613e-08,63.1237,251.443
cop20k_A.mtx,121192,121192,2624331,csr vector,30298,128,0,0.121651,1.86648e-07,43.1452,171.862
cop20k_A.mtx,121192,121192,2624331,coo seg,10252,128,64,0.073216,1.80978e-07,71.6874,412.917
cop20k_A.mtx,121192,121192,2624331,coo seg,5126,128,128,0.0719872,1.81054e-07,72.911,419.965
cop20k_A.mtx,121192,121192,2624331,coo seg,3418,128,192,0.0743424,1.79951e-07,70.6012,406.661
cop20k_A.mtx,121192,121192,2624331,coo seg,2563,128,256,0.0741376,1.80477e-07,70.7962,407.784
cop20k_A.mtx,121192,121192,2624331,coo seg,2051,128,320,0.0811008,1.80831e-07,64.7178,372.772
cop20k_A.mtx,121192,121192,2624331,coo seg,1709,128,384,0.074752,1.803e-07,70.2143,404.432
cop20k_A.mtx,121192,121192,2624331,coo seg,1465,128,448,0.0779264,1.80246e-07,67.3541,387.958
cop20k_A.mtx,121192,121192,2624331,coo seg,1282,128,512,0.0828416,1.80157e-07,63.3578,364.939
cop20k_A.mtx,121192,121192,2624331,coo seg,1140,128,576,0.0892928,1.8033e-07,58.7803,338.573
cop20k_A.mtx,121192,121192,2624331,coo seg,1026,128,640,0.0950272,1.80553e-07,55.2333,318.142
cop20k_A.mtx,121192,121192,2624331,coo seg,932,128,704,0.100454,1.80557e-07,52.2492,300.954
cop20k_A.mtx,121192,121192,2624331,coo seg,855,128,768,0.073728,1.80487e-07,71.1895,410.05
cop20k_A.mtx,121192,121192,2624331,coo seg,789,128,832,0.0760832,1.80492e-07,68.9858,397.356
cop20k_A.mtx,121192,121192,2624331,coo seg,733,128,896,0.077824,1.80326e-07,67.4427,388.468
cop20k_A.mtx,121192,121192,2624331,coo seg,684,128,960,0.0805888,1.80461e-07,65.1289,375.141
cop20k_A.mtx,121192,121192,2624331,coo seg,641,128,1024,0.0804864,1.8038e-07,65.2118,375.618
cop20k_A.mtx,121192,121192,2624331,coo flat,16403,160,0,0.266445,1.18242e-07,19.6989,113.465
cop20k_A.mtx,121192,121192,2624331,csr scalar,758,160,0,0.0866304,9.70613e-08,60.5868,241.338
cop20k_A.mtx,121192,121192,2624331,csr vector,24239,160,0,0.130048,1.86648e-07,40.3594,160.765
cop20k_A.mtx,121192,121192,2624331,coo seg,8202,160,64,0.0751616,1.80978e-07,69.8317,402.228
cop20k_A.mtx,121192,121192,2624331,coo seg,4101,160,128,0.0733184,1.81054e-07,71.5872,412.34
cop20k_A.mtx,121192,121192,2624331,coo seg,2734,160,192,0.0772096,1.79951e-07,67.9794,391.559
cop20k_A.mtx,121192,121192,2624331,coo seg,2051,160,256,0.0802816,1.80477e-07,65.3781,376.576
cop20k_A.mtx,121192,121192,2624331,coo seg,1641,160,320,0.0805888,1.80831e-07,65.1289,375.141
cop20k_A.mtx,121192,121192,2624331,coo seg,1367,160,384,0.086016,1.803e-07,61.0196,351.471
cop20k_A.mtx,121192,121192,2624331,coo seg,1172,160,448,0.0780288,1.80246e-07,67.2657,387.448
cop20k_A.mtx,121192,121192,2624331,coo seg,1026,160,512,0.082432,1.80157e-07,63.6726,366.752
cop20k_A.mtx,121192,121192,2624331,coo seg,912,160,576,0.0894976,1.8033e-07,58.6458,337.798
cop20k_A.mtx,121192,121192,2624331,coo seg,821,160,640,0.0950272,1.80553e-07,55.2333,318.142
cop20k_A.mtx,121192,121192,2624331,coo seg,746,160,704,0.100045,1.80557e-07,52.4631,302.186
cop20k_A.mtx,121192,121192,2624331,coo seg,684,160,768,0.101786,1.80487e-07,51.5659,297.018
cop20k_A.mtx,121192,121192,2624331,coo seg,631,160,832,0.0748544,1.80492e-07,70.1183,403.879
cop20k_A.mtx,121192,121192,2624331,coo seg,586,160,896,0.077312,1.80326e-07,67.8894,391.041
cop20k_A.mtx,121192,121192,2624331,coo seg,547,160,960,0.0809984,1.80461e-07,64.7996,373.244
cop20k_A.mtx,121192,121192,2624331,coo seg,513,160,1024,0.0815104,1.8038e-07,64.3925,370.899
cop20k_A.mtx,121192,121192,2624331,coo flat,13669,192,0,0.270234,1.13927e-07,19.4227,111.874
cop20k_A.mtx,121192,121192,2624331,csr scalar,632,192,0,0.078336,9.70613e-08,67.0019,266.892
cop20k_A.mtx,121192,121192,2624331,csr vector,20199,192,0,0.127386,1.86648e-07,41.2029,164.125
cop20k_A.mtx,121192,121192,2624331,coo seg,6835,192,64,0.075776,1.80978e-07,69.2655,398.967
cop20k_A.mtx,121192,121192,2624331,coo seg,3418,192,128,0.0734208,1.81054e-07,71.4874,411.765
cop20k_A.mtx,121192,121192,2624331,coo seg,2279,192,192,0.0765952,1.79951e-07,68.5247,394.7
cop20k_A.mtx,121192,121192,2624331,coo seg,1709,192,256,0.0795648,1.80477e-07,65.9671,379.969
cop20k_A.mtx,121192,121192,2624331,coo seg,1367,192,320,0.0805888,1.80831e-07,65.1289,375.141
cop20k_A.mtx,121192,121192,2624331,coo seg,1140,192,384,0.0857088,1.803e-07,61.2383,352.731
cop20k_A.mtx,121192,121192,2624331,coo seg,977,192,448,0.0781312,1.80246e-07,67.1775,386.941
cop20k_A.mtx,121192,121192,2624331,coo seg,855,192,512,0.0825344,1.80157e-07,63.5936,366.297
cop20k_A.mtx,121192,121192,2624331,coo seg,760,192,576,0.0907264,1.8033e-07,57.8515,333.223
cop20k_A.mtx,121192,121192,2624331,coo seg,684,192,640,0.0943104,1.80553e-07,55.6531,320.56
cop20k_A.mtx,121192,121192,2624331,coo seg,622,192,704,0.100966,1.80557e-07,51.9842,299.428
cop20k_A.mtx,121192,121192,2624331,coo seg,570,192,768,0.102298,1.80487e-07,51.3078,295.531
cop20k_A.mtx,121192,121192,2624331,coo seg,526,192,832,0.0756736,1.80492e-07,69.3592,399.507
cop20k_A.mtx,121192,121192,2624331,coo seg,489,192,896,0.0774144,1.80326e-07,67.7996,390.523
cop20k_A.mtx,121192,121192,2624331,coo seg,456,192,960,0.0802816,1.80461e-07,65.3781,376.576
cop20k_A.mtx,121192,121192,2624331,coo seg,428,192,1024,0.081408,1.8038e-07,64.4735,371.366
cop20k_A.mtx,121192,121192,2624331,coo flat,11716,224,0,0.270336,1.17928e-07,19.4153,111.832
cop20k_A.mtx,121192,121192,2624331,csr scalar,542,224,0,0.0820224,9.70613e-08,63.9906,254.896
cop20k_A.mtx,121192,121192,2624331,csr vector,17314,224,0,0.12544,1.86648e-07,41.842,166.671
cop20k_A.mtx,121192,121192,2624331,coo seg,5858,224,64,0.0743424,1.80978e-07,70.6012,406.661
cop20k_A.mtx,121192,121192,2624331,coo seg,2929,224,128,0.0712704,1.81054e-07,73.6443,424.189
cop20k_A.mtx,121192,121192,2624331,coo seg,1953,224,192,0.0744448,1.79951e-07,70.5041,406.101
cop20k_A.mtx,121192,121192,2624331,coo seg,1465,224,256,0.0736256,1.80477e-07,71.2885,410.62
cop20k_A.mtx,121192,121192,2624331,coo seg,1172,224,320,0.0807936,1.80831e-07,64.9638,374.19
cop20k_A.mtx,121192,121192,2624331,coo seg,977,224,384,0.07424,1.803e-07,70.6986,407.222
cop20k_A.mtx,121192,121192,2624331,coo seg,837,224,448,0.078336,1.80246e-07,67.0019,385.929
cop20k_A.mtx,121192,121192,2624331,coo seg,733,224,512,0.0825344,1.80157e-07,63.5936,366.297
cop20k_A.mtx,121192,121192,2624331,coo seg,651,224,576,0.0892928,1.8033e-07,58.7803,338.573
cop20k_A.mtx,121192,121192,2624331,coo seg,586,224,640,0.095744,1.80553e-07,54.8197,315.76
cop20k_A.mtx,121192,121192,2624331,coo seg,533,224,704,0.100966,1.80557e-07,51.9842,299.428
cop20k_A.mtx,121192,121192,2624331,coo seg,489,224,768,0.0733184,1.80487e-07,71.5872,412.34
cop20k_A.mtx,121192,121192,2624331,coo seg,451,224,832,0.0761856,1.80492e-07,68.8931,396.822
cop20k_A.mtx,121192,121192,2624331,coo seg,419,224,896,0.077312,1.80326e-07,67.8894,391.041
cop20k_A.mtx,121192,121192,2624331,coo seg,391,224,960,0.0806912,1.80461e-07,65.0463,374.665
cop20k_A.mtx,121192,121192,2624331,coo seg,367,224,1024,0.0801792,1.8038e-07,65.4616,377.057
cop20k_A.mtx,121192,121192,2624331,coo flat,10252,256,0,0.268083,1.15799e-07,19.5785,112.771
cop20k_A.mtx,121192,121192,2624331,csr scalar,474,256,0,0.0871424,9.70613e-08,60.2309,239.92
cop20k_A.mtx,121192,121192,2624331,csr vector,15149,256,0,0.117862,1.86648e-07,44.5321,177.387
cop20k_A.mtx,121192,121192,2624331,coo seg,5126,256,64,0.0740352,1.80979e-07,70.8941,408.348
cop20k_A.mtx,121192,121192,2624331,coo seg,2563,256,128,0.0710656,1.81054e-07,73.8566,425.412
cop20k_A.mtx,121192,121192,2624331,coo seg,1709,256,192,0.0740352,1.79951e-07,70.8941,408.348
cop20k_A.mtx,121192,121192,2624331,coo seg,1282,256,256,0.0736256,1.80477e-07,71.2885,410.62
cop20k_A.mtx,121192,121192,2624331,coo seg,1026,256,320,0.0801792,1.80831e-07,65.4616,377.057
cop20k_A.mtx,121192,121192,2624331,coo seg,855,256,384,0.07424,1.803e-07,70.6986,407.222
cop20k_A.mtx,121192,121192,2624331,coo seg,733,256,448,0.077824,1.80246e-07,67.4427,388.468
cop20k_A.mtx,121192,121192,2624331,coo seg,641,256,512,0.0820224,1.80157e-07,63.9906,368.584
cop20k_A.mtx,121192,121192,2624331,coo seg,570,256,576,0.0887808,1.8033e-07,59.1193,340.526
cop20k_A.mtx,121192,121192,2624331,coo seg,513,256,640,0.0961536,1.80553e-07,54.5862,314.415
cop20k_A.mtx,121192,121192,2624331,coo seg,466,256,704,0.1024,1.80557e-07,51.2565,295.236
cop20k_A.mtx,121192,121192,2624331,coo seg,428,256,768,0.073216,1.80487e-07,71.6874,412.917
cop20k_A.mtx,121192,121192,2624331,coo seg,395,256,832,0.0763904,1.80492e-07,68.7084,395.758
cop20k_A.mtx,121192,121192,2624331,coo seg,367,256,896,0.0768,1.80326e-07,68.3419,393.648
cop20k_A.mtx,121192,121192,2624331,coo seg,342,256,960,0.0805888,1.80461e-07,65.1289,375.141
cop20k_A.mtx,121192,121192,2624331,coo seg,321,256,1024,0.0794624,1.8038e-07,66.0521,380.458
cop20k_A.mtx,121192,121192,2624331,coo flat,9113,288,0,0.27136,1.2126e-07,19.3421,111.41
cop20k_A.mtx,121192,121192,2624331,csr scalar,421,288,0,0.0904192,9.70613e-08,58.0481,231.225
cop20k_A.mtx,121192,121192,2624331,csr vector,13466,288,0,0.125952,1.86648e-07,41.6719,165.994
cop20k_A.mtx,121192,121192,2624331,coo seg,4557,288,64,0.0746496,1.80978e-07,70.3106,404.987
cop20k_A.mtx,121192,121192,2624331,coo seg,2279,288,128,0.0714752,1.81054e-07,73.4333,422.974
cop20k_A.mtx,121192,121192,2624331,coo seg,1519,288,192,0.0746496,1.79951e-07,70.3106,404.987
cop20k_A.mtx,121192,121192,2624331,coo seg,1140,288,256,0.073728,1.80477e-07,71.1895,410.05
cop20k_A.mtx,121192,121192,2624331,coo seg,912,288,320,0.0807936,1.80831e-07,64.9638,374.19
cop20k_A.mtx,121192,121192,2624331,coo seg,760,288,384,0.0744448,1.803e-07,70.5041,406.101
cop20k_A.mtx,121192,121192,2624331,coo seg,651,288,448,0.0781312,1.80246e-07,67.1775,386.941
cop20k_A.mtx,121192,121192,2624331,coo seg,570,288,512,0.0830464,1.80157e-07,63.2016,364.039
cop20k_A.mtx,121192,121192,2624331,coo seg,507,288,576,0.0891904,1.8033e-07,58.8478,338.962
cop20k_A.mtx,121192,121192,2624331,coo seg,456,288,640,0.0960512,1.80553e-07,54.6444,314.75
cop20k_A.mtx,121192,121192,2624331,coo seg,415,288,704,0.101786,1.80557e-07,51.5659,297.018
cop20k_A.mtx,121192,121192,2624331,coo seg,380,288,768,0.073728,1.80487e-07,71.1895,410.05
cop20k_A.mtx,121192,121192,2624331,coo seg,351,288,832,0.0754688,1.80492e-07,69.5474,400.591
cop20k_A.mtx,121192,121192,2624331,coo seg,326,288,896,0.0776192,1.80326e-07,67.6207,389.493
cop20k_A.mtx,121192,121192,2624331,coo seg,304,288,960,0.0782336,1.80461e-07,67.0896,386.434
cop20k_A.mtx,121192,121192,2624331,coo seg,285,288,1024,0.0806912,1.8038e-07,65.0463,374.665
cop20k_A.mtx,121192,121192,2624331,coo flat,8202,320,0,0.27351,1.1583e-07,19.19,110.534
cop20k_A.mtx,121192,121192,2624331,csr scalar,379,320,0,0.091648,9.70613e-08,57.2698,228.125
cop20k_A.mtx,121192,121192,2624331,csr vector,12120,320,0,0.128102,1.86648e-07,40.9724,163.207
cop20k_A.mtx,121192,121192,2624331,coo seg,4101,320,64,0.076288,1.80978e-07,68.8006,396.29
cop20k_A.mtx,121192,121192,2624331,coo seg,2051,320,128,0.0740352,1.81054e-07,70.8941,408.348
cop20k_A.mtx,121192,121192,2624331,coo seg,1367,320,192,0.0785408,1.79951e-07,66.8272,384.923
cop20k_A.mtx,121192,121192,2624331,coo seg,1026,320,256,0.0796672,1.80477e-07,65.8823,379.48
cop20k_A.mtx,121192,121192,2624331,coo seg,821,320,320,0.0805888,1.80831e-07,65.1289,375.141
cop20k_A.mtx,121192,121192,2624331,coo seg,684,320,384,0.086016,1.803e-07,61.0196,351.471
cop20k_A.mtx,121192,121192,2624331,coo seg,586,320,448,0.078848,1.80246e-07,66.5668,383.423
cop20k_A.mtx,121192,121192,2624331,coo seg,513,320,512,0.0830464,1.80157e-07,63.2016,364.039
cop20k_A.mtx,121192,121192,2624331,coo seg,456,320,576,0.0893952,1.8033e-07,58.713,338.185
cop20k_A.mtx,121192,121192,2624331,coo seg,411,320,640,0.095744,1.80553e-07,54.8197,315.76
cop20k_A.mtx,121192,121192,2624331,coo seg,373,320,704,0.102707,1.80557e-07,51.1032,294.353
cop20k_A.mtx,121192,121192,2624331,coo seg,342,320,768,0.104858,1.80487e-07,50.0551,288.316
cop20k_A.mtx,121192,121192,2624331,coo seg,316,320,832,0.074752,1.80492e-07,70.2143,404.432
cop20k_A.mtx,121192,121192,2624331,coo seg,293,320,896,0.0766976,1.80326e-07,68.4332,394.173
cop20k_A.mtx,121192,121192,2624331,coo seg,274,320,960,0.080896,1.80461e-07,64.8816,373.716
cop20k_A.mtx,121192,121192,2624331,coo seg,257,320,1024,0.0801792,1.8038e-07,65.4616,377.057
cop20k_A.mtx,121192,121192,2624331,coo flat,7456,352,0,0.280269,1.16e-07,18.7272,107.868
cop20k_A.mtx,121192,121192,2624331,csr scalar,345,352,0,0.0871424,9.70613e-08,60.2309,239.92
cop20k_A.mtx,121192,121192,2624331,csr vector,11018,352,0,0.137011,1.86648e-07,38.3083,152.595
cop20k_A.mtx,121192,121192,2624331,coo seg,3728,352,64,0.0802816,1.80978e-07,65.3781,376.576
cop20k_A.mtx,121192,121192,2624331,coo seg,1864,352,128,0.0758784,1.81054e-07,69.172,398.429
cop20k_A.mtx,121192,121192,2624331,coo seg,1243,352,192,0.0795648,1.79951e-07,65.9671,379.969
cop20k_A.mtx,121192,121192,2624331,coo seg,932,352,256,0.0811008,1.80477e-07,64.7178,372.772
cop20k_A.mtx,121192,121192,2624331,coo seg,746,352,320,0.08192,1.80831e-07,64.0706,369.045
cop20k_A.mtx,121192,121192,2624331,coo seg,622,352,384,0.0883712,1.803e-07,59.3934,342.104
cop20k_A.mtx,121192,121192,2624331,coo seg,533,352,448,0.078336,1.80246e-07,67.0019,385.929
cop20k_A.mtx,121192,121192,2624331,coo seg,466,352,512,0.082432,1.80157e-07,63.6726,366.752
cop20k_A.mtx,121192,121192,2624331,coo seg,415,352,576,0.0904192,1.8033e-07,58.0481,334.355
cop20k_A.mtx,121192,121192,2624331,coo seg,373,352,640,0.0956416,1.80553e-07,54.8784,316.098
cop20k_A.mtx,121192,121192,2624331,coo seg,339,352,704,0.102502,1.80557e-07,51.2053,294.941
cop20k_A.mtx,121192,121192,2624331,coo seg,311,352,768,0.108954,1.80487e-07,48.1734,277.477
cop20k_A.mtx,121192,121192,2624331,coo seg,287,352,832,0.111923,1.80492e-07,46.8952,270.115
cop20k_A.mtx,121192,121192,2624331,coo seg,267,352,896,0.0768,1.80326e-07,68.342,393.648
cop20k_A.mtx,121192,121192,2624331,coo seg,249,352,960,0.0786432,1.80461e-07,66.7402,384.422
cop20k_A.mtx,121192,121192,2624331,coo seg,233,352,1024,0.0795648,1.8038e-07,65.9671,379.969
cop20k_A.mtx,121192,121192,2624331,coo flat,6835,384,0,0.281395,1.15471e-07,18.6523,107.437
cop20k_A.mtx,121192,121192,2624331,csr scalar,316,384,0,0.0951296,9.70613e-08,55.1738,219.776
cop20k_A.mtx,121192,121192,2624331,csr vector,10100,384,0,0.127795,1.86648e-07,41.0709,163.599
cop20k_A.mtx,121192,121192,2624331,coo seg,3418,384,64,0.0766976,1.80978e-07,68.4332,394.173
cop20k_A.mtx,121192,121192,2624331,coo seg,1709,384,128,0.0739328,1.81054e-07,70.9923,408.914
cop20k_A.mtx,121192,121192,2624331,coo seg,1140,384,192,0.077824,1.79951e-07,67.4427,388.468
cop20k_A.mtx,121192,121192,2624331,coo seg,855,384,256,0.0801792,1.80477e-07,65.4616,377.057
cop20k_A.mtx,121192,121192,2624331,coo seg,684,384,320,0.0823296,1.80831e-07,63.7518,367.209
cop20k_A.mtx,121192,121192,2624331,coo seg,570,384,384,0.0862208,1.803e-07,60.8747,350.636
cop20k_A.mtx,121192,121192,2624331,coo seg,489,384,448,0.0790528,1.80246e-07,66.3944,382.43
cop20k_A.mtx,121192,121192,2624331,coo seg,428,384,512,0.0831488,1.80157e-07,63.1237,363.591
cop20k_A.mtx,121192,121192,2624331,coo seg,380,384,576,0.0900096,1.8033e-07,58.3122,335.877
cop20k_A.mtx,121192,121192,2624331,coo seg,342,384,640,0.0950272,1.80553e-07,55.2333,318.142
cop20k_A.mtx,121192,121192,2624331,coo seg,311,384,704,0.102093,1.80557e-07,51.4107,296.124
cop20k_A.mtx,121192,121192,2624331,coo seg,285,384,768,0.103117,1.80487e-07,50.9002,293.183
cop20k_A.mtx,121192,121192,2624331,coo seg,263,384,832,0.0749568,1.80492e-07,70.0225,403.327
cop20k_A.mtx,121192,121192,2624331,coo seg,245,384,896,0.0755712,1.80326e-07,69.4532,400.048
cop20k_A.mtx,121192,121192,2624331,coo seg,228,384,960,0.0800768,1.80461e-07,65.5453,377.539
cop20k_A.mtx,121192,121192,2624331,coo seg,214,384,1024,0.0804864,1.8038e-07,65.2118,375.618
cop20k_A.mtx,121192,121192,2624331,coo flat,6309,416,0,0.284672,1.1872e-07,18.4376,106.2
cop20k_A.mtx,121192,121192,2624331,csr scalar,292,416,0,0.0914432,9.70613e-08,57.3981,228.636
cop20k_A.mtx,121192,121192,2624331,csr vector,9323,416,0,0.144179,1.86648e-07,36.4037,145.009
cop20k_A.mtx,121192,121192,2624331,coo seg,3155,416,64,0.0828416,1.80978e-07,63.3578,364.939
cop20k_A.mtx,121192,121192,2624331,coo seg,1578,416,128,0.0785408,1.81054e-07,66.8272,384.923
cop20k_A.mtx,121192,121192,2624331,coo seg,1052,416,192,0.0794624,1.79951e-07,66.0522,380.458
cop20k_A.mtx,121192,121192,2624331,coo seg,789,416,256,0.0812032,1.80477e-07,64.6361,372.302
cop20k_A.mtx,121192,121192,2624331,coo seg,631,416,320,0.0806912,1.80831e-07,65.0463,374.665
cop20k_A.mtx,121192,121192,2624331,coo seg,526,416,384,0.088576,1.803e-07,59.256,341.313
cop20k_A.mtx,121192,121192,2624331,coo seg,451,416,448,0.0927744,1.80246e-07,56.5745,325.867
cop20k_A.mtx,121192,121192,2624331,coo seg,395,416,512,0.0804864,1.80157e-07,65.2118,375.618
cop20k_A.mtx,121192,121192,2624331,coo seg,351,416,576,0.0891904,1.8033e-07,58.8478,338.962
cop20k_A.mtx,121192,121192,2624331,coo seg,316,416,640,0.0965632,1.80553e-07,54.3547,313.081
cop20k_A.mtx,121192,121192,2624331,coo seg,287,416,704,0.104038,1.80557e-07,50.4493,290.586
cop20k_A.mtx,121192,121192,2624331,coo seg,263,416,768,0.109363,1.80487e-07,47.9929,276.438
cop20k_A.mtx,121192,121192,2624331,coo seg,243,416,832,0.113254,1.80492e-07,46.344,266.94
cop20k_A.mtx,121192,121192,2624331,coo seg,226,416,896,0.110899,1.80326e-07,47.3282,272.609
cop20k_A.mtx,121192,121192,2624331,coo seg,211,416,960,0.0800768,1.80461e-07,65.5453,377.539
cop20k_A.mtx,121192,121192,2624331,coo seg,198,416,1024,0.079872,1.8038e-07,65.7134,378.507
cop20k_A.mtx,121192,121192,2624331,coo flat,5858,448,0,0.285901,1.15695e-07,18.3583,105.743
cop20k_A.mtx,121192,121192,2624331,csr scalar,271,448,0,0.098816,9.70613e-08,53.1155,211.577
cop20k_A.mtx,121192,121192,2624331,csr vector,8657,448,0,0.13527,1.86648e-07,38.8013,154.559
cop20k_A.mtx,121192,121192,2624331,coo seg,2929,448,64,0.0799744,1.80978e-07,65.6293,378.023
cop20k_A.mtx,121192,121192,2624331,coo seg,1465,448,128,0.0761856,1.81054e-07,68.8931,396.822
cop20k_A.mtx,121192,121192,2624331,coo seg,977,448,192,0.0794624,1.79951e-07,66.0521,380.458
cop20k_A.mtx,121192,121192,2624331,coo seg,733,448,256,0.0815104,1.80477e-07,64.3925,370.899
cop20k_A.mtx,121192,121192,2624331,coo seg,586,448,320,0.0815104,1.80831e-07,64.3925,370.899
cop20k_A.mtx,121192,121192,2624331,coo seg,489,448,384,0.0881664,1.803e-07,59.5313,342.899
cop20k_A.mtx,121192,121192,2624331,coo seg,419,448,448,0.0789504,1.80246e-07,66.4805,382.926
cop20k_A.mtx,121192,121192,2624331,coo seg,367,448,512,0.0830464,1.80157e-07,63.2016,364.039
cop20k_A.mtx,121192,121192,2624331,coo seg,326,448,576,0.0913408,1.8033e-07,57.4624,330.982
cop20k_A.mtx,121192,121192,2624331,coo seg,293,448,640,0.09728,1.80553e-07,53.9542,310.774
cop20k_A.mtx,121192,121192,2624331,coo seg,267,448,704,0.102502,1.80557e-07,51.2053,294.941
cop20k_A.mtx,121192,121192,2624331,coo seg,245,448,768,0.108237,1.80487e-07,48.4924,279.315
cop20k_A.mtx,121192,121192,2624331,coo seg,226,448,832,0.105984,1.80492e-07,49.5232,285.252
cop20k_A.mtx,121192,121192,2624331,coo seg,210,448,896,0.0772096,1.80326e-07,67.9794,391.559
cop20k_A.mtx,121192,121192,2624331,coo seg,196,448,960,0.0789504,1.80461e-07,66.4805,382.926
cop20k_A.mtx,121192,121192,2624331,coo seg,184,448,1024,0.0797696,1.8038e-07,65.7978,378.993
cop20k_A.mtx,121192,121192,2624331,coo flat,5468,480,0,0.276992,1.20372e-07,18.9488,109.144
cop20k_A.mtx,121192,121192,2624331,csr scalar,253,480,0,0.105779,9.70613e-08,49.619,197.65
cop20k_A.mtx,121192,121192,2624331,csr vector,8080,480,0,0.133632,1.86648e-07,39.277,156.454
cop20k_A.mtx,121192,121192,2624331,coo seg,2734,480,64,0.0776192,1.80978e-07,67.6207,389.493
cop20k_A.mtx,121192,121192,2624331,coo seg,1367,480,128,0.0759808,1.81054e-07,69.0788,397.892
cop20k_A.mtx,121192,121192,2624331,coo seg,912,480,192,0.0785408,1.79951e-07,66.8272,384.923
cop20k_A.mtx,121192,121192,2624331,coo seg,684,480,256,0.0805888,1.80477e-07,65.1289,375.141
cop20k_A.mtx,121192,121192,2624331,coo seg,547,480,320,0.0821248,1.80831e-07,63.9108,368.124
cop20k_A.mtx,121192,121192,2624331,coo seg,456,480,384,0.0866304,1.803e-07,60.5868,348.978
cop20k_A.mtx,121192,121192,2624331,coo seg,391,480,448,0.0789504,1.80246e-07,66.4805,382.926
cop20k_A.mtx,121192,121192,2624331,coo seg,342,480,512,0.0842752,1.80157e-07,62.28,358.731
cop20k_A.mtx,121192,121192,2624331,coo seg,304,480,576,0.0914432,1.8033e-07,57.3981,330.611
cop20k_A.mtx,121192,121192,2624331,coo seg,274,480,640,0.0969728,1.80553e-07,54.1251,311.759
cop20k_A.mtx,121192,121192,2624331,coo seg,249,480,704,0.1024,1.80557e-07,51.2565,295.236
cop20k_A.mtx,121192,121192,2624331,coo seg,228,480,768,0.103322,1.80487e-07,50.7993,292.602
cop20k_A.mtx,121192,121192,2624331,coo seg,211,480,832,0.075776,1.80492e-07,69.2655,398.967
cop20k_A.mtx,121192,121192,2624331,coo seg,196,480,896,0.0764928,1.80326e-07,68.6164,395.229
cop20k_A.mtx,121192,121192,2624331,coo seg,183,480,960,0.078336,1.80461e-07,67.0019,385.929
cop20k_A.mtx,121192,121192,2624331,coo seg,171,480,1024,0.080384,1.8038e-07,65.2949,376.096
cop20k_A.mtx,121192,121192,2624331,coo flat,5126,512,0,0.277094,1.17229e-07,18.9418,109.104
cop20k_A.mtx,121192,121192,2624331,csr scalar,237,512,0,0.100352,9.70613e-08,52.3025,208.339
cop20k_A.mtx,121192,121192,2624331,csr vector,7575,512,0,0.126259,1.86648e-07,41.5705,165.59
cop20k_A.mtx,121192,121192,2624331,coo seg,2563,512,64,0.074752,1.80978e-07,70.2143,404.432
cop20k_A.mtx,121192,121192,2624331,coo seg,1282,512,128,0.0713728,1.81054e-07,73.5387,423.581
cop20k_A.mtx,121192,121192,2624331,coo seg,855,512,192,0.0735232,1.79951e-07,71.3878,411.192
cop20k_A.mtx,121192,121192,2624331,coo seg,641,512,256,0.0734208,1.80477e-07,71.4874,411.765
cop20k_A.mtx,121192,121192,2624331,coo seg,513,512,320,0.0805888,1.80831e-07,65.1289,375.141
cop20k_A.mtx,121192,121192,2624331,coo seg,428,512,384,0.0738304,1.803e-07,71.0908,409.481
cop20k_A.mtx,121192,121192,2624331,coo seg,367,512,448,0.0785408,1.80246e-07,66.8272,384.923
cop20k_A.mtx,121192,121192,2624331,coo seg,321,512,512,0.0820224,1.80157e-07,63.9906,368.584
cop20k_A.mtx,121192,121192,2624331,coo seg,285,512,576,0.0897024,1.8033e-07,58.5119,337.027
cop20k_A.mtx,121192,121192,2624331,coo seg,257,512,640,0.0965632,1.80553e-07,54.3547,313.081
cop20k_A.mtx,121192,121192,2624331,coo seg,233,512,704,0.1024,1.80557e-07,51.2565,295.236
cop20k_A.mtx,121192,121192,2624331,coo seg,214,512,768,0.073216,1.80487e-07,71.6874,412.917
cop20k_A.mtx,121192,121192,2624331,coo seg,198,512,832,0.0746496,1.80492e-07,70.3107,404.987
cop20k_A.mtx,121192,121192,2624331,coo seg,184,512,896,0.075264,1.80326e-07,69.7367,401.681
cop20k_A.mtx,121192,121192,2624331,coo seg,171,512,960,0.0799744,1.80461e-07,65.6293,378.023
cop20k_A.mtx,121192,121192,2624331,coo seg,161,512,1024,0.0794624,1.8038e-07,66.0522,380.458
cop20k_A.mtx,121192,121192,2624331,coo flat,4825,544,0,0.294605,1.15382e-07,17.8159,102.619
cop20k_A.mtx,121192,121192,2624331,csr scalar,223,544,0,0.0960512,9.70613e-08,54.6444,217.667
cop20k_A.mtx,121192,121192,2624331,csr vector,7129,544,0,0.148787,1.86648e-07,35.2763,140.518
cop20k_A.mtx,121192,121192,2624331,coo seg,2413,544,64,0.08448,1.80978e-07,62.1291,357.861
cop20k_A.mtx,121192,121192,2624331,coo seg,1207,544,128,0.0816128,1.81054e-07,64.3117,370.434
cop20k_A.mtx,121192,121192,2624331,coo seg,805,544,192,0.0801792,1.79951e-07,65.4616,377.057
cop20k_A.mtx,121192,121192,2624331,coo seg,604,544,256,0.0813056,1.80477e-07,64.5547,371.833
cop20k_A.mtx,121192,121192,2624331,coo seg,483,544,320,0.080896,1.80831e-07,64.8816,373.716
cop20k_A.mtx,121192,121192,2624331,coo seg,403,544,384,0.0893952,1.803e-07,58.713,338.185
cop20k_A.mtx,121192,121192,2624331,coo seg,345,544,448,0.096256,1.80246e-07,54.5282,314.081
cop20k_A.mtx,121192,121192,2624331,coo seg,302,544,512,0.0806912,1.80157e-07,65.0463,374.665
cop20k_A.mtx,121192,121192,2624331,coo seg,269,544,576,0.0894976,1.8033e-07,58.6458,337.798
cop20k_A.mtx,121192,121192,2624331,coo seg,242,544,640,0.0966656,1.80553e-07,54.2971,312.75
cop20k_A.mtx,121192,121192,2624331,coo seg,220,544,704,0.102605,1.80557e-07,51.1542,294.646
cop20k_A.mtx,121192,121192,2624331,coo seg,202,544,768,0.108954,1.80487e-07,48.1734,277.477
cop20k_A.mtx,121192,121192,2624331,coo seg,186,544,832,0.115507,1.80492e-07,45.4401,261.734
cop20k_A.mtx,121192,121192,2624331,coo seg,173,544,896,0.117043,1.80326e-07,44.8438,258.299
cop20k_A.mtx,121192,121192,2624331,coo seg,161,544,960,0.0812032,1.80461e-07,64.6361,372.302
cop20k_A.mtx,121192,121192,2624331,coo seg,151,544,1024,0.0812032,1.8038e-07,64.6361,372.302
cop20k_A.mtx,121192,121192,2624331,coo flat,4557,576,0,0.293478,1.13535e-07,17.8843,103.013
cop20k_A.mtx,121192,121192,2624331,csr scalar,211,576,0,0.103117,9.70613e-08,50.9002,202.753
cop20k_A.mtx,121192,121192,2624331,csr vector,6733,576,0,0.14295,1.86648e-07,36.7167,146.255
cop20k_A.mtx,121192,121192,2624331,coo seg,2279,576,64,0.0827392,1.80978e-07,63.4362,365.391
cop20k_A.mtx,121192,121192,2624331,coo seg,1140,576,128,0.0774144,1.81054e-07,67.7996,390.523
cop20k_A.mtx,121192,121192,2624331,coo seg,760,576,192,0.080896,1.79951e-07,64.8816,373.716
cop20k_A.mtx,121192,121192,2624331,coo seg,570,576,256,0.0821248,1.80477e-07,63.9108,368.124
cop20k_A.mtx,121192,121192,2624331,coo seg,456,576,320,0.0809984,1.80831e-07,64.7996,373.244
cop20k_A.mtx,121192,121192,2624331,coo seg,380,576,384,0.0886784,1.803e-07,59.1876,340.919
cop20k_A.mtx,121192,121192,2624331,coo seg,326,576,448,0.0782336,1.80246e-07,67.0896,386.434
cop20k_A.mtx,121192,121192,2624331,coo seg,285,576,512,0.0811008,1.80157e-07,64.7178,372.772
cop20k_A.mtx,121192,121192,2624331,coo seg,254,576,576,0.0909312,1.8033e-07,57.7212,332.473
cop20k_A.mtx,121192,121192,2624331,coo seg,228,576,640,0.0974848,1.80553e-07,53.8408,310.122
cop20k_A.mtx,121192,121192,2624331,coo seg,208,576,704,0.103117,1.80557e-07,50.9002,293.183
cop20k_A.mtx,121192,121192,2624331,coo seg,190,576,768,0.108646,1.80487e-07,48.3096,278.262
cop20k_A.mtx,121192,121192,2624331,coo seg,176,576,832,0.113459,1.80492e-07,46.2603,266.458
cop20k_A.mtx,121192,121192,2624331,coo seg,163,576,896,0.0777216,1.80326e-07,67.5316,388.98
cop20k_A.mtx,121192,121192,2624331,coo seg,152,576,960,0.0797696,1.80461e-07,65.7978,378.993
cop20k_A.mtx,121192,121192,2624331,coo seg,143,576,1024,0.0804864,1.8038e-07,65.2118,375.618
cop20k_A.mtx,121192,121192,2624331,coo flat,4317,608,0,0.287949,1.16534e-07,18.2278,104.991
cop20k_A.mtx,121192,121192,2624331,csr scalar,200,608,0,0.109773,9.70613e-08,47.8139,190.459
cop20k_A.mtx,121192,121192,2624331,csr vector,6379,608,0,0.1408,1.86648e-07,37.2774,148.489
cop20k_A.mtx,121192,121192,2624331,coo seg,2159,608,64,0.0807936,1.80978e-07,64.9638,374.19
cop20k_A.mtx,121192,121192,2624331,coo seg,1080,608,128,0.0765952,1.81054e-07,68.5247,394.7
cop20k_A.mtx,121192,121192,2624331,coo seg,720,608,192,0.0804864,1.79951e-07,65.2118,375.618
cop20k_A.mtx,121192,121192,2624331,coo seg,540,608,256,0.0822272,1.80477e-07,63.8312,367.666
cop20k_A.mtx,121192,121192,2624331,coo seg,432,608,320,0.0820224,1.80831e-07,63.9906,368.584
cop20k_A.mtx,121192,121192,2624331,coo seg,360,608,384,0.0873472,1.803e-07,60.0896,346.115
cop20k_A.mtx,121192,121192,2624331,coo seg,309,608,448,0.078336,1.80246e-07,67.0019,385.929
cop20k_A.mtx,121192,121192,2624331,coo seg,270,608,512,0.0831488,1.80157e-07,63.1237,363.591
cop20k_A.mtx,121192,121192,2624331,coo seg,240,608,576,0.0910336,1.8033e-07,57.6563,332.099
cop20k_A.mtx,121192,121192,2624331,coo seg,216,608,640,0.0961536,1.80553e-07,54.5862,314.415
cop20k_A.mtx,121192,121192,2624331,coo seg,197,608,704,0.103117,1.80557e-07,50.9002,293.183
cop20k_A.mtx,121192,121192,2624331,coo seg,180,608,768,0.107418,1.80487e-07,48.8622,281.445
cop20k_A.mtx,121192,121192,2624331,coo seg,167,608,832,0.0760832,1.80492e-07,68.9858,397.356
cop20k_A.mtx,121192,121192,2624331,coo seg,155,608,896,0.0771072,1.80326e-07,68.0697,392.079
cop20k_A.mtx,121192,121192,2624331,coo seg,144,608,960,0.079872,1.80461e-07,65.7134,378.507
cop20k_A.mtx,121192,121192,2624331,coo seg,135,608,1024,0.0813056,1.8038e-07,64.5547,371.833
cop20k_A.mtx,121192,121192,2624331,coo flat,4101,640,0,0.28416,1.14245e-07,18.4708,106.391
cop20k_A.mtx,121192,121192,2624331,csr scalar,190,640,0,0.118784,9.70613e-08,44.1866,176.01
cop20k_A.mtx,121192,121192,2624331,csr vector,6060,640,0,0.135373,1.86648e-07,38.7719,154.442
cop20k_A.mtx,121192,121192,2624331,coo seg,2051,640,64,0.0787456,1.80978e-07,66.6534,383.922
cop20k_A.mtx,121192,121192,2624331,coo seg,1026,640,128,0.0749568,1.81054e-07,70.0225,403.327
cop20k_A.mtx,121192,121192,2624331,coo seg,684,640,192,0.0781312,1.79951e-07,67.1775,386.941
cop20k_A.mtx,121192,121192,2624331,coo seg,513,640,256,0.0801792,1.80477e-07,65.4616,377.057
cop20k_A.mtx,121192,121192,2624331,coo seg,411,640,320,0.0816128,1.80831e-07,64.3117,370.434
cop20k_A.mtx,121192,121192,2624331,coo seg,342,640,384,0.086016,1.803e-07,61.0196,351.471
cop20k_A.mtx,121192,121192,2624331,coo seg,293,640,448,0.0787456,1.80246e-07,66.6534,383.922
cop20k_A.mtx,121192,121192,2624331,coo seg,257,640,512,0.0842752,1.80157e-07,62.28,358.731
cop20k_A.mtx,121192,121192,2624331,coo seg,228,640,576,0.0903168,1.8033e-07,58.1139,334.734
cop20k_A.mtx,121192,121192,2624331,coo seg,206,640,640,0.0961536,1.80553e-07,54.5862,314.415
cop20k_A.mtx,121192,121192,2624331,coo seg,187,640,704,0.10199,1.80557e-07,51.4623,296.421
cop20k_A.mtx,121192,121192,2624331,coo seg,171,640,768,0.105779,1.80487e-07,49.619,285.804
cop20k_A.mtx,121192,121192,2624331,coo seg,158,640,832,0.0758784,1.80492e-07,69.172,398.429
cop20k_A.mtx,121192,121192,2624331,coo seg,147,640,896,0.0771072,1.80326e-07,68.0697,392.079
cop20k_A.mtx,121192,121192,2624331,coo seg,137,640,960,0.0802816,1.80461e-07,65.3781,376.576
cop20k_A.mtx,121192,121192,2624331,coo seg,129,640,1024,0.0823296,1.8038e-07,63.7518,367.209
cop20k_A.mtx,121192,121192,2624331,coo flat,3906,672,0,0.279245,1.18365e-07,18.7959,108.264
cop20k_A.mtx,121192,121192,2624331,csr scalar,181,672,0,0.121344,9.70613e-08,43.2544,172.297
cop20k_A.mtx,121192,121192,2624331,csr vector,5772,672,0,0.135885,1.86648e-07,38.6258,153.86
cop20k_A.mtx,121192,121192,2624331,coo seg,1953,672,64,0.0766976,1.80978e-07,68.4332,394.173
cop20k_A.mtx,121192,121192,2624331,coo seg,977,672,128,0.0724992,1.81054e-07,72.3961,417
cop20k_A.mtx,121192,121192,2624331,coo seg,651,672,192,0.0731136,1.79951e-07,71.7878,413.495
cop20k_A.mtx,121192,121192,2624331,coo seg,489,672,256,0.0739328,1.80477e-07,70.9923,408.914
cop20k_A.mtx,121192,121192,2624331,coo seg,391,672,320,0.0809984,1.80831e-07,64.7996,373.244
cop20k_A.mtx,121192,121192,2624331,coo seg,326,672,384,0.0740352,1.803e-07,70.8941,408.348
cop20k_A.mtx,121192,121192,2624331,coo seg,279,672,448,0.0801792,1.80246e-07,65.4616,377.057
cop20k_A.mtx,121192,121192,2624331,coo seg,245,672,512,0.0830464,1.80157e-07,63.2016,364.039
cop20k_A.mtx,121192,121192,2624331,coo seg,217,672,576,0.0902144,1.8033e-07,58.1799,335.114
cop20k_A.mtx,121192,121192,2624331,coo seg,196,672,640,0.0955392,1.80553e-07,54.9373,316.437
cop20k_A.mtx,121192,121192,2624331,coo seg,178,672,704,0.101786,1.80557e-07,51.5659,297.018
cop20k_A.mtx,121192,121192,2624331,coo seg,163,672,768,0.0736256,1.80487e-07,71.2885,410.62
cop20k_A.mtx,121192,121192,2624331,coo seg,151,672,832,0.0759808,1.80492e-07,69.0788,397.892
cop20k_A.mtx,121192,121192,2624331,coo seg,140,672,896,0.0769024,1.80326e-07,68.251,393.123
cop20k_A.mtx,121192,121192,2624331,coo seg,131,672,960,0.0799744,1.80461e-07,65.6293,378.023
cop20k_A.mtx,121192,121192,2624331,coo seg,123,672,1024,0.082944,1.8038e-07,63.2796,364.489
cop20k_A.mtx,121192,121192,2624331,coo flat,3728,704,0,0.299418,1.07686e-07,17.5296,100.97
cop20k_A.mtx,121192,121192,2624331,csr scalar,173,704,0,0.11817,9.70613e-08,44.4163,176.926
cop20k_A.mtx,121192,121192,2624331,csr vector,5509,704,0,0.164864,1.86648e-07,31.8363,126.815
cop20k_A.mtx,121192,121192,2624331,coo seg,1864,704,64,0.0909312,1.80978e-07,57.7212,332.473
cop20k_A.mtx,121192,121192,2624331,coo seg,932,704,128,0.0866304,1.81054e-07,60.5868,348.978
cop20k_A.mtx,121192,121192,2624331,coo seg,622,704,192,0.0862208,1.79951e-07,60.8747,350.636
cop20k_A.mtx,121192,121192,2624331,coo seg,466,704,256,0.0912384,1.80477e-07,57.5269,331.353
cop20k_A.mtx,121192,121192,2624331,coo seg,373,704,320,0.0924672,1.80831e-07,56.7624,326.95
cop20k_A.mtx,121192,121192,2624331,coo seg,311,704,384,0.0856064,1.803e-07,61.3116,353.153
cop20k_A.mtx,121192,121192,2624331,coo seg,267,704,448,0.0960512,1.80246e-07,54.6444,314.75
cop20k_A.mtx,121192,121192,2624331,coo seg,233,704,512,0.1024,1.80157e-07,51.2565,295.236
cop20k_A.mtx,121192,121192,2624331,coo seg,208,704,576,0.086016,1.8033e-07,61.0196,351.471
cop20k_A.mtx,121192,121192,2624331,coo seg,187,704,640,0.0927744,1.80553e-07,56.5745,325.867
cop20k_A.mtx,121192,121192,2624331,coo seg,170,704,704,0.10025,1.80557e-07,52.3559,301.569
cop20k_A.mtx,121192,121192,2624331,coo seg,156,704,768,0.106906,1.80487e-07,49.0962,282.793
cop20k_A.mtx,121192,121192,2624331,coo seg,144,704,832,0.114278,1.80492e-07,45.9287,264.548
cop20k_A.mtx,121192,121192,2624331,coo seg,134,704,896,0.122163,1.80326e-07,42.9643,247.473
cop20k_A.mtx,121192,121192,2624331,coo seg,125,704,960,0.129843,1.80461e-07,40.4231,232.836
cop20k_A.mtx,121192,121192,2624331,coo seg,117,704,1024,0.131789,1.8038e-07,39.8263,229.398
cop20k_A.mtx,121192,121192,2624331,coo flat,3566,736,0,0.300032,1.07208e-07,17.4937,100.763
cop20k_A.mtx,121192,121192,2624331,csr scalar,165,736,0,0.118067,9.70613e-08,44.4549,177.079
cop20k_A.mtx,121192,121192,2624331,csr vector,5270,736,0,0.163226,1.86648e-07,32.1559,128.088
cop20k_A.mtx,121192,121192,2624331,coo seg,1783,736,64,0.0894976,1.80978e-07,58.6458,337.798
cop20k_A.mtx,121192,121192,2624331,coo seg,892,736,128,0.0837632,1.81054e-07,62.6607,360.924
cop20k_A.mtx,121192,121192,2624331,coo seg,595,736,192,0.0866304,1.79951e-07,60.5868,348.978
cop20k_A.mtx,121192,121192,2624331,coo seg,446,736,256,0.0800768,1.80477e-07,65.5453,377.539
cop20k_A.mtx,121192,121192,2624331,coo seg,357,736,320,0.0940032,1.80831e-07,55.8349,321.608
cop20k_A.mtx,121192,121192,2624331,coo seg,298,736,384,0.0872448,1.803e-07,60.1602,346.521
cop20k_A.mtx,121192,121192,2624331,coo seg,255,736,448,0.09728,1.80246e-07,53.9542,310.774
cop20k_A.mtx,121192,121192,2624331,coo seg,223,736,512,0.0801792,1.80157e-07,65.4616,377.057
cop20k_A.mtx,121192,121192,2624331,coo seg,199,736,576,0.0871424,1.8033e-07,60.2309,346.928
cop20k_A.mtx,121192,121192,2624331,coo seg,179,736,640,0.0940032,1.80553e-07,55.8349,321.608
cop20k_A.mtx,121192,121192,2624331,coo seg,163,736,704,0.101683,1.80557e-07,51.6178,297.317
cop20k_A.mtx,121192,121192,2624331,coo seg,149,736,768,0.108237,1.80487e-07,48.4924,279.315
cop20k_A.mtx,121192,121192,2624331,coo seg,138,736,832,0.116326,1.80492e-07,45.1201,259.891
cop20k_A.mtx,121192,121192,2624331,coo seg,128,736,896,0.124006,1.80326e-07,42.3257,243.795
cop20k_A.mtx,121192,121192,2624331,coo seg,119,736,960,0.128512,1.80461e-07,40.8418,235.248
cop20k_A.mtx,121192,121192,2624331,coo seg,112,736,1024,0.080896,1.8038e-07,64.8816,373.716
cop20k_A.mtx,121192,121192,2624331,coo flat,3418,768,0,0.297165,1.0888e-07,17.6625,101.735
cop20k_A.mtx,121192,121192,2624331,csr scalar,158,768,0,0.119808,9.70613e-08,43.8089,174.506
cop20k_A.mtx,121192,121192,2624331,csr vector,5050,768,0,0.15575,1.86648e-07,33.6992,134.235
cop20k_A.mtx,121192,121192,2624331,coo seg,1709,768,64,0.0872448,1.80978e-07,60.1602,346.521
cop20k_A.mtx,121192,121192,2624331,coo seg,855,768,128,0.0832512,1.81054e-07,63.0461,363.144
cop20k_A.mtx,121192,121192,2624331,coo seg,570,768,192,0.0858112,1.79951e-07,61.1652,352.31
cop20k_A.mtx,121192,121192,2624331,coo seg,428,768,256,0.0805888,1.80477e-07,65.1289,375.141
cop20k_A.mtx,121192,121192,2624331,coo seg,342,768,320,0.091136,1.80831e-07,57.5915,331.726
cop20k_A.mtx,121192,121192,2624331,coo seg,285,768,384,0.0873472,1.803e-07,60.0896,346.115
cop20k_A.mtx,121192,121192,2624331,coo seg,245,768,448,0.0975872,1.80246e-07,53.7843,309.796
cop20k_A.mtx,121192,121192,2624331,coo seg,214,768,512,0.0801792,1.80157e-07,65.4616,377.057
cop20k_A.mtx,121192,121192,2624331,coo seg,190,768,576,0.0878592,1.8033e-07,59.7395,344.098
cop20k_A.mtx,121192,121192,2624331,coo seg,171,768,640,0.0958464,1.80553e-07,54.7612,315.423
cop20k_A.mtx,121192,121192,2624331,coo seg,156,768,704,0.103014,1.80557e-07,50.9508,293.475
cop20k_A.mtx,121192,121192,2624331,coo seg,143,768,768,0.108749,1.80487e-07,48.2641,278
cop20k_A.mtx,121192,121192,2624331,coo seg,132,768,832,0.116634,1.80492e-07,45.0013,259.206
cop20k_A.mtx,121192,121192,2624331,coo seg,123,768,896,0.120934,1.80326e-07,43.4009,249.988
cop20k_A.mtx,121192,121192,2624331,coo seg,114,768,960,0.121754,1.80461e-07,43.1089,248.306
cop20k_A.mtx,121192,121192,2624331,coo seg,107,768,1024,0.0805888,1.8038e-07,65.1289,375.141
cop20k_A.mtx,121192,121192,2624331,coo flat,3281,800,0,0.299725,1.11254e-07,17.5116,100.866
cop20k_A.mtx,121192,121192,2624331,csr scalar,152,800,0,0.126976,9.70613e-08,41.3359,164.655
cop20k_A.mtx,121192,121192,2624331,csr vector,4848,800,0,0.157082,1.86648e-07,33.4136,133.098
cop20k_A.mtx,121192,121192,2624331,coo seg,1641,800,64,0.0864256,1.80978e-07,60.7304,349.805
cop20k_A.mtx,121192,121192,2624331,coo seg,821,800,128,0.0833536,1.81054e-07,62.9686,362.697
cop20k_A.mtx,121192,121192,2624331,coo seg,547,800,192,0.080896,1.79951e-07,64.8816,373.716
cop20k_A.mtx,121192,121192,2624331,coo seg,411,800,256,0.0816128,1.80477e-07,64.3117,370.434
cop20k_A.mtx,121192,121192,2624331,coo seg,329,800,320,0.0804864,1.80831e-07,65.2118,375.618
cop20k_A.mtx,121192,121192,2624331,coo seg,274,800,384,0.0891904,1.803e-07,58.8478,338.962
cop20k_A.mtx,121192,121192,2624331,coo seg,235,800,448,0.0968704,1.80246e-07,54.1823,312.088
cop20k_A.mtx,121192,121192,2624331,coo seg,206,800,512,0.0816128,1.80157e-07,64.3117,370.434
cop20k_A.mtx,121192,121192,2624331,coo seg,183,800,576,0.0894976,1.8033e-07,58.6458,337.798
cop20k_A.mtx,121192,121192,2624331,coo seg,165,800,640,0.096768,1.80553e-07,54.2396,312.419
cop20k_A.mtx,121192,121192,2624331,coo seg,150,800,704,0.105165,1.80557e-07,49.9089,287.474
cop20k_A.mtx,121192,121192,2624331,coo seg,137,800,768,0.110694,1.80487e-07,47.4158,273.114
cop20k_A.mtx,121192,121192,2624331,coo seg,127,800,832,0.116224,1.80492e-07,45.1599,260.12
cop20k_A.mtx,121192,121192,2624331,coo seg,118,800,896,0.12032,1.80326e-07,43.6225,251.264
cop20k_A.mtx,121192,121192,2624331,coo seg,110,800,960,0.080384,1.80461e-07,65.2949,376.096
cop20k_A.mtx,121192,121192,2624331,coo seg,103,800,1024,0.0815104,1.8038e-07,64.3925,370.899
cop20k_A.mtx,121192,121192,2624331,coo flat,3155,832,0,0.297677,1.07366e-07,17.6321,101.56
cop20k_A.mtx,121192,121192,2624331,csr scalar,146,832,0,0.131891,9.70613e-08,39.7954,158.519
cop20k_A.mtx,121192,121192,2624331,csr vector,4662,832,0,0.152781,1.86648e-07,34.3542,136.845
cop20k_A.mtx,121192,121192,2624331,coo seg,1578,832,64,0.084992,1.80978e-07,61.7548,355.706
cop20k_A.mtx,121192,121192,2624331,coo seg,789,832,128,0.081408,1.81054e-07,64.4735,371.366
cop20k_A.mtx,121192,121192,2624331,coo seg,526,832,192,0.0805888,1.79951e-07,65.1289,375.141
cop20k_A.mtx,121192,121192,2624331,coo seg,395,832,256,0.08192,1.80477e-07,64.0706,369.045
cop20k_A.mtx,121192,121192,2624331,coo seg,316,832,320,0.0807936,1.80831e-07,64.9638,374.19
cop20k_A.mtx,121192,121192,2624331,coo seg,263,832,384,0.0908288,1.803e-07,57.7863,332.847
cop20k_A.mtx,121192,121192,2624331,coo seg,226,832,448,0.0940032,1.80246e-07,55.8349,321.608
cop20k_A.mtx,121192,121192,2624331,coo seg,198,832,512,0.0820224,1.80157e-07,63.9906,368.584
cop20k_A.mtx,121192,121192,2624331,coo seg,176,832,576,0.0898048,1.8033e-07,58.4452,336.643
cop20k_A.mtx,121192,121192,2624331,coo seg,158,832,640,0.09728,1.80553e-07,53.9542,310.774
cop20k_A.mtx,121192,121192,2624331,coo seg,144,832,704,0.10496,1.80557e-07,50.0063,288.035
cop20k_A.mtx,121192,121192,2624331,coo seg,132,832,768,0.107725,1.80487e-07,48.7229,280.642
cop20k_A.mtx,121192,121192,2624331,coo seg,122,832,832,0.11479,1.80492e-07,45.7239,263.368
cop20k_A.mtx,121192,121192,2624331,coo seg,113,832,896,0.111616,1.80326e-07,47.0243,270.858
cop20k_A.mtx,121192,121192,2624331,coo seg,106,832,960,0.081408,1.80461e-07,64.4735,371.366
cop20k_A.mtx,121192,121192,2624331,coo seg,99,832,1024,0.0816128,1.8038e-07,64.3117,370.434
cop20k_A.mtx,121192,121192,2624331,coo flat,3038,864,0,0.296141,1.09308e-07,17.7235,102.087
cop20k_A.mtx,121192,121192,2624331,csr scalar,141,864,0,0.139366,9.70613e-08,37.6609,150.016
cop20k_A.mtx,121192,121192,2624331,csr vector,4489,864,0,0.151552,1.86648e-07,34.6327,137.954
cop20k_A.mtx,121192,121192,2624331,coo seg,1519,864,64,0.0840704,1.80978e-07,62.4318,359.605
cop20k_A.mtx,121192,121192,2624331,coo seg,760,864,128,0.078848,1.81054e-07,66.5668,383.423
cop20k_A.mtx,121192,121192,2624331,coo seg,507,864,192,0.080384,1.79951e-07,65.2949,376.096
cop20k_A.mtx,121192,121192,2624331,coo seg,380,864,256,0.0831488,1.80477e-07,63.1237,363.591
cop20k_A.mtx,121192,121192,2624331,coo seg,304,864,320,0.0821248,1.80831e-07,63.9108,368.124
cop20k_A.mtx,121192,121192,2624331,coo seg,254,864,384,0.0899072,1.803e-07,58.3787,336.259
cop20k_A.mtx,121192,121192,2624331,coo seg,217,864,448,0.0772096,1.80246e-07,67.9794,391.559
cop20k_A.mtx,121192,121192,2624331,coo seg,190,864,512,0.0828416,1.80157e-07,63.3578,364.939
cop20k_A.mtx,121192,121192,2624331,coo seg,169,864,576,0.091648,1.8033e-07,57.2698,329.872
cop20k_A.mtx,121192,121192,2624331,coo seg,152,864,640,0.0984064,1.80553e-07,53.3366,307.217
cop20k_A.mtx,121192,121192,2624331,coo seg,139,864,704,0.103526,1.80557e-07,50.6988,292.023
cop20k_A.mtx,121192,121192,2624331,coo seg,127,864,768,0.109158,1.80487e-07,48.083,276.957
cop20k_A.mtx,121192,121192,2624331,coo seg,117,864,832,0.114278,1.80492e-07,45.9287,264.548
cop20k_A.mtx,121192,121192,2624331,coo seg,109,864,896,0.0784384,1.80326e-07,66.9144,385.425
cop20k_A.mtx,121192,121192,2624331,coo seg,102,864,960,0.0812032,1.80461e-07,64.6361,372.302
cop20k_A.mtx,121192,121192,2624331,coo seg,95,864,1024,0.08192,1.8038e-07,64.0706,369.045
cop20k_A.mtx,121192,121192,2624331,coo flat,2929,896,0,0.291533,1.08727e-07,18.0037,103.701
cop20k_A.mtx,121192,121192,2624331,csr scalar,136,896,0,0.146739,9.70613e-08,35.7686,142.479
cop20k_A.mtx,121192,121192,2624331,csr vector,4329,896,0,0.147354,1.86648e-07,35.6195,141.885
cop20k_A.mtx,121192,121192,2624331,coo seg,1465,896,64,0.082944,1.80978e-07,63.2796,364.489
cop20k_A.mtx,121192,121192,2624331,coo seg,733,896,128,0.0784384,1.81054e-07,66.9144,385.425
cop20k_A.mtx,121192,121192,2624331,coo seg,489,896,192,0.081408,1.79951e-07,64.4735,371.366
cop20k_A.mtx,121192,121192,2624331,coo seg,367,896,256,0.0827392,1.80477e-07,63.4362,365.391
cop20k_A.mtx,121192,121192,2624331,coo seg,293,896,320,0.080896,1.80831e-07,64.8816,373.716
cop20k_A.mtx,121192,121192,2624331,coo seg,245,896,384,0.0893952,1.803e-07,58.713,338.185
cop20k_A.mtx,121192,121192,2624331,coo seg,210,896,448,0.0785408,1.80246e-07,66.8272,384.923
cop20k_A.mtx,121192,121192,2624331,coo seg,184,896,512,0.0841728,1.80157e-07,62.3558,359.168
cop20k_A.mtx,121192,121192,2624331,coo seg,163,896,576,0.0922624,1.8033e-07,56.8884,327.676
cop20k_A.mtx,121192,121192,2624331,coo seg,147,896,640,0.0975872,1.80553e-07,53.7843,309.796
cop20k_A.mtx,121192,121192,2624331,coo seg,134,896,704,0.101683,1.80557e-07,51.6178,297.317
cop20k_A.mtx,121192,121192,2624331,coo seg,123,896,768,0.108339,1.80487e-07,48.4466,279.051
cop20k_A.mtx,121192,121192,2624331,coo seg,113,896,832,0.108851,1.80492e-07,48.2187,277.738
cop20k_A.mtx,121192,121192,2624331,coo seg,105,896,896,0.0785408,1.80326e-07,66.8272,384.923
cop20k_A.mtx,121192,121192,2624331,coo seg,98,896,960,0.0811008,1.80461e-07,64.7178,372.772
cop20k_A.mtx,121192,121192,2624331,coo seg,92,896,1024,0.0822272,1.8038e-07,63.8312,367.666
cop20k_A.mtx,121192,121192,2624331,coo flat,2828,928,0,0.28887,1.16623e-07,18.1696,104.656
cop20k_A.mtx,121192,121192,2624331,csr scalar,131,928,0,0.150426,9.70613e-08,34.8921,138.987
cop20k_A.mtx,121192,121192,2624331,csr vector,4180,928,0,0.148378,1.86648e-07,35.3737,140.905
cop20k_A.mtx,121192,121192,2624331,coo seg,1414,928,64,0.0821248,1.80978e-07,63.9108,368.124
cop20k_A.mtx,121192,121192,2624331,coo seg,707,928,128,0.0784384,1.81054e-07,66.9144,385.425
cop20k_A.mtx,121192,121192,2624331,coo seg,472,928,192,0.0801792,1.79951e-07,65.4616,377.057
cop20k_A.mtx,121192,121192,2624331,coo seg,354,928,256,0.0807936,1.80477e-07,64.9638,374.19
cop20k_A.mtx,121192,121192,2624331,coo seg,283,928,320,0.0825344,1.80831e-07,63.5936,366.297
cop20k_A.mtx,121192,121192,2624331,coo seg,236,928,384,0.0871424,1.803e-07,60.2309,346.928
cop20k_A.mtx,121192,121192,2624331,coo seg,202,928,448,0.0790528,1.80246e-07,66.3944,382.43
cop20k_A.mtx,121192,121192,2624331,coo seg,177,928,512,0.084992,1.80157e-07,61.7548,355.706
cop20k_A.mtx,121192,121192,2624331,coo seg,158,928,576,0.093184,1.8033e-07,56.3258,324.435
cop20k_A.mtx,121192,121192,2624331,coo seg,142,928,640,0.0969728,1.80553e-07,54.1251,311.759
cop20k_A.mtx,121192,121192,2624331,coo seg,129,928,704,0.103014,1.80557e-07,50.9508,293.475
cop20k_A.mtx,121192,121192,2624331,coo seg,118,928,768,0.108544,1.80487e-07,48.3552,278.524
cop20k_A.mtx,121192,121192,2624331,coo seg,109,928,832,0.0769024,1.80492e-07,68.251,393.123
cop20k_A.mtx,121192,121192,2624331,coo seg,101,928,896,0.0787456,1.80326e-07,66.6534,383.922
cop20k_A.mtx,121192,121192,2624331,coo seg,95,928,960,0.0811008,1.80461e-07,64.7178,372.772
cop20k_A.mtx,121192,121192,2624331,coo seg,89,928,1024,0.0828416,1.8038e-07,63.3578,364.939
cop20k_A.mtx,121192,121192,2624331,coo flat,2734,960,0,0.285696,1.13339e-07,18.3715,105.819
cop20k_A.mtx,121192,121192,2624331,csr scalar,127,960,0,0.15145,9.70613e-08,34.6562,138.047
cop20k_A.mtx,121192,121192,2624331,csr vector,4040,960,0,0.14377,1.86648e-07,36.5075,145.422
cop20k_A.mtx,121192,121192,2624331,coo seg,1367,960,64,0.0809984,1.80978e-07,64.7996,373.244
cop20k_A.mtx,121192,121192,2624331,coo seg,684,960,128,0.0775168,1.81054e-07,67.71,390.008
cop20k_A.mtx,121192,121192,2624331,coo seg,456,960,192,0.0791552,1.79951e-07,66.3085,381.935
cop20k_A.mtx,121192,121192,2624331,coo seg,342,960,256,0.0818176,1.80477e-07,64.1508,369.506
cop20k_A.mtx,121192,121192,2624331,coo seg,274,960,320,0.0831488,1.80831e-07,63.1237,363.591
cop20k_A.mtx,121192,121192,2624331,coo seg,228,960,384,0.0876544,1.803e-07,59.879,344.901
cop20k_A.mtx,121192,121192,2624331,coo seg,196,960,448,0.0799744,1.80246e-07,65.6293,378.023
cop20k_A.mtx,121192,121192,2624331,coo seg,171,960,512,0.0858112,1.80157e-07,61.1652,352.31
cop20k_A.mtx,121192,121192,2624331,coo seg,152,960,576,0.0922624,1.8033e-07,56.8884,327.676
cop20k_A.mtx,121192,121192,2624331,coo seg,137,960,640,0.0974848,1.80553e-07,53.8408,310.121
cop20k_A.mtx,121192,121192,2624331,coo seg,125,960,704,0.103834,1.80557e-07,50.5488,291.159
cop20k_A.mtx,121192,121192,2624331,coo seg,114,960,768,0.108237,1.80487e-07,48.4924,279.315
cop20k_A.mtx,121192,121192,2624331,coo seg,106,960,832,0.0777216,1.80492e-07,67.5316,388.98
cop20k_A.mtx,121192,121192,2624331,coo seg,98,960,896,0.0786432,1.80326e-07,66.7402,384.421
cop20k_A.mtx,121192,121192,2624331,coo seg,92,960,960,0.0815104,1.80461e-07,64.3925,370.899
cop20k_A.mtx,121192,121192,2624331,coo seg,86,960,1024,0.0837632,1.8038e-07,62.6607,360.924
cop20k_A.mtx,121192,121192,2624331,coo flat,2646,992,0,0.284058,1.13322e-07,18.4775,106.43
cop20k_A.mtx,121192,121192,2624331,csr scalar,123,992,0,0.15657,9.70613e-08,33.5229,133.533
cop20k_A.mtx,121192,121192,2624331,csr vector,3910,992,0,0.143462,1.86648e-07,36.5856,145.733
cop20k_A.mtx,121192,121192,2624331,coo seg,1323,992,64,0.079872,1.80978e-07,65.7134,378.507
cop20k_A.mtx,121192,121192,2624331,coo seg,662,992,128,0.0749568,1.81054e-07,70.0225,403.327
cop20k_A.mtx,121192,121192,2624331,coo seg,441,992,192,0.0741376,1.79951e-07,70.7962,407.784
cop20k_A.mtx,121192,121192,2624331,coo seg,331,992,256,0.0745472,1.80477e-07,70.4072,405.544
cop20k_A.mtx,121192,121192,2624331,coo seg,265,992,320,0.080896,1.80831e-07,64.8816,373.716
cop20k_A.mtx,121192,121192,2624331,coo seg,221,992,384,0.0741376,1.803e-07,70.7962,407.784
cop20k_A.mtx,121192,121192,2624331,coo seg,189,992,448,0.080896,1.80246e-07,64.8816,373.716
cop20k_A.mtx,121192,121192,2624331,coo seg,166,992,512,0.0858112,1.80157e-07,61.1652,352.31
cop20k_A.mtx,121192,121192,2624331,coo seg,147,992,576,0.0891904,1.8033e-07,58.8478,338.962
cop20k_A.mtx,121192,121192,2624331,coo seg,133,992,640,0.0966656,1.80553e-07,54.2971,312.75
cop20k_A.mtx,121192,121192,2624331,coo seg,121,992,704,0.103629,1.80557e-07,50.6487,291.735
cop20k_A.mtx,121192,121192,2624331,coo seg,111,992,768,0.0746496,1.80487e-07,70.3106,404.987
cop20k_A.mtx,121192,121192,2624331,coo seg,102,992,832,0.0771072,1.80492e-07,68.0697,392.079
cop20k_A.mtx,121192,121192,2624331,coo seg,95,992,896,0.0785408,1.80326e-07,66.8272,384.923
cop20k_A.mtx,121192,121192,2624331,coo seg,89,992,960,0.0818176,1.80461e-07,64.1508,369.507
cop20k_A.mtx,121192,121192,2624331,coo seg,83,992,1024,0.0840704,1.8038e-07,62.4318,359.605
cop20k_A.mtx,121192,121192,2624331,coo flat,2563,1024,0,0.278016,1.13579e-07,18.879,108.742
cop20k_A.mtx,121192,121192,2624331,csr scalar,119,1024,0,0.152576,9.70613e-08,34.4003,137.028
cop20k_A.mtx,121192,121192,2624331,csr vector,3788,1024,0,0.137318,1.86648e-07,38.2226,152.254
cop20k_A.mtx,121192,121192,2624331,coo seg,1282,1024,64,0.0787456,1.80978e-07,66.6534,383.922
cop20k_A.mtx,121192,121192,2624331,coo seg,641,1024,128,0.0738304,1.81054e-07,71.0908,409.481
cop20k_A.mtx,121192,121192,2624331,coo seg,428,1024,192,0.07424,1.79951e-07,70.6986,407.222
cop20k_A.mtx,121192,121192,2624331,coo seg,321,1024,256,0.0741376,1.80477e-07,70.7962,407.784
cop20k_A.mtx,121192,121192,2624331,coo seg,257,1024,320,0.080896,1.80831e-07,64.8816,373.716
cop20k_A.mtx,121192,121192,2624331,coo seg,214,1024,384,0.07424,1.803e-07,70.6986,407.222
cop20k_A.mtx,121192,121192,2624331,coo seg,184,1024,448,0.0809984,1.80246e-07,64.7996,373.244
cop20k_A.mtx,121192,121192,2624331,coo seg,161,1024,512,0.0836608,1.80157e-07,62.7374,361.366
cop20k_A.mtx,121192,121192,2624331,coo seg,143,1024,576,0.0905216,1.8033e-07,57.9824,333.977
cop20k_A.mtx,121192,121192,2624331,coo seg,129,1024,640,0.0966656,1.80553e-07,54.2971,312.75
cop20k_A.mtx,121192,121192,2624331,coo seg,117,1024,704,0.104038,1.80557e-07,50.4493,290.586
cop20k_A.mtx,121192,121192,2624331,coo seg,107,1024,768,0.0750592,1.80487e-07,69.927,402.777
cop20k_A.mtx,121192,121192,2624331,coo seg,99,1024,832,0.0771072,1.80492e-07,68.0697,392.079
cop20k_A.mtx,121192,121192,2624331,coo seg,92,1024,896,0.0792576,1.80326e-07,66.2228,381.441
cop20k_A.mtx,121192,121192,2624331,coo seg,86,1024,960,0.0823296,1.80461e-07,63.7518,367.209
cop20k_A.mtx,121192,121192,2624331,coo seg,81,1024,1024,0.0852992,1.8038e-07,61.5324,354.425
cop20k_A.mtx,121192,121192,2624331,CuSparse,0,0,0,0.0713728,1.84749e-07,73.5387,292.93
mac_econ_fwd500.mtx,206500,206500,1273389,coo flat,39794,32,0,0.0832512,1.91957e-08,30.5915,189.424
mac_econ_fwd500.mtx,206500,206500,1273389,csr scalar,6454,32,0,0.0384,4.31457e-08,66.3223,307.169
mac_econ_fwd500.mtx,206500,206500,1273389,csr vector,206500,32,0,0.411238,5.30339e-08,6.19295,28.6824
mac_econ_fwd500.mtx,206500,206500,1273389,coo seg,19897,32,64,0.0633856,5.00905e-08,40.1791,248.791
mac_econ_fwd500.mtx,206500,206500,1273389,coo seg,9949,32,128,0.0526336,4.96689e-08,48.3869,299.614
mac_econ_fwd500.mtx,206500,206500,1273389,coo seg,6633,32,192,0.0505856,4.95686e-08,50.3459,311.744
mac_econ_fwd500.mtx,206500,206500,1273389,coo seg,4975,32,256,0.0505856,4.95924e-08,50.3459,311.744
mac_econ_fwd500.mtx,206500,206500,1273389,coo seg,3980,32,320,0.0562176,4.96666e-08,45.3021,280.513
mac_econ_fwd500.mtx,206500,206500,1273389,coo seg,3317,32,384,0.049664,4.94972e-08,51.2802,317.529
mac_econ_fwd500.mtx,206500,206500,1273389,coo seg,2843,32,448,0.0544768,4.9547e-08,46.7498,289.477
mac_econ_fwd500.mtx,206500,206500,1273389,coo seg,2488,32,512,0.0586752,4.95355e-08,43.4047,268.764
mac_econ_fwd500.mtx,206500,206500,1273389,coo seg,2211,32,576,0.062976,4.94961e-08,40.4405,250.409
mac_econ_fwd500.mtx,206500,206500,1273389,coo seg,1990,32,640,0.0672768,4.95038e-08,37.8552,234.401
mac_econ_fwd500.mtx,206500,206500,1273389,coo seg,1809,32,704,0.064,4.96138e-08,39.7934,246.403
mac_econ_fwd500.mtx,206500,206500,1273389,coo seg,1659,32,768,0.0494592,4.94743e-08,51.4925,318.844
mac_econ_fwd500.mtx,206500,206500,1273389,coo seg,1531,32,832,0.0512,4.94695e-08,49.7418,308.003
mac_econ_fwd500.mtx,206500,206500,1273389,coo seg,1422,32,896,0.054272,4.94601e-08,46.9262,290.569
mac_econ_fwd500.mtx,206500,206500,1273389,coo seg,1327,32,960,0.0559104,4.94618e-08,45.5511,282.054
mac_econ_fwd500.mtx,206500,206500,1273389,coo seg,1244,32,1024,0.0584704,4.95009e-08,43.5567,269.705
mac_econ_fwd500.mtx,206500,206500,1273389,coo flat,19897,64,0,0.0715776,2.03182e-08,35.5807,220.317
mac_econ_fwd500.mtx,206500,206500,1273389,csr scalar,3227,64,0,0.0395264,4.31457e-08,64.4323,298.416
mac_econ_fwd500.mtx,206500,206500,1273389,csr vector,103250,64,0,0.181248,5.30339e-08,14.0513,65.0783
mac_econ_fwd500.mtx,206500,206500,1273389,coo seg,9949,64,64,0.0387072,5.00905e-08,65.796,407.412
mac_econ_fwd500.mtx,206500,206500,1273389,coo seg,4975,64,128,0.035328,4.96689e-08,72.0895,446.382
mac_econ_fwd500.mtx,206500,206500,1273389,coo seg,3317,64,192,0.0351232,4.95686e-08,72.5099,448.985
mac_econ_fwd500.mtx,206500,206500,1273389,coo seg,2488,64,256,0.0388096,4.95924e-08,65.6224,406.337
mac_econ_fwd500.mtx,206500,206500,1273389,coo seg,1990,64,320,0.0429056,4.96666e-08,59.3577,367.546
mac_econ_fwd500.mtx,206500,206500,1273389,coo seg,1659,64,384,0.0344064,4.94972e-08,74.0205,458.338
mac_econ_fwd500.mtx,206500,206500,1273389,coo seg,1422,64,448,0.0360448,4.9547e-08,70.6559,437.505
mac_econ_fwd500.mtx,206500,206500,1273389,coo seg,1244,64,512,0.0379904,4.95355e-08,67.0374,415.099
mac_econ_fwd500.mtx,206500,206500,1273389,coo seg,1106,64,576,0.0401408,4.94961e-08,63.4461,392.862
mac_econ_fwd500.mtx,206500,206500,1273389,coo seg,995,64,640,0.0422912,4.95038e-08,60.22,372.886
mac_econ_fwd500.mtx,206500,206500,1273389,coo seg,905,64,704,0.0443392,4.96138e-08,57.4385,355.662
mac_econ_fwd500.mtx,206500,206500,1273389,coo seg,830,64,768,0.0474112,4.94743e-08,53.7168,332.617
mac_econ_fwd500.mtx,206500,206500,1273389,coo seg,766,64,832,0.0504832,4.94695e-08,50.448,312.377
mac_econ_fwd500.mtx,206500,206500,1273389,coo seg,711,64,896,0.0523264,4.94601e-08,48.671,301.373
mac_econ_fwd500.mtx,206500,206500,1273389,coo seg,664,64,960,0.054272,4.94618e-08,46.9262,290.569
mac_econ_fwd500.mtx,206500,206500,1273389,coo seg,622,64,1024,0.0570368,4.95009e-08,44.6515,276.484
mac_econ_fwd500.mtx,206500,206500,1273389,coo flat,13265,96,0,0.07168,1.95566e-08,35.5298,220.002
mac_econ_fwd500.mtx,206500,206500,1273389,csr scalar,2152,96,0,0.0388096,4.31457e-08,65.6224,303.928
mac_econ_fwd500.mtx,206500,206500,1273389,csr vector,68834,96,0,0.166298,5.30339e-08,15.3146,70.9289
mac_econ_fwd500.mtx,206500,206500,1273389,coo seg,6633,96,64,0.0385024,5.00905e-08,66.146,409.579
mac_econ_fwd500.mtx,206500,206500,1273389,coo seg,3317,96,128,0.0347136,4.96689e-08,73.3654,454.282
mac_econ_fwd500.mtx,206500,206500,1273389,coo seg,2211,96,192,0.034304,4.95686e-08,74.2414,459.707
mac_econ_fwd500.mtx,206500,206500,1273389,coo seg,1659,96,256,0.0375808,4.95924e-08,67.7681,419.623
mac_econ_fwd500.mtx,206500,206500,1273389,coo seg,1327,96,320,0.0418816,4.96666e-08,60.809,376.532
mac_econ_fwd500.mtx,206500,206500,1273389,coo seg,1106,96,384,0.0334848,4.94972e-08,76.0577,470.953
mac_econ_fwd500.mtx,206500,206500,1273389,coo seg,948,96,448,0.035328,4.9547e-08,72.0895,446.382
mac_econ_fwd500.mtx,206500,206500,1273389,coo seg,830,96,512,0.0372736,4.95355e-08,68.3266,423.082
mac_econ_fwd500.mtx,206500,206500,1273389,coo seg,737,96,576,0.0395264,4.94961e-08,64.4323,398.968
mac_econ_fwd500.mtx,206500,206500,1273389,coo seg,664,96,640,0.041984,4.95038e-08,60.6607,375.614
mac_econ_fwd500.mtx,206500,206500,1273389,coo seg,603,96,704,0.0441344,4.96138e-08,57.7051,357.313
mac_econ_fwd500.mtx,206500,206500,1273389,coo seg,553,96,768,0.0473088,4.94743e-08,53.8331,333.337
mac_econ_fwd500.mtx,206500,206500,1273389,coo seg,511,96,832,0.0490496,4.94695e-08,51.9225,321.507
mac_econ_fwd500.mtx,206500,206500,1273389,coo seg,474,96,896,0.0515072,4.94601e-08,49.4451,306.166
mac_econ_fwd500.mtx,206500,206500,1273389,coo seg,443,96,960,0.0545792,4.94618e-08,46.6621,288.934
mac_econ_fwd500.mtx,206500,206500,1273389,coo seg,415,96,1024,0.0571392,4.95009e-08,44.5715,275.989
mac_econ_fwd500.mtx,206500,206500,1273389,coo flat,9949,128,0,0.0714752,1.95594e-08,35.6316,220.633
mac_econ_fwd500.mtx,206500,206500,1273389,csr scalar,1614,128,0,0.0388096,4.31457e-08,65.6224,303.928
mac_econ_fwd500.mtx,206500,206500,1273389,csr vector,51625,128,0,0.152986,5.30339e-08,16.6472,77.1008
mac_econ_fwd500.mtx,206500,206500,1273389,coo seg,4975,128,64,0.0384,5.00905e-08,66.3223,410.671
mac_econ_fwd500.mtx,206500,206500,1273389,coo seg,2488,128,128,0.0345088,4.96689e-08,73.8008,456.978
mac_econ_fwd500.mtx,206500,206500,1273389,coo seg,1659,128,192,0.0334848,4.95686e-08,76.0577,470.953
mac_econ_fwd500.mtx,206500,206500,1273389,coo seg,1244,128,256,0.0371712,4.95924e-08,68.5148,424.247
mac_econ_fwd500.mtx,206500,206500,1273389,coo seg,995,128,320,0.041472,4.96666e-08,61.4096,380.251
mac_econ_fwd500.mtx,206500,206500,1273389,coo seg,830,128,384,0.0334848,4.94972e-08,76.0577,470.953
mac_econ_fwd500.mtx,206500,206500,1273389,coo seg,711,128,448,0.034816,4.9547e-08,73.1496,452.946
mac_econ_fwd500.mtx,206500,206500,1273389,coo seg,622,128,512,0.0370688,4.95355e-08,68.7041,425.419
mac_econ_fwd500.mtx,206500,206500,1273389,coo seg,553,128,576,0.0393216,4.94961e-08,64.7679,401.046
mac_econ_fwd500.mtx,206500,206500,1273389,coo seg,498,128,640,0.0417792,4.95038e-08,60.958,377.455
mac_econ_fwd500.mtx,206500,206500,1273389,coo seg,453,128,704,0.0439296,4.96138e-08,57.9741,358.978
mac_econ_fwd500.mtx,206500,206500,1273389,coo seg,415,128,768,0.0474112,4.94743e-08,53.7168,332.617
mac_econ_fwd500.mtx,206500,206500,1273389,coo seg,383,128,832,0.0490496,4.94695e-08,51.9225,321.507
mac_econ_fwd500.mtx,206500,206500,1273389,coo seg,356,128,896,0.050688,4.94601e-08,50.2442,311.115
mac_econ_fwd500.mtx,206500,206500,1273389,coo seg,332,128,960,0.0531456,4.94618e-08,47.9208,296.728
mac_econ_fwd500.mtx,206500,206500,1273389,coo seg,311,128,1024,0.0550912,4.95009e-08,46.2284,286.249
mac_econ_fwd500.mtx,206500,206500,1273389,coo flat,7959,160,0,0.0723968,1.97109e-08,35.178,217.824
mac_econ_fwd500.mtx,206500,206500,1273389,csr scalar,1291,160,0,0.0376832,4.31457e-08,67.5839,313.012
mac_econ_fwd500.mtx,206500,206500,1273389,csr vector,41300,160,0,0.1536,5.30339e-08,16.5806,76.7924
mac_econ_fwd500.mtx,206500,206500,1273389,coo seg,3980,160,64,0.0381952,5.00905e-08,66.678,412.873
mac_econ_fwd500.mtx,206500,206500,1273389,coo seg,1990,160,128,0.034304,4.96689e-08,74.2414,459.707
mac_econ_fwd500.mtx,206500,206500,1273389,coo seg,1327,160,192,0.0333824,4.95686e-08,76.291,472.398
mac_econ_fwd500.mtx,206500,206500,1273389,coo seg,995,160,256,0.0370688,4.95924e-08,68.7041,425.419
mac_econ_fwd500.mtx,206500,206500,1273389,coo seg,796,160,320,0.0412672,4.96666e-08,61.7143,382.138
mac_econ_fwd500.mtx,206500,206500,1273389,coo seg,664,160,384,0.03328,4.94972e-08,76.5258,473.851
mac_econ_fwd500.mtx,206500,206500,1273389,coo seg,569,160,448,0.0351232,4.9547e-08,72.5099,448.985
mac_econ_fwd500.mtx,206500,206500,1273389,coo seg,498,160,512,0.0370688,4.95355e-08,68.7041,425.419
mac_econ_fwd500.mtx,206500,206500,1273389,coo seg,443,160,576,0.0392192,4.94961e-08,64.937,402.093
mac_econ_fwd500.mtx,206500,206500,1273389,coo seg,398,160,640,0.0407552,4.95038e-08,62.4896,386.939
mac_econ_fwd500.mtx,206500,206500,1273389,coo seg,362,160,704,0.0439296,4.96138e-08,57.9741,358.978
mac_econ_fwd500.mtx,206500,206500,1273389,coo seg,332,160,768,0.0458752,4.94743e-08,55.5154,343.754
mac_econ_fwd500.mtx,206500,206500,1273389,coo seg,307,160,832,0.0479232,4.94695e-08,53.1429,329.064
mac_econ_fwd500.mtx,206500,206500,1273389,coo seg,285,160,896,0.0510976,4.94601e-08,49.8414,308.621
mac_econ_fwd500.mtx,206500,206500,1273389,coo seg,266,160,960,0.0535552,4.94618e-08,47.5543,294.458
mac_econ_fwd500.mtx,206500,206500,1273389,coo seg,249,160,1024,0.05632,4.95009e-08,45.2198,280.003
mac_econ_fwd500.mtx,206500,206500,1273389,coo flat,6633,192,0,0.0728064,1.88178e-08,34.9801,216.599
mac_econ_fwd500.mtx,206500,206500,1273389,csr scalar,1076,192,0,0.0376832,4.31457e-08,67.5839,313.012
mac_econ_fwd500.mtx,206500,206500,1273389,csr vector,34417,192,0,0.149914,5.30339e-08,16.9883,78.6807
mac_econ_fwd500.mtx,206500,206500,1273389,coo seg,3317,192,64,0.0386048,5.00905e-08,65.9705,408.493
mac_econ_fwd500.mtx,206500,206500,1273389,coo seg,1659,192,128,0.0342016,4.96689e-08,74.4637,461.083
mac_econ_fwd500.mtx,206500,206500,1273389,coo seg,1106,192,192,0.0334848,4.95686e-08,76.0577,470.953
mac_econ_fwd500.mtx,206500,206500,1273389,coo seg,830,192,256,0.036864,4.95924e-08,69.0858,427.783
mac_econ_fwd500.mtx,206500,206500,1273389,coo seg,664,192,320,0.0411648,4.96666e-08,61.8679,383.089
mac_econ_fwd500.mtx,206500,206500,1273389,coo seg,553,192,384,0.0331776,4.94972e-08,76.762,475.314
mac_econ_fwd500.mtx,206500,206500,1273389,coo seg,474,192,448,0.035328,4.9547e-08,72.0895,446.382
mac_econ_fwd500.mtx,206500,206500,1273389,coo seg,415,192,512,0.036864,4.95355e-08,69.0858,427.783
mac_econ_fwd500.mtx,206500,206500,1273389,coo seg,369,192,576,0.0390144,4.94961e-08,65.2779,404.204
mac_econ_fwd500.mtx,206500,206500,1273389,coo seg,332,192,640,0.0408576,4.95038e-08,62.333,385.969
mac_econ_fwd500.mtx,206500,206500,1273389,coo seg,302,192,704,0.0431104,4.96138e-08,59.0757,365.8
mac_econ_fwd500.mtx,206500,206500,1273389,coo seg,277,192,768,0.0457728,4.94743e-08,55.6396,344.523
mac_econ_fwd500.mtx,206500,206500,1273389,coo seg,256,192,832,0.04864,4.94695e-08,52.3597,324.214
mac_econ_fwd500.mtx,206500,206500,1273389,coo seg,237,192,896,0.0514048,4.94601e-08,49.5436,306.776
mac_econ_fwd500.mtx,206500,206500,1273389,coo seg,222,192,960,0.052736,4.94618e-08,48.293,299.032
mac_econ_fwd500.mtx,206500,206500,1273389,coo seg,208,192,1024,0.0556032,4.95009e-08,45.8027,283.613
mac_econ_fwd500.mtx,206500,206500,1273389,coo flat,5685,224,0,0.0724992,2.06059e-08,35.1284,217.517
mac_econ_fwd500.mtx,206500,206500,1273389,csr scalar,922,224,0,0.037376,4.31457e-08,68.1394,315.585
mac_econ_fwd500.mtx,206500,206500,1273389,csr vector,29500,224,0,0.14807,5.30339e-08,17.1998,79.6601
mac_econ_fwd500.mtx,206500,206500,1273389,coo seg,2843,224,64,0.0382976,5.00905e-08,66.4997,411.769
mac_econ_fwd500.mtx,206500,206500,1273389,coo seg,1422,224,128,0.0345088,4.96689e-08,73.8008,456.978
mac_econ_fwd500.mtx,206500,206500,1273389,coo seg,948,224,192,0.0336896,4.95686e-08,75.5954,468.09
mac_econ_fwd500.mtx,206500,206500,1273389,coo seg,711,224,256,0.0370688,4.95924e-08,68.7041,425.419
mac_econ_fwd500.mtx,206500,206500,1273389,coo seg,569,224,320,0.0410624,4.96666e-08,62.0221,384.044
mac_econ_fwd500.mtx,206500,206500,1273389,coo seg,474,224,384,0.0339968,4.94972e-08,74.9123,463.861
mac_econ_fwd500.mtx,206500,206500,1273389,coo seg,407,224,448,0.0349184,4.9547e-08,72.9351,451.618
mac_econ_fwd500.mtx,206500,206500,1273389,coo seg,356,224,512,0.0377856,4.95355e-08,67.4008,417.349
mac_econ_fwd500.mtx,206500,206500,1273389,coo seg,316,224,576,0.0390144,4.94961e-08,65.2779,404.204
mac_econ_fwd500.mtx,206500,206500,1273389,coo seg,285,224,640,0.0407552,4.95038e-08,62.4896,386.939
mac_econ_fwd500.mtx,206500,206500,1273389,coo seg,259,224,704,0.0432128,4.96138e-08,58.9357,364.933
mac_econ_fwd500.mtx,206500,206500,1273389,coo seg,237,224,768,0.0459776,4.94743e-08,55.3917,342.988
mac_econ_fwd500.mtx,206500,206500,1273389,coo seg,219,224,832,0.0479232,4.94695e-08,53.1429,329.063
mac_econ_fwd500.mtx,206500,206500,1273389,coo seg,204,224,896,0.0509952,4.94601e-08,49.9415,309.24
mac_econ_fwd500.mtx,206500,206500,1273389,coo seg,190,224,960,0.052736,4.94618e-08,48.293,299.033
mac_econ_fwd500.mtx,206500,206500,1273389,coo seg,178,224,1024,0.0561152,4.95009e-08,45.3848,281.025
mac_econ_fwd500.mtx,206500,206500,1273389,coo flat,4975,256,0,0.0718848,1.98024e-08,35.4286,219.376
mac_econ_fwd500.mtx,206500,206500,1273389,csr scalar,807,256,0,0.037376,4.31457e-08,68.1394,315.585
mac_econ_fwd500.mtx,206500,206500,1273389,csr vector,25813,256,0,0.137626,5.30339e-08,18.5051,85.7058
mac_econ_fwd500.mtx,206500,206500,1273389,coo seg,2488,256,64,0.0384,5.00905e-08,66.3223,410.671
mac_econ_fwd500.mtx,206500,206500,1273389,coo seg,1244,256,128,0.0340992,4.96689e-08,74.6873,462.468
mac_econ_fwd500.mtx,206500,206500,1273389,coo seg,830,256,192,0.03328,4.95686e-08,76.5258,473.851
mac_econ_fwd500.mtx,206500,206500,1273389,coo seg,622,256,256,0.0365568,4.95924e-08,69.6663,431.377
mac_econ_fwd500.mtx,206500,206500,1273389,coo seg,498,256,320,0.0403456,4.96666e-08,63.1241,390.867
mac_econ_fwd500.mtx,206500,206500,1273389,coo seg,415,256,384,0.033792,4.94972e-08,75.3663,466.672
mac_econ_fwd500.mtx,206500,206500,1273389,coo seg,356,256,448,0.0350208,4.9547e-08,72.7219,450.297
mac_econ_fwd500.mtx,206500,206500,1273389,coo seg,311,256,512,0.0367616,4.95355e-08,69.2782,428.974
mac_econ_fwd500.mtx,206500,206500,1273389,coo seg,277,256,576,0.0382976,4.94961e-08,66.4997,411.769
mac_econ_fwd500.mtx,206500,206500,1273389,coo seg,249,256,640,0.0415744,4.95038e-08,61.2583,379.315
mac_econ_fwd500.mtx,206500,206500,1273389,coo seg,227,256,704,0.0427008,4.96138e-08,59.6424,369.309
mac_econ_fwd500.mtx,206500,206500,1273389,coo seg,208,256,768,0.0459776,4.94743e-08,55.3917,342.988
mac_econ_fwd500.mtx,206500,206500,1273389,coo seg,192,256,832,0.0485376,4.94695e-08,52.4702,324.898
mac_econ_fwd500.mtx,206500,206500,1273389,coo seg,178,256,896,0.0509952,4.94601e-08,49.9415,309.24
mac_econ_fwd500.mtx,206500,206500,1273389,coo seg,166,256,960,0.0519168,4.94618e-08,49.055,303.751
mac_econ_fwd500.mtx,206500,206500,1273389,coo seg,156,256,1024,0.0546816,4.95009e-08,46.5747,288.393
mac_econ_fwd500.mtx,206500,206500,1273389,coo flat,4422,288,0,0.0730112,1.97557e-08,34.882,215.991
mac_econ_fwd500.mtx,206500,206500,1273389,csr scalar,718,288,0,0.0372736,4.31457e-08,68.3266,316.452
mac_econ_fwd500.mtx,206500,206500,1273389,csr vector,22945,288,0,0.145613,5.30339e-08,17.4901,81.0046
mac_econ_fwd500.mtx,206500,206500,1273389,coo seg,2211,288,64,0.0382976,5.00905e-08,66.4997,411.769
mac_econ_fwd500.mtx,206500,206500,1273389,coo seg,1106,288,128,0.034304,4.96689e-08,74.2414,459.707
mac_econ_fwd500.mtx,206500,206500,1273389,coo seg,737,288,192,0.0334848,4.95686e-08,76.0577,470.953
mac_econ_fwd500.mtx,206500,206500,1273389,coo seg,553,288,256,0.0364544,4.95924e-08,69.862,432.589
mac_econ_fwd500.mtx,206500,206500,1273389,coo seg,443,288,320,0.0410624,4.96666e-08,62.0221,384.044
mac_econ_fwd500.mtx,206500,206500,1273389,coo seg,369,288,384,0.0338944,4.94972e-08,75.1386,465.262
mac_econ_fwd500.mtx,206500,206500,1273389,coo seg,316,288,448,0.0349184,4.9547e-08,72.9351,451.618
mac_econ_fwd500.mtx,206500,206500,1273389,coo seg,277,288,512,0.0367616,4.95355e-08,69.2782,428.974
mac_econ_fwd500.mtx,206500,206500,1273389,coo seg,246,288,576,0.039424,4.94961e-08,64.5997,400.004
mac_econ_fwd500.mtx,206500,206500,1273389,coo seg,222,288,640,0.0402432,4.95038e-08,63.2847,391.862
mac_econ_fwd500.mtx,206500,206500,1273389,coo seg,201,288,704,0.04352,4.96138e-08,58.5197,362.357
mac_econ_fwd500.mtx,206500,206500,1273389,coo seg,185,288,768,0.0464896,4.94743e-08,54.7817,339.211
mac_econ_fwd500.mtx,206500,206500,1273389,coo seg,171,288,832,0.0485376,4.94695e-08,52.4702,324.898
mac_econ_fwd500.mtx,206500,206500,1273389,coo seg,158,288,896,0.0500736,4.94601e-08,50.8607,314.932
mac_econ_fwd500.mtx,206500,206500,1273389,coo seg,148,288,960,0.0541696,4.94618e-08,47.0149,291.119
mac_econ_fwd500.mtx,206500,206500,1273389,coo seg,139,288,1024,0.0555008,4.95009e-08,45.8872,284.136
mac_econ_fwd500.mtx,206500,206500,1273389,coo flat,3980,320,0,0.0744448,1.91617e-08,34.2103,211.832
mac_econ_fwd500.mtx,206500,206500,1273389,csr scalar,646,320,0,0.0366592,4.31457e-08,69.4717,321.756
mac_econ_fwd500.mtx,206500,206500,1273389,csr vector,20650,320,0,0.147046,5.30339e-08,17.3196,80.2149
mac_econ_fwd500.mtx,206500,206500,1273389,coo seg,1990,320,64,0.0384,5.00905e-08,66.3223,410.671
mac_econ_fwd500.mtx,206500,206500,1273389,coo seg,995,320,128,0.034304,4.96689e-08,74.2414,459.707
mac_econ_fwd500.mtx,206500,206500,1273389,coo seg,664,320,192,0.0331776,4.95686e-08,76.762,475.314
mac_econ_fwd500.mtx,206500,206500,1273389,coo seg,498,320,256,0.0364544,4.95924e-08,69.862,432.589
mac_econ_fwd500.mtx,206500,206500,1273389,coo seg,398,320,320,0.0411648,4.96666e-08,61.8679,383.089
mac_econ_fwd500.mtx,206500,206500,1273389,coo seg,332,320,384,0.0328704,4.94972e-08,77.4794,479.756
mac_econ_fwd500.mtx,206500,206500,1273389,coo seg,285,320,448,0.0342016,4.9547e-08,74.4637,461.083
mac_econ_fwd500.mtx,206500,206500,1273389,coo seg,249,320,512,0.0377856,4.95355e-08,67.4007,417.349
mac_econ_fwd500.mtx,206500,206500,1273389,coo seg,222,320,576,0.0380928,4.94961e-08,66.8572,413.983
mac_econ_fwd500.mtx,206500,206500,1273389,coo seg,199,320,640,0.0405504,4.95038e-08,62.8052,388.893
mac_econ_fwd500.mtx,206500,206500,1273389,coo seg,181,320,704,0.044032,4.96138e-08,57.8392,358.143
mac_econ_fwd500.mtx,206500,206500,1273389,coo seg,166,320,768,0.0459776,4.94743e-08,55.3917,342.988
mac_econ_fwd500.mtx,206500,206500,1273389,coo seg,154,320,832,0.047616,4.94695e-08,53.4858,331.186
mac_econ_fwd500.mtx,206500,206500,1273389,coo seg,143,320,896,0.0508928,4.94601e-08,50.042,309.863
mac_econ_fwd500.mtx,206500,206500,1273389,coo seg,133,320,960,0.05376,4.94618e-08,47.3731,293.337
mac_econ_fwd500.mtx,206500,206500,1273389,coo seg,125,320,1024,0.0581632,4.95009e-08,43.7868,271.13
mac_econ_fwd500.mtx,206500,206500,1273389,coo flat,3618,352,0,0.0749568,1.88668e-08,33.9766,210.385
mac_econ_fwd500.mtx,206500,206500,1273389,csr scalar,587,352,0,0.0366592,4.31457e-08,69.4717,321.756
mac_econ_fwd500.mtx,206500,206500,1273389,csr vector,18773,352,0,0.154522,5.30339e-08,16.4817,76.3344
mac_econ_fwd500.mtx,206500,206500,1273389,coo seg,1809,352,64,0.0400384,5.00905e-08,63.6084,393.866
mac_econ_fwd500.mtx,206500,206500,1273389,coo seg,905,352,128,0.0376832,4.96689e-08,67.5839,418.483
mac_econ_fwd500.mtx,206500,206500,1273389,coo seg,603,352,192,0.0391168,4.95686e-08,65.107,403.146
mac_econ_fwd500.mtx,206500,206500,1273389,coo seg,453,352,256,0.0365568,4.95924e-08,69.6663,431.377
mac_econ_fwd500.mtx,206500,206500,1273389,coo seg,362,352,320,0.0415744,4.96666e-08,61.2583,379.315
mac_econ_fwd500.mtx,206500,206500,1273389,coo seg,302,352,384,0.0447488,4.94972e-08,56.9128,352.407
mac_econ_fwd500.mtx,206500,206500,1273389,coo seg,259,352,448,0.0350208,4.9547e-08,72.7219,450.297
mac_econ_fwd500.mtx,206500,206500,1273389,coo seg,227,352,512,0.0361472,4.95355e-08,70.4557,436.265
mac_econ_fwd500.mtx,206500,206500,1273389,coo seg,201,352,576,0.0382976,4.94961e-08,66.4997,411.769
mac_econ_fwd500.mtx,206500,206500,1273389,coo seg,181,352,640,0.0416768,4.95038e-08,61.1078,378.383
mac_econ_fwd500.mtx,206500,206500,1273389,coo seg,165,352,704,0.0428032,4.96138e-08,59.4997,368.425
mac_econ_fwd500.mtx,206500,206500,1273389,coo seg,151,352,768,0.0459776,4.94743e-08,55.3917,342.988
mac_econ_fwd500.mtx,206500,206500,1273389,coo seg,140,352,832,0.0479232,4.94695e-08,53.1429,329.063
mac_econ_fwd500.mtx,206500,206500,1273389,coo seg,130,352,896,0.0524288,4.94601e-08,48.5759,300.785
mac_econ_fwd500.mtx,206500,206500,1273389,coo seg,121,352,960,0.0540672,4.94618e-08,47.1039,291.67
mac_econ_fwd500.mtx,206500,206500,1273389,coo seg,114,352,1024,0.0553984,4.95009e-08,45.9721,284.661
mac_econ_fwd500.mtx,206500,206500,1273389,coo flat,3317,384,0,0.074752,1.99704e-08,34.0697,210.961
mac_econ_fwd500.mtx,206500,206500,1273389,csr scalar,538,384,0,0.0360448,4.31457e-08,70.6559,327.24
mac_econ_fwd500.mtx,206500,206500,1273389,csr vector,17209,384,0,0.144794,5.30339e-08,17.589,81.4629
mac_econ_fwd500.mtx,206500,206500,1273389,coo seg,1659,384,64,0.0384,5.00905e-08,66.3223,410.671
mac_econ_fwd500.mtx,206500,206500,1273389,coo seg,830,384,128,0.034304,4.96689e-08,74.2414,459.707
mac_econ_fwd500.mtx,206500,206500,1273389,coo seg,553,384,192,0.0336896,4.95686e-08,75.5954,468.09
mac_econ_fwd500.mtx,206500,206500,1273389,coo seg,415,384,256,0.0365568,4.95924e-08,69.6663,431.377
mac_econ_fwd500.mtx,206500,206500,1273389,coo seg,332,384,320,0.0408576,4.96666e-08,62.333,385.969
mac_econ_fwd500.mtx,206500,206500,1273389,coo seg,277,384,384,0.0325632,4.94972e-08,78.2103,484.282
mac_econ_fwd500.mtx,206500,206500,1273389,coo seg,237,384,448,0.0356352,4.9547e-08,71.468,442.534
mac_econ_fwd500.mtx,206500,206500,1273389,coo seg,208,384,512,0.036864,4.95355e-08,69.0858,427.783
mac_econ_fwd500.mtx,206500,206500,1273389,coo seg,185,384,576,0.0397312,4.94961e-08,64.1002,396.912
mac_econ_fwd500.mtx,206500,206500,1273389,coo seg,166,384,640,0.0411648,4.95038e-08,61.8679,383.089
mac_econ_fwd500.mtx,206500,206500,1273389,coo seg,151,384,704,0.0431104,4.96138e-08,59.0757,365.8
mac_econ_fwd500.mtx,206500,206500,1273389,coo seg,139,384,768,0.04608,4.94743e-08,55.2686,342.226
mac_econ_fwd500.mtx,206500,206500,1273389,coo seg,128,384,832,0.0497664,4.94695e-08,51.1746,316.876
mac_econ_fwd500.mtx,206500,206500,1273389,coo seg,119,384,896,0.0500736,4.94601e-08,50.8607,314.932
mac_econ_fwd500.mtx,206500,206500,1273389,coo seg,111,384,960,0.0516096,4.94618e-08,49.347,305.559
mac_econ_fwd500.mtx,206500,206500,1273389,coo seg,104,384,1024,0.0549888,4.95009e-08,46.3145,286.782
mac_econ_fwd500.mtx,206500,206500,1273389,coo flat,3062,416,0,0.076288,1.93409e-08,33.3837,206.714
mac_econ_fwd500.mtx,206500,206500,1273389,csr scalar,497,416,0,0.0374784,4.31457e-08,67.9532,314.723
mac_econ_fwd500.mtx,206500,206500,1273389,csr vector,15885,416,0,0.160768,5.30339e-08,15.8413,73.3685
mac_econ_fwd500.mtx,206500,206500,1273389,coo seg,1531,416,64,0.0403456,5.00905e-08,63.1241,390.867
mac_econ_fwd500.mtx,206500,206500,1273389,coo seg,766,416,128,0.0385024,4.96689e-08,66.146,409.579
mac_econ_fwd500.mtx,206500,206500,1273389,coo seg,511,416,192,0.0397312,4.95686e-08,64.1002,396.912
mac_econ_fwd500.mtx,206500,206500,1273389,coo seg,383,416,256,0.0366592,4.95924e-08,69.4717,430.172
mac_econ_fwd500.mtx,206500,206500,1273389,coo seg,307,416,320,0.0410624,4.96666e-08,62.0221,384.044
mac_econ_fwd500.mtx,206500,206500,1273389,coo seg,256,416,384,0.045568,4.94972e-08,55.8896,346.071
mac_econ_fwd500.mtx,206500,206500,1273389,coo seg,219,416,448,0.0339968,4.9547e-08,74.9123,463.861
mac_econ_fwd500.mtx,206500,206500,1273389,coo seg,192,416,512,0.0376832,4.95355e-08,67.5839,418.483
mac_econ_fwd500.mtx,206500,206500,1273389,coo seg,171,416,576,0.0385024,4.94961e-08,66.146,409.579
mac_econ_fwd500.mtx,206500,206500,1273389,coo seg,154,416,640,0.0410624,4.95038e-08,62.0221,384.044
mac_econ_fwd500.mtx,206500,206500,1273389,coo seg,140,416,704,0.043008,4.96138e-08,59.2164,366.671
mac_econ_fwd500.mtx,206500,206500,1273389,coo seg,128,416,768,0.0474112,4.94743e-08,53.7168,332.617
mac_econ_fwd500.mtx,206500,206500,1273389,coo seg,118,416,832,0.0484352,4.94695e-08,52.5811,325.585
mac_econ_fwd500.mtx,206500,206500,1273389,coo seg,110,416,896,0.0488448,4.94601e-08,52.1402,322.855
mac_econ_fwd500.mtx,206500,206500,1273389,coo seg,103,416,960,0.0525312,4.94618e-08,48.4812,300.198
mac_econ_fwd500.mtx,206500,206500,1273389,coo seg,96,416,1024,0.055296,4.95009e-08,46.0572,285.188
mac_econ_fwd500.mtx,206500,206500,1273389,coo flat,2843,448,0,0.0764928,1.82114e-08,33.2943,206.16
mac_econ_fwd500.mtx,206500,206500,1273389,csr scalar,461,448,0,0.0362496,4.31457e-08,70.2567,325.391
mac_econ_fwd500.mtx,206500,206500,1273389,csr vector,14750,448,0,0.154624,5.30339e-08,16.4708,76.2838
mac_econ_fwd500.mtx,206500,206500,1273389,coo seg,1422,448,64,0.0402432,5.00905e-08,63.2847,391.862
mac_econ_fwd500.mtx,206500,206500,1273389,coo seg,711,448,128,0.0380928,4.96689e-08,66.8572,413.983
mac_econ_fwd500.mtx,206500,206500,1273389,coo seg,474,448,192,0.0386048,4.95686e-08,65.9705,408.493
mac_econ_fwd500.mtx,206500,206500,1273389,coo seg,356,448,256,0.036864,4.95924e-08,69.0858,427.783
mac_econ_fwd500.mtx,206500,206500,1273389,coo seg,285,448,320,0.0410624,4.96666e-08,62.0221,384.044
mac_econ_fwd500.mtx,206500,206500,1273389,coo seg,237,448,384,0.0456704,4.94972e-08,55.7643,345.295
mac_econ_fwd500.mtx,206500,206500,1273389,coo seg,204,448,448,0.0346112,4.9547e-08,73.5825,455.626
mac_econ_fwd500.mtx,206500,206500,1273389,coo seg,178,448,512,0.0369664,4.95355e-08,68.8944,426.598
mac_econ_fwd500.mtx,206500,206500,1273389,coo seg,158,448,576,0.0381952,4.94961e-08,66.678,412.873
mac_econ_fwd500.mtx,206500,206500,1273389,coo seg,143,448,640,0.0416768,4.95038e-08,61.1078,378.383
mac_econ_fwd500.mtx,206500,206500,1273389,coo seg,130,448,704,0.0446464,4.96138e-08,57.0433,353.215
mac_econ_fwd500.mtx,206500,206500,1273389,coo seg,119,448,768,0.046592,4.94743e-08,54.6613,338.465
mac_econ_fwd500.mtx,206500,206500,1273389,coo seg,110,448,832,0.04608,4.94695e-08,55.2686,342.226
mac_econ_fwd500.mtx,206500,206500,1273389,coo seg,102,448,896,0.0502784,4.94601e-08,50.6535,313.649
mac_econ_fwd500.mtx,206500,206500,1273389,coo seg,95,448,960,0.051712,4.94618e-08,49.2493,304.954
mac_econ_fwd500.mtx,206500,206500,1273389,coo seg,89,448,1024,0.0545792,4.95009e-08,46.6621,288.934
mac_econ_fwd500.mtx,206500,206500,1273389,coo flat,2653,480,0,0.0753664,2.02582e-08,33.792,209.241
mac_econ_fwd500.mtx,206500,206500,1273389,csr scalar,431,480,0,0.0361472,4.31457e-08,70.4558,326.313
mac_econ_fwd500.mtx,206500,206500,1273389,csr vector,13767,480,0,0.150323,5.30339e-08,16.942,78.4663
mac_econ_fwd500.mtx,206500,206500,1273389,coo seg,1327,480,64,0.0386048,5.00905e-08,65.9705,408.493
mac_econ_fwd500.mtx,206500,206500,1273389,coo seg,664,480,128,0.034304,4.96689e-08,74.2414,459.707
mac_econ_fwd500.mtx,206500,206500,1273389,coo seg,443,480,192,0.0330752,4.95686e-08,76.9996,476.785
mac_econ_fwd500.mtx,206500,206500,1273389,coo seg,332,480,256,0.036864,4.95924e-08,69.0858,427.783
mac_econ_fwd500.mtx,206500,206500,1273389,coo seg,266,480,320,0.0411648,4.96666e-08,61.8679,383.089
mac_econ_fwd500.mtx,206500,206500,1273389,coo seg,222,480,384,0.032768,4.94972e-08,77.7215,481.255
mac_econ_fwd500.mtx,206500,206500,1273389,coo seg,190,480,448,0.0365568,4.9547e-08,69.6663,431.377
mac_econ_fwd500.mtx,206500,206500,1273389,coo seg,166,480,512,0.0367616,4.95355e-08,69.2782,428.974
mac_econ_fwd500.mtx,206500,206500,1273389,coo seg,148,480,576,0.0391168,4.94961e-08,65.107,403.146
mac_econ_fwd500.mtx,206500,206500,1273389,coo seg,133,480,640,0.0425984,4.95038e-08,59.7858,370.196
mac_econ_fwd500.mtx,206500,206500,1273389,coo seg,121,480,704,0.0449536,4.96138e-08,56.6535,350.801
mac_econ_fwd500.mtx,206500,206500,1273389,coo seg,111,480,768,0.0444416,4.94743e-08,57.3062,354.843
mac_econ_fwd500.mtx,206500,206500,1273389,coo seg,103,480,832,0.0474112,4.94695e-08,53.7168,332.617
mac_econ_fwd500.mtx,206500,206500,1273389,coo seg,95,480,896,0.0504832,4.94601e-08,50.448,312.377
mac_econ_fwd500.mtx,206500,206500,1273389,coo seg,89,480,960,0.0536576,4.94618e-08,47.4635,293.896
mac_econ_fwd500.mtx,206500,206500,1273389,coo seg,83,480,1024,0.0556032,4.95009e-08,45.8027,283.613
mac_econ_fwd500.mtx,206500,206500,1273389,coo flat,2488,512,0,0.0741376,1.99444e-08,34.352,212.71
mac_econ_fwd500.mtx,206500,206500,1273389,csr scalar,404,512,0,0.0367616,4.31457e-08,69.2782,320.859
mac_econ_fwd500.mtx,206500,206500,1273389,csr vector,12907,512,0,0.140698,5.30339e-08,18.1011,83.8345
mac_econ_fwd500.mtx,206500,206500,1273389,coo seg,1244,512,64,0.0381952,5.00905e-08,66.678,412.873
mac_econ_fwd500.mtx,206500,206500,1273389,coo seg,622,512,128,0.0347136,4.96689e-08,73.3654,454.282
mac_econ_fwd500.mtx,206500,206500,1273389,coo seg,415,512,192,0.0336896,4.95686e-08,75.5954,468.09
mac_econ_fwd500.mtx,206500,206500,1273389,coo seg,311,512,256,0.0370688,4.95924e-08,68.7041,425.419
mac_econ_fwd500.mtx,206500,206500,1273389,coo seg,249,512,320,0.0410624,4.96666e-08,62.0221,384.044
mac_econ_fwd500.mtx,206500,206500,1273389,coo seg,208,512,384,0.0335872,4.94972e-08,75.8259,469.517
mac_econ_fwd500.mtx,206500,206500,1273389,coo seg,178,512,448,0.0367616,4.9547e-08,69.2782,428.974
mac_econ_fwd500.mtx,206500,206500,1273389,coo seg,156,512,512,0.0361472,4.95355e-08,70.4557,436.265
mac_econ_fwd500.mtx,206500,206500,1273389,coo seg,139,512,576,0.0392192,4.94961e-08,64.937,402.093
mac_econ_fwd500.mtx,206500,206500,1273389,coo seg,125,512,640,0.0423936,4.95038e-08,60.0746,371.985
mac_econ_fwd500.mtx,206500,206500,1273389,coo seg,114,512,704,0.043008,4.96138e-08,59.2164,366.671
mac_econ_fwd500.mtx,206500,206500,1273389,coo seg,104,512,768,0.0442368,4.94743e-08,57.5715,356.485
mac_econ_fwd500.mtx,206500,206500,1273389,coo seg,96,512,832,0.046592,4.94695e-08,54.6613,338.465
mac_econ_fwd500.mtx,206500,206500,1273389,coo seg,89,512,896,0.050688,4.94601e-08,50.2442,311.115
mac_econ_fwd500.mtx,206500,206500,1273389,coo seg,83,512,960,0.0525312,4.94618e-08,48.4812,300.198
mac_econ_fwd500.mtx,206500,206500,1273389,coo seg,78,512,1024,0.0561152,4.95009e-08,45.3848,281.025
mac_econ_fwd500.mtx,206500,206500,1273389,coo flat,2341,544,0,0.0774144,1.88438e-08,32.898,203.706
mac_econ_fwd500.mtx,206500,206500,1273389,csr scalar,380,544,0,0.0361472,4.31457e-08,70.4558,326.313
mac_econ_fwd500.mtx,206500,206500,1273389,csr vector,12148,544,0,0.166605,5.30339e-08,15.2863,70.7981
mac_econ_fwd500.mtx,206500,206500,1273389,coo seg,1171,544,64,0.0410624,5.00905e-08,62.0221,384.044
mac_econ_fwd500.mtx,206500,206500,1273389,coo seg,586,544,128,0.0386048,4.96689e-08,65.9705,408.493
mac_econ_fwd500.mtx,206500,206500,1273389,coo seg,391,544,192,0.0393216,4.95686e-08,64.7679,401.046
mac_econ_fwd500.mtx,206500,206500,1273389,coo seg,293,544,256,0.037376,4.95924e-08,68.1394,421.922
mac_econ_fwd500.mtx,206500,206500,1273389,coo seg,235,544,320,0.0406528,4.96666e-08,62.647,387.914
mac_econ_fwd500.mtx,206500,206500,1273389,coo seg,196,544,384,0.045568,4.94972e-08,55.8896,346.071
mac_econ_fwd500.mtx,206500,206500,1273389,coo seg,168,544,448,0.0334848,4.9547e-08,76.0577,470.953
mac_econ_fwd500.mtx,206500,206500,1273389,coo seg,147,544,512,0.037376,4.95355e-08,68.1394,421.922
mac_econ_fwd500.mtx,206500,206500,1273389,coo seg,131,544,576,0.0403456,4.94961e-08,63.1241,390.867
mac_econ_fwd500.mtx,206500,206500,1273389,coo seg,118,544,640,0.042496,4.95038e-08,59.9298,371.089
mac_econ_fwd500.mtx,206500,206500,1273389,coo seg,107,544,704,0.0423936,4.96138e-08,60.0746,371.985
mac_econ_fwd500.mtx,206500,206500,1273389,coo seg,98,544,768,0.0452608,4.94743e-08,56.269,348.42
mac_econ_fwd500.mtx,206500,206500,1273389,coo seg,91,544,832,0.0479232,4.94695e-08,53.1429,329.063
mac_econ_fwd500.mtx,206500,206500,1273389,coo seg,84,544,896,0.050688,4.94601e-08,50.2442,311.115
mac_econ_fwd500.mtx,206500,206500,1273389,coo seg,79,544,960,0.0534528,4.94618e-08,47.6454,295.022
mac_econ_fwd500.mtx,206500,206500,1273389,coo seg,74,544,1024,0.05632,4.95009e-08,45.2198,280.003
mac_econ_fwd500.mtx,206500,206500,1273389,coo flat,2211,576,0,0.0776192,1.83784e-08,32.8112,203.169
mac_econ_fwd500.mtx,206500,206500,1273389,csr scalar,359,576,0,0.036352,4.31457e-08,70.0588,324.475
mac_econ_fwd500.mtx,206500,206500,1273389,csr vector,11473,576,0,0.162509,5.30339e-08,15.6716,72.5826
mac_econ_fwd500.mtx,206500,206500,1273389,coo seg,1106,576,64,0.0408576,5.00905e-08,62.333,385.969
mac_econ_fwd500.mtx,206500,206500,1273389,coo seg,553,576,128,0.0381952,4.96689e-08,66.678,412.873
mac_econ_fwd500.mtx,206500,206500,1273389,coo seg,369,576,192,0.0393216,4.95686e-08,64.7679,401.046
mac_econ_fwd500.mtx,206500,206500,1273389,coo seg,277,576,256,0.0364544,4.95924e-08,69.862,432.589
mac_econ_fwd500.mtx,206500,206500,1273389,coo seg,222,576,320,0.0412672,4.96666e-08,61.7143,382.138
mac_econ_fwd500.mtx,206500,206500,1273389,coo seg,185,576,384,0.0459776,4.94972e-08,55.3917,342.988
mac_econ_fwd500.mtx,206500,206500,1273389,coo seg,158,576,448,0.0339968,4.9547e-08,74.9123,463.861
mac_econ_fwd500.mtx,206500,206500,1273389,coo seg,139,576,512,0.037888,4.95355e-08,67.2186,416.221
mac_econ_fwd500.mtx,206500,206500,1273389,coo seg,123,576,576,0.0411648,4.94961e-08,61.8679,383.089
mac_econ_fwd500.mtx,206500,206500,1273389,coo seg,111,576,640,0.0397312,4.95038e-08,64.1002,396.912
mac_econ_fwd500.mtx,206500,206500,1273389,coo seg,101,576,704,0.042496,4.96138e-08,59.9298,371.089
mac_econ_fwd500.mtx,206500,206500,1273389,coo seg,93,576,768,0.0453632,4.94743e-08,56.1419,347.634
mac_econ_fwd500.mtx,206500,206500,1273389,coo seg,86,576,832,0.0479232,4.94695e-08,53.1429,329.063
mac_econ_fwd500.mtx,206500,206500,1273389,coo seg,79,576,896,0.0508928,4.94601e-08,50.042,309.863
mac_econ_fwd500.mtx,206500,206500,1273389,coo seg,74,576,960,0.0536576,4.94618e-08,47.4635,293.896
mac_econ_fwd500.mtx,206500,206500,1273389,coo seg,70,576,1024,0.0572416,4.95009e-08,44.4917,275.495
mac_econ_fwd500.mtx,206500,206500,1273389,coo flat,2095,608,0,0.0765952,1.9474e-08,33.2498,205.885
mac_econ_fwd500.mtx,206500,206500,1273389,csr scalar,340,608,0,0.036864,4.31457e-08,69.0858,319.968
mac_econ_fwd500.mtx,206500,206500,1273389,csr vector,10869,608,0,0.159744,5.30339e-08,15.9429,73.8388
mac_econ_fwd500.mtx,206500,206500,1273389,coo seg,1048,608,64,0.039936,5.00905e-08,63.7715,394.876
mac_econ_fwd500.mtx,206500,206500,1273389,coo seg,524,608,128,0.0387072,4.96689e-08,65.796,407.412
mac_econ_fwd500.mtx,206500,206500,1273389,coo seg,350,608,192,0.0385024,4.95686e-08,66.146,409.579
mac_econ_fwd500.mtx,206500,206500,1273389,coo seg,262,608,256,0.0361472,4.95924e-08,70.4558,436.266
mac_econ_fwd500.mtx,206500,206500,1273389,coo seg,210,608,320,0.0416768,4.96666e-08,61.1078,378.383
mac_econ_fwd500.mtx,206500,206500,1273389,coo seg,175,608,384,0.0438272,4.94972e-08,58.1095,359.817
mac_econ_fwd500.mtx,206500,206500,1273389,coo seg,150,608,448,0.0352256,4.9547e-08,72.2991,447.679
mac_econ_fwd500.mtx,206500,206500,1273389,coo seg,131,608,512,0.0392192,4.95355e-08,64.937,402.093
mac_econ_fwd500.mtx,206500,206500,1273389,coo seg,117,608,576,0.0408576,4.94961e-08,62.333,385.969
mac_econ_fwd500.mtx,206500,206500,1273389,coo seg,105,608,640,0.0406528,4.95038e-08,62.647,387.914
mac_econ_fwd500.mtx,206500,206500,1273389,coo seg,96,608,704,0.0427008,4.96138e-08,59.6424,369.309
mac_econ_fwd500.mtx,206500,206500,1273389,coo seg,88,608,768,0.04608,4.94743e-08,55.2686,342.226
mac_econ_fwd500.mtx,206500,206500,1273389,coo seg,81,608,832,0.0484352,4.94695e-08,52.5811,325.585
mac_econ_fwd500.mtx,206500,206500,1273389,coo seg,75,608,896,0.0518144,4.94601e-08,49.1519,304.351
mac_econ_fwd500.mtx,206500,206500,1273389,coo seg,70,608,960,0.0544768,4.94618e-08,46.7498,289.477
mac_econ_fwd500.mtx,206500,206500,1273389,coo seg,66,608,1024,0.057344,4.95009e-08,44.4123,275.003
mac_econ_fwd500.mtx,206500,206500,1273389,coo flat,1990,640,0,0.075264,1.86701e-08,33.8379,209.526
mac_econ_fwd500.mtx,206500,206500,1273389,csr scalar,323,640,0,0.0365568,4.31457e-08,69.6663,322.657
mac_econ_fwd500.mtx,206500,206500,1273389,csr vector,10325,640,0,0.154317,5.30339e-08,16.5036,76.4357
mac_econ_fwd500.mtx,206500,206500,1273389,coo seg,995,640,64,0.0386048,5.00905e-08,65.9705,408.493
mac_econ_fwd500.mtx,206500,206500,1273389,coo seg,498,640,128,0.0355328,4.96689e-08,71.674,443.809
mac_econ_fwd500.mtx,206500,206500,1273389,coo seg,332,640,192,0.033792,4.95686e-08,75.3663,466.672
mac_econ_fwd500.mtx,206500,206500,1273389,coo seg,249,640,256,0.0365568,4.95924e-08,69.6663,431.377
mac_econ_fwd500.mtx,206500,206500,1273389,coo seg,199,640,320,0.0417792,4.96666e-08,60.958,377.455
mac_econ_fwd500.mtx,206500,206500,1273389,coo seg,166,640,384,0.0324608,4.94972e-08,78.457,485.81
mac_econ_fwd500.mtx,206500,206500,1273389,coo seg,143,640,448,0.0357376,4.9547e-08,71.2633,441.266
mac_econ_fwd500.mtx,206500,206500,1273389,coo seg,125,640,512,0.039936,4.95355e-08,63.7715,394.876
mac_econ_fwd500.mtx,206500,206500,1273389,coo seg,111,640,576,0.0369664,4.94961e-08,68.8944,426.598
mac_econ_fwd500.mtx,206500,206500,1273389,coo seg,100,640,640,0.0402432,4.95038e-08,63.2847,391.862
mac_econ_fwd500.mtx,206500,206500,1273389,coo seg,91,640,704,0.042496,4.96138e-08,59.9298,371.089
mac_econ_fwd500.mtx,206500,206500,1273389,coo seg,83,640,768,0.0452608,4.94743e-08,56.269,348.42
mac_econ_fwd500.mtx,206500,206500,1273389,coo seg,77,640,832,0.0487424,4.94695e-08,52.2497,323.533
mac_econ_fwd500.mtx,206500,206500,1273389,coo seg,72,640,896,0.0518144,4.94601e-08,49.1519,304.351
mac_econ_fwd500.mtx,206500,206500,1273389,coo seg,67,640,960,0.0539648,4.94618e-08,47.1933,292.223
mac_econ_fwd500.mtx,206500,206500,1273389,coo seg,63,640,1024,0.0569344,4.95009e-08,44.7318,276.981
mac_econ_fwd500.mtx,206500,206500,1273389,coo flat,1895,672,0,0.0746496,1.86633e-08,34.1164,211.251
mac_econ_fwd500.mtx,206500,206500,1273389,csr scalar,308,672,0,0.0367616,4.31457e-08,69.2782,320.859
mac_econ_fwd500.mtx,206500,206500,1273389,csr vector,9834,672,0,0.154726,5.30339e-08,16.4599,76.2333
mac_econ_fwd500.mtx,206500,206500,1273389,coo seg,948,672,64,0.0385024,5.00905e-08,66.146,409.579
mac_econ_fwd500.mtx,206500,206500,1273389,coo seg,474,672,128,0.035328,4.96689e-08,72.0895,446.382
mac_econ_fwd500.mtx,206500,206500,1273389,coo seg,316,672,192,0.0342016,4.95686e-08,74.4637,461.083
mac_econ_fwd500.mtx,206500,206500,1273389,coo seg,237,672,256,0.0371712,4.95924e-08,68.5148,424.247
mac_econ_fwd500.mtx,206500,206500,1273389,coo seg,190,672,320,0.041984,4.96666e-08,60.6607,375.614
mac_econ_fwd500.mtx,206500,206500,1273389,coo seg,158,672,384,0.0329728,4.94972e-08,77.2388,478.266
mac_econ_fwd500.mtx,206500,206500,1273389,coo seg,136,672,448,0.036864,4.9547e-08,69.0858,427.783
mac_econ_fwd500.mtx,206500,206500,1273389,coo seg,119,672,512,0.0395264,4.95355e-08,64.4323,398.968
mac_econ_fwd500.mtx,206500,206500,1273389,coo seg,106,672,576,0.0375808,4.94961e-08,67.7681,419.623
mac_econ_fwd500.mtx,206500,206500,1273389,coo seg,95,672,640,0.041472,4.95038e-08,61.4096,380.251
mac_econ_fwd500.mtx,206500,206500,1273389,coo seg,87,672,704,0.04352,4.96138e-08,58.5197,362.357
mac_econ_fwd500.mtx,206500,206500,1273389,coo seg,79,672,768,0.046592,4.94743e-08,54.6613,338.465
mac_econ_fwd500.mtx,206500,206500,1273389,coo seg,73,672,832,0.050176,4.94695e-08,50.7569,314.289
mac_econ_fwd500.mtx,206500,206500,1273389,coo seg,68,672,896,0.053248,4.94601e-08,47.8286,296.157
mac_econ_fwd500.mtx,206500,206500,1273389,coo seg,64,672,960,0.0557056,4.94618e-08,45.7185,283.091
mac_econ_fwd500.mtx,206500,206500,1273389,coo seg,60,672,1024,0.0587776,4.95009e-08,43.3291,268.296
mac_econ_fwd500.mtx,206500,206500,1273389,coo flat,1809,704,0,0.078336,1.75907e-08,32.511,201.309
mac_econ_fwd500.mtx,206500,206500,1273389,csr scalar,294,704,0,0.0386048,4.31457e-08,65.9705,305.54
mac_econ_fwd500.mtx,206500,206500,1273389,csr vector,9387,704,0,0.187392,5.30339e-08,13.5906,62.9446
mac_econ_fwd500.mtx,206500,206500,1273389,coo seg,905,704,64,0.0448512,5.00905e-08,56.7828,351.602
mac_econ_fwd500.mtx,206500,206500,1273389,coo seg,453,704,128,0.0425984,4.96689e-08,59.7858,370.196
mac_econ_fwd500.mtx,206500,206500,1273389,coo seg,302,704,192,0.0395264,4.95686e-08,64.4323,398.968
mac_econ_fwd500.mtx,206500,206500,1273389,coo seg,227,704,256,0.0425984,4.95924e-08,59.7858,370.196
mac_econ_fwd500.mtx,206500,206500,1273389,coo seg,181,704,320,0.0415744,4.96666e-08,61.2583,379.315
mac_econ_fwd500.mtx,206500,206500,1273389,coo seg,151,704,384,0.0467968,4.94972e-08,54.4221,336.984
mac_econ_fwd500.mtx,206500,206500,1273389,coo seg,130,704,448,0.0521216,4.9547e-08,48.8622,302.557
mac_econ_fwd500.mtx,206500,206500,1273389,coo seg,114,704,512,0.0478208,4.95355e-08,53.2567,329.768
mac_econ_fwd500.mtx,206500,206500,1273389,coo seg,101,704,576,0.0376832,4.94961e-08,67.5839,418.483
mac_econ_fwd500.mtx,206500,206500,1273389,coo seg,91,704,640,0.0407552,4.95038e-08,62.4896,386.939
mac_econ_fwd500.mtx,206500,206500,1273389,coo seg,83,704,704,0.0441344,4.96138e-08,57.705,357.313
mac_econ_fwd500.mtx,206500,206500,1273389,coo seg,76,704,768,0.0466944,4.94743e-08,54.5414,337.723
mac_econ_fwd500.mtx,206500,206500,1273389,coo seg,70,704,832,0.0512,4.94695e-08,49.7418,308.003
mac_econ_fwd500.mtx,206500,206500,1273389,coo seg,65,704,896,0.0531456,4.94601e-08,47.9208,296.728
mac_econ_fwd500.mtx,206500,206500,1273389,coo seg,61,704,960,0.0557056,4.94618e-08,45.7185,283.091
mac_econ_fwd500.mtx,206500,206500,1273389,coo seg,57,704,1024,0.0530432,4.95009e-08,48.0133,297.301
mac_econ_fwd500.mtx,206500,206500,1273389,coo flat,1731,736,0,0.07936,1.70537e-08,32.0915,198.712
mac_econ_fwd500.mtx,206500,206500,1273389,csr scalar,281,736,0,0.035328,4.31457e-08,72.0895,333.88
mac_econ_fwd500.mtx,206500,206500,1273389,csr vector,8979,736,0,0.185754,5.30339e-08,13.7105,63.4998
mac_econ_fwd500.mtx,206500,206500,1273389,coo seg,866,736,64,0.0441344,5.00905e-08,57.7051,357.313
mac_econ_fwd500.mtx,206500,206500,1273389,coo seg,433,736,128,0.0390144,4.96689e-08,65.2779,404.204
mac_econ_fwd500.mtx,206500,206500,1273389,coo seg,289,736,192,0.0406528,4.95686e-08,62.647,387.914
mac_econ_fwd500.mtx,206500,206500,1273389,coo seg,217,736,256,0.0369664,4.95924e-08,68.8944,426.598
mac_econ_fwd500.mtx,206500,206500,1273389,coo seg,174,736,320,0.0417792,4.96666e-08,60.958,377.455
mac_econ_fwd500.mtx,206500,206500,1273389,coo seg,145,736,384,0.0474112,4.94972e-08,53.7168,332.617
mac_econ_fwd500.mtx,206500,206500,1273389,coo seg,124,736,448,0.0518144,4.9547e-08,49.1519,304.351
mac_econ_fwd500.mtx,206500,206500,1273389,coo seg,109,736,512,0.0361472,4.95355e-08,70.4557,436.265
mac_econ_fwd500.mtx,206500,206500,1273389,coo seg,97,736,576,0.0380928,4.94961e-08,66.8572,413.983
mac_econ_fwd500.mtx,206500,206500,1273389,coo seg,87,736,640,0.0417792,4.95038e-08,60.958,377.455
mac_econ_fwd500.mtx,206500,206500,1273389,coo seg,79,736,704,0.0449536,4.96138e-08,56.6535,350.801
mac_econ_fwd500.mtx,206500,206500,1273389,coo seg,73,736,768,0.048128,4.94743e-08,52.9168,327.663
mac_econ_fwd500.mtx,206500,206500,1273389,coo seg,67,736,832,0.0512,4.94695e-08,49.7418,308.003
mac_econ_fwd500.mtx,206500,206500,1273389,coo seg,62,736,896,0.0535552,4.94601e-08,47.5543,294.458
mac_econ_fwd500.mtx,206500,206500,1273389,coo seg,58,736,960,0.054272,4.94618e-08,46.9262,290.569
mac_econ_fwd500.mtx,206500,206500,1273389,coo seg,55,736,1024,0.0541696,4.95009e-08,47.0149,291.119
mac_econ_fwd500.mtx,206500,206500,1273389,coo flat,1659,768,0,0.0785408,1.81826e-08,32.4262,200.785
mac_econ_fwd500.mtx,206500,206500,1273389,csr scalar,269,768,0,0.0355328,4.31457e-08,71.674,331.956
mac_econ_fwd500.mtx,206500,206500,1273389,csr vector,8605,768,0,0.179814,5.30339e-08,14.1634,65.5971
mac_econ_fwd500.mtx,206500,206500,1273389,coo seg,830,768,64,0.0437248,5.00905e-08,58.2456,360.66
mac_econ_fwd500.mtx,206500,206500,1273389,coo seg,415,768,128,0.0397312,4.96689e-08,64.1002,396.912
mac_econ_fwd500.mtx,206500,206500,1273389,coo seg,277,768,192,0.039936,4.95686e-08,63.7715,394.876
mac_econ_fwd500.mtx,206500,206500,1273389,coo seg,208,768,256,0.0369664,4.95924e-08,68.8944,426.598
mac_econ_fwd500.mtx,206500,206500,1273389,coo seg,166,768,320,0.0421888,4.96666e-08,60.3662,373.791
mac_econ_fwd500.mtx,206500,206500,1273389,coo seg,139,768,384,0.046592,4.94972e-08,54.6613,338.465
mac_econ_fwd500.mtx,206500,206500,1273389,coo seg,119,768,448,0.0488448,4.9547e-08,52.1402,322.855
mac_econ_fwd500.mtx,206500,206500,1273389,coo seg,104,768,512,0.0360448,4.95355e-08,70.6559,437.505
mac_econ_fwd500.mtx,206500,206500,1273389,coo seg,93,768,576,0.0384,4.94961e-08,66.3223,410.671
mac_econ_fwd500.mtx,206500,206500,1273389,coo seg,83,768,640,0.0420864,4.95038e-08,60.5131,374.7
mac_econ_fwd500.mtx,206500,206500,1273389,coo seg,76,768,704,0.0456704,4.96138e-08,55.7643,345.295
mac_econ_fwd500.mtx,206500,206500,1273389,coo seg,70,768,768,0.0490496,4.94743e-08,51.9225,321.507
mac_econ_fwd500.mtx,206500,206500,1273389,coo seg,64,768,832,0.0512,4.94695e-08,49.7418,308.003
mac_econ_fwd500.mtx,206500,206500,1273389,coo seg,60,768,896,0.05376,4.94601e-08,47.3731,293.337
mac_econ_fwd500.mtx,206500,206500,1273389,coo seg,56,768,960,0.0502784,4.94618e-08,50.6535,313.649
mac_econ_fwd500.mtx,206500,206500,1273389,coo seg,52,768,1024,0.0533504,4.95009e-08,47.7368,295.589
mac_econ_fwd500.mtx,206500,206500,1273389,coo flat,1592,800,0,0.078336,1.79434e-08,32.511,201.309
mac_econ_fwd500.mtx,206500,206500,1273389,csr scalar,259,800,0,0.0364544,4.31457e-08,69.862,323.563
mac_econ_fwd500.mtx,206500,206500,1273389,csr vector,8260,800,0,0.182067,5.30339e-08,13.9881,64.7855
mac_econ_fwd500.mtx,206500,206500,1273389,coo seg,796,800,64,0.0432128,5.00905e-08,58.9357,364.933
mac_econ_fwd500.mtx,206500,206500,1273389,coo seg,398,800,128,0.0397312,4.96689e-08,64.1002,396.912
mac_econ_fwd500.mtx,206500,206500,1273389,coo seg,266,800,192,0.039936,4.95686e-08,63.7715,394.876
mac_econ_fwd500.mtx,206500,206500,1273389,coo seg,199,800,256,0.037376,4.95924e-08,68.1394,421.922
mac_econ_fwd500.mtx,206500,206500,1273389,coo seg,160,800,320,0.0425984,4.96666e-08,59.7858,370.196
mac_econ_fwd500.mtx,206500,206500,1273389,coo seg,133,800,384,0.0454656,4.94972e-08,56.0155,346.851
mac_econ_fwd500.mtx,206500,206500,1273389,coo seg,114,800,448,0.0457728,4.9547e-08,55.6396,344.523
mac_econ_fwd500.mtx,206500,206500,1273389,coo seg,100,800,512,0.0366592,4.95355e-08,69.4717,430.172
mac_econ_fwd500.mtx,206500,206500,1273389,coo seg,89,800,576,0.0396288,4.94961e-08,64.2658,397.937
mac_econ_fwd500.mtx,206500,206500,1273389,coo seg,80,800,640,0.043008,4.95038e-08,59.2164,366.671
mac_econ_fwd500.mtx,206500,206500,1273389,coo seg,73,800,704,0.0458752,4.96138e-08,55.5154,343.754
mac_econ_fwd500.mtx,206500,206500,1273389,coo seg,67,800,768,0.0492544,4.94743e-08,51.7066,320.17
mac_econ_fwd500.mtx,206500,206500,1273389,coo seg,62,800,832,0.0512,4.94695e-08,49.7418,308.003
mac_econ_fwd500.mtx,206500,206500,1273389,coo seg,57,800,896,0.0503808,4.94601e-08,50.5506,313.012
mac_econ_fwd500.mtx,206500,206500,1273389,coo seg,54,800,960,0.0504832,4.94618e-08,50.448,312.377
mac_econ_fwd500.mtx,206500,206500,1273389,coo seg,50,800,1024,0.0544768,4.95009e-08,46.7498,289.477
mac_econ_fwd500.mtx,206500,206500,1273389,coo flat,1531,832,0,0.0782336,1.74376e-08,32.5535,201.573
mac_econ_fwd500.mtx,206500,206500,1273389,csr scalar,249,832,0,0.0371712,4.31457e-08,68.5148,317.324
mac_econ_fwd500.mtx,206500,206500,1273389,csr vector,7943,832,0,0.177971,5.30339e-08,14.3101,66.2765
mac_econ_fwd500.mtx,206500,206500,1273389,coo seg,766,832,64,0.0415744,5.00905e-08,61.2583,379.315
mac_econ_fwd500.mtx,206500,206500,1273389,coo seg,383,832,128,0.0397312,4.96689e-08,64.1002,396.912
mac_econ_fwd500.mtx,206500,206500,1273389,coo seg,256,832,192,0.039424,4.95686e-08,64.5997,400.004
mac_econ_fwd500.mtx,206500,206500,1273389,coo seg,192,832,256,0.037888,4.95924e-08,67.2186,416.221
mac_econ_fwd500.mtx,206500,206500,1273389,coo seg,154,832,320,0.04096,4.96666e-08,62.1772,385.004
mac_econ_fwd500.mtx,206500,206500,1273389,coo seg,128,832,384,0.045568,4.94972e-08,55.8896,346.071
mac_econ_fwd500.mtx,206500,206500,1273389,coo seg,110,832,448,0.033792,4.9547e-08,75.3663,466.672
mac_econ_fwd500.mtx,206500,206500,1273389,coo seg,96,832,512,0.0365568,4.95355e-08,69.6663,431.377
mac_econ_fwd500.mtx,206500,206500,1273389,coo seg,86,832,576,0.0402432,4.94961e-08,63.2847,391.862
mac_econ_fwd500.mtx,206500,206500,1273389,coo seg,77,832,640,0.043008,4.95038e-08,59.2164,366.671
mac_econ_fwd500.mtx,206500,206500,1273389,coo seg,70,832,704,0.0475136,4.96138e-08,53.601,331.9
mac_econ_fwd500.mtx,206500,206500,1273389,coo seg,64,832,768,0.0497664,4.94743e-08,51.1746,316.876
mac_econ_fwd500.mtx,206500,206500,1273389,coo seg,59,832,832,0.0512,4.94695e-08,49.7418,308.003
mac_econ_fwd500.mtx,206500,206500,1273389,coo seg,55,832,896,0.0482304,4.94601e-08,52.8044,326.968
mac_econ_fwd500.mtx,206500,206500,1273389,coo seg,52,832,960,0.0521216,4.94618e-08,48.8622,302.557
mac_econ_fwd500.mtx,206500,206500,1273389,coo seg,48,832,1024,0.054272,4.95009e-08,46.9262,290.569
mac_econ_fwd500.mtx,206500,206500,1273389,coo flat,1474,864,0,0.0772096,1.75358e-08,32.9852,204.246
mac_econ_fwd500.mtx,206500,206500,1273389,csr scalar,240,864,0,0.0377856,4.31457e-08,67.4008,312.164
mac_econ_fwd500.mtx,206500,206500,1273389,csr vector,7649,864,0,0.177664,5.30339e-08,14.3348,66.3911
mac_econ_fwd500.mtx,206500,206500,1273389,coo seg,737,864,64,0.0416768,5.00905e-08,61.1078,378.383
mac_econ_fwd500.mtx,206500,206500,1273389,coo seg,369,864,128,0.0392192,4.96689e-08,64.937,402.093
mac_econ_fwd500.mtx,206500,206500,1273389,coo seg,246,864,192,0.0395264,4.95686e-08,64.4323,398.968
mac_econ_fwd500.mtx,206500,206500,1273389,coo seg,185,864,256,0.0382976,4.95924e-08,66.4997,411.769
mac_econ_fwd500.mtx,206500,206500,1273389,coo seg,148,864,320,0.0411648,4.96666e-08,61.8679,383.089
mac_econ_fwd500.mtx,206500,206500,1273389,coo seg,123,864,384,0.0456704,4.94972e-08,55.7643,345.295
mac_econ_fwd500.mtx,206500,206500,1273389,coo seg,106,864,448,0.0345088,4.9547e-08,73.8008,456.978
mac_econ_fwd500.mtx,206500,206500,1273389,coo seg,93,864,512,0.0370688,4.95355e-08,68.7041,425.419
mac_econ_fwd500.mtx,206500,206500,1273389,coo seg,82,864,576,0.04096,4.94961e-08,62.1772,385.004
mac_econ_fwd500.mtx,206500,206500,1273389,coo seg,74,864,640,0.0444416,4.95038e-08,57.3062,354.843
mac_econ_fwd500.mtx,206500,206500,1273389,coo seg,67,864,704,0.0477184,4.96138e-08,53.371,330.476
mac_econ_fwd500.mtx,206500,206500,1273389,coo seg,62,864,768,0.0502784,4.94743e-08,50.6535,313.649
mac_econ_fwd500.mtx,206500,206500,1273389,coo seg,57,864,832,0.0473088,4.94695e-08,53.8331,333.337
mac_econ_fwd500.mtx,206500,206500,1273389,coo seg,53,864,896,0.048128,4.94601e-08,52.9168,327.663
mac_econ_fwd500.mtx,206500,206500,1273389,coo seg,50,864,960,0.0508928,4.94618e-08,50.042,309.863
mac_econ_fwd500.mtx,206500,206500,1273389,coo seg,47,864,1024,0.0543744,4.95009e-08,46.8378,290.022
mac_econ_fwd500.mtx,206500,206500,1273389,coo flat,1422,896,0,0.0766976,1.85749e-08,33.2054,205.61
mac_econ_fwd500.mtx,206500,206500,1273389,csr scalar,231,896,0,0.0382976,4.31457e-08,66.4997,307.991
mac_econ_fwd500.mtx,206500,206500,1273389,csr vector,7375,896,0,0.171827,5.30339e-08,14.8217,68.6463
mac_econ_fwd500.mtx,206500,206500,1273389,coo seg,711,896,64,0.0410624,5.00905e-08,62.0221,384.044
mac_econ_fwd500.mtx,206500,206500,1273389,coo seg,356,896,128,0.0393216,4.96689e-08,64.7679,401.046
mac_econ_fwd500.mtx,206500,206500,1273389,coo seg,237,896,192,0.0391168,4.95686e-08,65.107,403.146
mac_econ_fwd500.mtx,206500,206500,1273389,coo seg,178,896,256,0.0382976,4.95924e-08,66.4997,411.769
mac_econ_fwd500.mtx,206500,206500,1273389,coo seg,143,896,320,0.0411648,4.96666e-08,61.8679,383.089
mac_econ_fwd500.mtx,206500,206500,1273389,coo seg,119,896,384,0.0452608,4.94972e-08,56.269,348.42
mac_econ_fwd500.mtx,206500,206500,1273389,coo seg,102,896,448,0.0349184,4.9547e-08,72.9351,451.618
mac_econ_fwd500.mtx,206500,206500,1273389,coo seg,89,896,512,0.037376,4.95355e-08,68.1394,421.922
mac_econ_fwd500.mtx,206500,206500,1273389,coo seg,79,896,576,0.0408576,4.94961e-08,62.333,385.969
mac_econ_fwd500.mtx,206500,206500,1273389,coo seg,72,896,640,0.0449536,4.95038e-08,56.6535,350.801
mac_econ_fwd500.mtx,206500,206500,1273389,coo seg,65,896,704,0.0490496,4.96138e-08,51.9225,321.507
mac_econ_fwd500.mtx,206500,206500,1273389,coo seg,60,896,768,0.0502784,4.94743e-08,50.6535,313.649
mac_econ_fwd500.mtx,206500,206500,1273389,coo seg,55,896,832,0.0454656,4.94695e-08,56.0155,346.851
mac_econ_fwd500.mtx,206500,206500,1273389,coo seg,51,896,896,0.0487424,4.94601e-08,52.2497,323.533
mac_econ_fwd500.mtx,206500,206500,1273389,coo seg,48,896,960,0.0507904,4.94618e-08,50.1429,310.487
mac_econ_fwd500.mtx,206500,206500,1273389,coo seg,45,896,1024,0.0545792,4.95009e-08,46.6621,288.934
mac_econ_fwd500.mtx,206500,206500,1273389,coo flat,1373,928,0,0.0764928,2.00701e-08,33.2943,206.16
mac_econ_fwd500.mtx,206500,206500,1273389,csr scalar,223,928,0,0.035328,4.31457e-08,72.0895,333.88
mac_econ_fwd500.mtx,206500,206500,1273389,csr vector,7121,928,0,0.172237,5.30339e-08,14.7865,68.4831
mac_econ_fwd500.mtx,206500,206500,1273389,coo seg,687,928,64,0.04096,5.00905e-08,62.1772,385.004
mac_econ_fwd500.mtx,206500,206500,1273389,coo seg,344,928,128,0.0381952,4.96689e-08,66.678,412.873
mac_econ_fwd500.mtx,206500,206500,1273389,coo seg,229,928,192,0.037888,4.95686e-08,67.2186,416.221
mac_econ_fwd500.mtx,206500,206500,1273389,coo seg,172,928,256,0.0381952,4.95924e-08,66.678,412.873
mac_econ_fwd500.mtx,206500,206500,1273389,coo seg,138,928,320,0.0412672,4.96666e-08,61.7143,382.138
mac_econ_fwd500.mtx,206500,206500,1273389,coo seg,115,928,384,0.0427008,4.94972e-08,59.6424,369.309
mac_econ_fwd500.mtx,206500,206500,1273389,coo seg,99,928,448,0.035328,4.9547e-08,72.0895,446.382
mac_econ_fwd500.mtx,206500,206500,1273389,coo seg,86,928,512,0.0381952,4.95355e-08,66.678,412.873
mac_econ_fwd500.mtx,206500,206500,1273389,coo seg,77,928,576,0.0417792,4.94961e-08,60.958,377.455
mac_econ_fwd500.mtx,206500,206500,1273389,coo seg,69,928,640,0.0458752,4.95038e-08,55.5154,343.754
mac_econ_fwd500.mtx,206500,206500,1273389,coo seg,63,928,704,0.0488448,4.96138e-08,52.1402,322.855
mac_econ_fwd500.mtx,206500,206500,1273389,coo seg,58,928,768,0.0492544,4.94743e-08,51.7066,320.17
mac_econ_fwd500.mtx,206500,206500,1273389,coo seg,53,928,832,0.0461824,4.94695e-08,55.1461,341.467
mac_econ_fwd500.mtx,206500,206500,1273389,coo seg,50,928,896,0.04864,4.94601e-08,52.3597,324.214
mac_econ_fwd500.mtx,206500,206500,1273389,coo seg,46,928,960,0.0528384,4.94618e-08,48.1994,298.453
mac_econ_fwd500.mtx,206500,206500,1273389,coo seg,43,928,1024,0.054272,4.95009e-08,46.9262,290.569
mac_econ_fwd500.mtx,206500,206500,1273389,coo flat,1327,960,0,0.076288,1.84443e-08,33.3837,206.714
mac_econ_fwd500.mtx,206500,206500,1273389,csr scalar,216,960,0,0.0364544,4.31457e-08,69.862,323.563
mac_econ_fwd500.mtx,206500,206500,1273389,csr vector,6884,960,0,0.168858,5.30339e-08,15.0824,69.8536
mac_econ_fwd500.mtx,206500,206500,1273389,coo seg,664,960,64,0.039936,5.00905e-08,63.7715,394.876
mac_econ_fwd500.mtx,206500,206500,1273389,coo seg,332,960,128,0.03584,4.96689e-08,71.0597,440.005
mac_econ_fwd500.mtx,206500,206500,1273389,coo seg,222,960,192,0.0338944,4.95686e-08,75.1386,465.262
mac_econ_fwd500.mtx,206500,206500,1273389,coo seg,166,960,256,0.0362496,4.95924e-08,70.2567,435.033
mac_econ_fwd500.mtx,206500,206500,1273389,coo seg,133,960,320,0.0416768,4.96666e-08,61.1078,378.383
mac_econ_fwd500.mtx,206500,206500,1273389,coo seg,111,960,384,0.0319488,4.94972e-08,79.7144,493.595
mac_econ_fwd500.mtx,206500,206500,1273389,coo seg,95,960,448,0.035328,4.9547e-08,72.0895,446.382
mac_econ_fwd500.mtx,206500,206500,1273389,coo seg,83,960,512,0.0392192,4.95355e-08,64.937,402.093
mac_econ_fwd500.mtx,206500,206500,1273389,coo seg,74,960,576,0.042496,4.94961e-08,59.9298,371.089
mac_econ_fwd500.mtx,206500,206500,1273389,coo seg,67,960,640,0.0459776,4.95038e-08,55.3917,342.988
mac_econ_fwd500.mtx,206500,206500,1273389,coo seg,61,960,704,0.0489472,4.96138e-08,52.0311,322.179
mac_econ_fwd500.mtx,206500,206500,1273389,coo seg,56,960,768,0.0438272,4.94743e-08,58.1095,359.817
mac_econ_fwd500.mtx,206500,206500,1273389,coo seg,52,960,832,0.0464896,4.94695e-08,54.7817,339.211
mac_econ_fwd500.mtx,206500,206500,1273389,coo seg,48,960,896,0.0490496,4.94601e-08,51.9225,321.507
mac_econ_fwd500.mtx,206500,206500,1273389,coo seg,45,960,960,0.0530432,4.94618e-08,48.0133,297.301
mac_econ_fwd500.mtx,206500,206500,1273389,coo seg,42,960,1024,0.055808,4.95009e-08,45.6346,282.572
mac_econ_fwd500.mtx,206500,206500,1273389,coo flat,1284,992,0,0.0748544,1.77969e-08,34.0231,210.673
mac_econ_fwd500.mtx,206500,206500,1273389,csr scalar,209,992,0,0.036864,4.31457e-08,69.0858,319.968
mac_econ_fwd500.mtx,206500,206500,1273389,csr vector,6662,992,0,0.167526,5.30339e-08,15.2023,70.4087
mac_econ_fwd500.mtx,206500,206500,1273389,coo seg,642,992,64,0.0395264,5.00905e-08,64.4323,398.968
mac_econ_fwd500.mtx,206500,206500,1273389,coo seg,321,992,128,0.036352,4.96689e-08,70.0588,433.808
mac_econ_fwd500.mtx,206500,206500,1273389,coo seg,214,992,192,0.034304,4.95686e-08,74.2414,459.707
mac_econ_fwd500.mtx,206500,206500,1273389,coo seg,161,992,256,0.0366592,4.95924e-08,69.4717,430.172
mac_econ_fwd500.mtx,206500,206500,1273389,coo seg,129,992,320,0.041984,4.96666e-08,60.6607,375.614
mac_econ_fwd500.mtx,206500,206500,1273389,coo seg,107,992,384,0.0328704,4.94972e-08,77.4794,479.756
mac_econ_fwd500.mtx,206500,206500,1273389,coo seg,92,992,448,0.0356352,4.9547e-08,71.468,442.534
mac_econ_fwd500.mtx,206500,206500,1273389,coo seg,81,992,512,0.039936,4.95355e-08,63.7715,394.876
mac_econ_fwd500.mtx,206500,206500,1273389,coo seg,72,992,576,0.0436224,4.94961e-08,58.3823,361.506
mac_econ_fwd500.mtx,206500,206500,1273389,coo seg,65,992,640,0.0473088,4.95038e-08,53.8331,333.337
mac_econ_fwd500.mtx,206500,206500,1273389,coo seg,59,992,704,0.049664,4.96138e-08,51.2802,317.529
mac_econ_fwd500.mtx,206500,206500,1273389,coo seg,54,992,768,0.0431104,4.94743e-08,59.0757,365.8
mac_econ_fwd500.mtx,206500,206500,1273389,coo seg,50,992,832,0.0462848,4.94695e-08,55.0241,340.712
mac_econ_fwd500.mtx,206500,206500,1273389,coo seg,46,992,896,0.050176,4.94601e-08,50.7569,314.289
mac_econ_fwd500.mtx,206500,206500,1273389,coo seg,43,992,960,0.0526336,4.94618e-08,48.3869,299.614
mac_econ_fwd500.mtx,206500,206500,1273389,coo seg,41,992,1024,0.0575488,4.95009e-08,44.2542,274.024
mac_econ_fwd500.mtx,206500,206500,1273389,coo flat,1244,1024,0,0.0744448,1.90715e-08,34.2103,211.832
mac_econ_fwd500.mtx,206500,206500,1273389,csr scalar,202,1024,0,0.0375808,4.31457e-08,67.7681,313.865
mac_econ_fwd500.mtx,206500,206500,1273389,csr vector,6454,1024,0,0.158618,5.30339e-08,16.0561,74.3632
mac_econ_fwd500.mtx,206500,206500,1273389,coo seg,622,1024,64,0.038912,5.00905e-08,65.4497,405.268
mac_econ_fwd500.mtx,206500,206500,1273389,coo seg,311,1024,128,0.0362496,4.96689e-08,70.2567,435.033
mac_econ_fwd500.mtx,206500,206500,1273389,coo seg,208,1024,192,0.034304,4.95686e-08,74.2414,459.707
mac_econ_fwd500.mtx,206500,206500,1273389,coo seg,156,1024,256,0.0364544,4.95924e-08,69.862,432.589
mac_econ_fwd500.mtx,206500,206500,1273389,coo seg,125,1024,320,0.041984,4.96666e-08,60.6607,375.614
mac_econ_fwd500.mtx,206500,206500,1273389,coo seg,104,1024,384,0.0334848,4.94972e-08,76.0577,470.953
mac_econ_fwd500.mtx,206500,206500,1273389,coo seg,89,1024,448,0.0362496,4.9547e-08,70.2567,435.033
mac_econ_fwd500.mtx,206500,206500,1273389,coo seg,78,1024,512,0.0402432,4.95355e-08,63.2847,391.862
mac_econ_fwd500.mtx,206500,206500,1273389,coo seg,70,1024,576,0.0444416,4.94961e-08,57.3062,354.843
mac_econ_fwd500.mtx,206500,206500,1273389,coo seg,63,1024,640,0.047104,4.95038e-08,54.0671,334.786
mac_econ_fwd500.mtx,206500,206500,1273389,coo seg,57,1024,704,0.0427008,4.96138e-08,59.6424,369.309
mac_econ_fwd500.mtx,206500,206500,1273389,coo seg,52,1024,768,0.0428032,4.94743e-08,59.4997,368.425
mac_econ_fwd500.mtx,206500,206500,1273389,coo seg,48,1024,832,0.045568,4.94695e-08,55.8896,346.071
mac_econ_fwd500.mtx,206500,206500,1273389,coo seg,45,1024,896,0.0499712,4.94601e-08,50.9649,315.577
mac_econ_fwd500.mtx,206500,206500,1273389,coo seg,42,1024,960,0.0524288,4.94618e-08,48.5759,300.785
mac_econ_fwd500.mtx,206500,206500,1273389,coo seg,39,1024,1024,0.0565248,4.95009e-08,45.0559,278.989
mac_econ_fwd500.mtx,206500,206500,1273389,CuSparse,0,0,0,0.0355328,5.78691e-08,71.674,331.955
mc2depi.mtx,525825,525825,2100225,coo flat,65633,32,0,0.137216,1.20057e-08,30.612,199.609
mc2depi.mtx,525825,525825,2100225,csr scalar,16433,32,0,0.0503808,7.81314e-08,83.374,427.235
mc2depi.mtx,525825,525825,2100225,csr vector,525825,32,0,1.02932,7.12252e-08,4.08078,20.9112
mc2depi.mtx,525825,525825,2100225,coo seg,32817,32,64,0.0976896,4.84699e-08,42.9979,280.373
mc2depi.mtx,525825,525825,2100225,coo seg,16409,32,128,0.0893952,4.8142e-08,46.9874,306.387
mc2depi.mtx,525825,525825,2100225,coo seg,10939,32,192,0.0900096,4.80323e-08,46.6667,304.296
mc2depi.mtx,525825,525825,2100225,coo seg,8205,32,256,0.0900096,4.79758e-08,46.6667,304.296
mc2depi.mtx,525825,525825,2100225,coo seg,6564,32,320,0.0908288,4.79367e-08,46.2458,301.551
mc2depi.mtx,525825,525825,2100225,coo seg,5470,32,384,0.0971776,4.79202e-08,43.2245,281.85
mc2depi.mtx,525825,525825,2100225,coo seg,4689,32,448,0.0934912,4.789e-08,44.9288,292.964
mc2depi.mtx,525825,525825,2100225,coo seg,4103,32,512,0.101069,4.78823e-08,41.5603,270.999
mc2depi.mtx,525825,525825,2100225,coo seg,3647,32,576,0.105677,4.78791e-08,39.7481,259.182
mc2depi.mtx,525825,525825,2100225,coo seg,3282,32,640,0.0909312,4.78676e-08,46.1937,301.212
mc2depi.mtx,525825,525825,2100225,coo seg,2984,32,704,0.0970752,4.7856e-08,43.2701,282.148
mc2depi.mtx,525825,525825,2100225,coo seg,2735,32,768,0.103014,4.78572e-08,40.7754,265.881
mc2depi.mtx,525825,525825,2100225,coo seg,2525,32,832,0.11008,4.78443e-08,38.1582,248.815
mc2depi.mtx,525825,525825,2100225,coo seg,2345,32,896,0.11561,4.78459e-08,36.3331,236.914
mc2depi.mtx,525825,525825,2100225,coo seg,2188,32,960,0.120934,4.78473e-08,34.7333,226.483
mc2depi.mtx,525825,525825,2100225,coo seg,2052,32,1024,0.126874,4.7843e-08,33.1074,215.881
mc2depi.mtx,525825,525825,2100225,coo flat,32817,64,0,0.0705536,1.21412e-08,59.5356,388.209
mc2depi.mtx,525825,525825,2100225,csr scalar,8217,64,0,0.039936,7.81314e-08,105.18,538.974
mc2depi.mtx,525825,525825,2100225,csr vector,262913,64,0,0.47616,7.12252e-08,8.82151,45.2042
mc2depi.mtx,525825,525825,2100225,coo seg,16409,64,64,0.0630784,4.84699e-08,66.5909,434.214
mc2depi.mtx,525825,525825,2100225,coo seg,8205,64,128,0.0623616,4.8142e-08,67.3564,439.205
mc2depi.mtx,525825,525825,2100225,coo seg,5470,64,192,0.0664576,4.80323e-08,63.205,412.136
mc2depi.mtx,525825,525825,2100225,coo seg,4103,64,256,0.0692224,4.79758e-08,60.6805,395.675
mc2depi.mtx,525825,525825,2100225,coo seg,3282,64,320,0.0666624,4.79367e-08,63.0108,410.869
mc2depi.mtx,525825,525825,2100225,coo seg,2735,64,384,0.0703488,4.79202e-08,59.7089,389.339
mc2depi.mtx,525825,525825,2100225,coo seg,2345,64,448,0.0764928,4.789e-08,54.913,358.067
mc2depi.mtx,525825,525825,2100225,coo seg,2052,64,512,0.0817152,4.78823e-08,51.4035,335.183
mc2depi.mtx,525825,525825,2100225,coo seg,1824,64,576,0.0866304,4.78791e-08,48.487,316.165
mc2depi.mtx,525825,525825,2100225,coo seg,1641,64,640,0.0679936,4.78676e-08,61.7771,402.825
mc2depi.mtx,525825,525825,2100225,coo seg,1492,64,704,0.071168,4.7856e-08,59.0216,384.858
mc2depi.mtx,525825,525825,2100225,coo seg,1368,64,768,0.0736256,4.78572e-08,57.0515,372.011
mc2depi.mtx,525825,525825,2100225,coo seg,1263,64,832,0.0761856,4.78443e-08,55.1344,359.511
mc2depi.mtx,525825,525825,2100225,coo seg,1173,64,896,0.0776192,4.78459e-08,54.1161,352.871
mc2depi.mtx,525825,525825,2100225,coo seg,1094,64,960,0.0795648,4.78473e-08,52.7928,344.242
mc2depi.mtx,525825,525825,2100225,coo seg,1026,64,1024,0.0809984,4.7843e-08,51.8584,338.149
mc2depi.mtx,525825,525825,2100225,coo flat,21878,96,0,0.0708608,1.1799e-08,59.2775,386.526
mc2depi.mtx,525825,525825,2100225,csr scalar,5478,96,0,0.0395264,7.81314e-08,106.269,544.559
mc2depi.mtx,525825,525825,2100225,csr vector,175275,96,0,0.470221,7.12252e-08,8.93293,45.7752
mc2depi.mtx,525825,525825,2100225,coo seg,10939,96,64,0.060416,4.84699e-08,69.5255,453.349
mc2depi.mtx,525825,525825,2100225,coo seg,5470,96,128,0.0628736,4.8142e-08,66.8078,435.629
mc2depi.mtx,525825,525825,2100225,coo seg,3647,96,192,0.067072,4.80323e-08,62.626,408.36
mc2depi.mtx,525825,525825,2100225,coo seg,2735,96,256,0.0693248,4.79758e-08,60.5909,395.09
mc2depi.mtx,525825,525825,2100225,coo seg,2188,96,320,0.0662528,4.79367e-08,63.4003,413.41
mc2depi.mtx,525825,525825,2100225,coo seg,1824,96,384,0.0699392,4.79202e-08,60.0586,391.619
mc2depi.mtx,525825,525825,2100225,coo seg,1563,96,448,0.0758784,4.789e-08,55.3577,360.966
mc2depi.mtx,525825,525825,2100225,coo seg,1368,96,512,0.0816128,4.78823e-08,51.468,335.604
mc2depi.mtx,525825,525825,2100225,coo seg,1216,96,576,0.0862208,4.78791e-08,48.7174,317.667
mc2depi.mtx,525825,525825,2100225,coo seg,1094,96,640,0.0672768,4.78676e-08,62.4353,407.117
mc2depi.mtx,525825,525825,2100225,coo seg,995,96,704,0.070656,4.7856e-08,59.4493,387.646
mc2depi.mtx,525825,525825,2100225,coo seg,912,96,768,0.0729088,4.78572e-08,57.6124,375.669
mc2depi.mtx,525825,525825,2100225,coo seg,842,96,832,0.075776,4.78443e-08,55.4325,361.454
mc2depi.mtx,525825,525825,2100225,coo seg,782,96,896,0.0769024,4.78459e-08,54.6205,356.16
mc2depi.mtx,525825,525825,2100225,coo seg,730,96,960,0.0794624,4.78473e-08,52.8608,344.686
mc2depi.mtx,525825,525825,2100225,coo seg,684,96,1024,0.0800768,4.7843e-08,52.4553,342.041
mc2depi.mtx,525825,525825,2100225,coo flat,16409,128,0,0.0694272,1.25389e-08,60.5015,394.507
mc2depi.mtx,525825,525825,2100225,csr scalar,4109,128,0,0.0398336,7.81314e-08,105.45,540.359
mc2depi.mtx,525825,525825,2100225,csr vector,131457,128,0,0.460595,7.12252e-08,9.11961,46.7318
mc2depi.mtx,525825,525825,2100225,coo seg,8205,128,64,0.0606208,4.84699e-08,69.2906,451.818
mc2depi.mtx,525825,525825,2100225,coo seg,4103,128,128,0.062464,4.8142e-08,67.2459,438.485
mc2depi.mtx,525825,525825,2100225,coo seg,2735,128,192,0.0667648,4.80323e-08,62.9141,410.239
mc2depi.mtx,525825,525825,2100225,coo seg,2052,128,256,0.068608,4.79758e-08,61.2239,399.218
mc2depi.mtx,525825,525825,2100225,coo seg,1641,128,320,0.0664576,4.79367e-08,63.205,412.136
mc2depi.mtx,525825,525825,2100225,coo seg,1368,128,384,0.0694272,4.79202e-08,60.5015,394.507
mc2depi.mtx,525825,525825,2100225,coo seg,1173,128,448,0.0753664,4.789e-08,55.7337,363.419
mc2depi.mtx,525825,525825,2100225,coo seg,1026,128,512,0.0809984,4.78823e-08,51.8584,338.149
mc2depi.mtx,525825,525825,2100225,coo seg,912,128,576,0.0854016,4.78791e-08,49.1847,320.715
mc2depi.mtx,525825,525825,2100225,coo seg,821,128,640,0.06656,4.78676e-08,63.1077,411.502
mc2depi.mtx,525825,525825,2100225,coo seg,746,128,704,0.0694272,4.7856e-08,60.5015,394.507
mc2depi.mtx,525825,525825,2100225,coo seg,684,128,768,0.0719872,4.78572e-08,58.35,380.478
mc2depi.mtx,525825,525825,2100225,coo seg,632,128,832,0.0739328,4.78443e-08,56.8144,370.465
mc2depi.mtx,525825,525825,2100225,coo seg,587,128,896,0.0760832,4.78459e-08,55.2086,359.995
mc2depi.mtx,525825,525825,2100225,coo seg,547,128,960,0.0784384,4.78473e-08,53.5509,349.185
mc2depi.mtx,525825,525825,2100225,coo seg,513,128,1024,0.079872,4.7843e-08,52.5898,342.918
mc2depi.mtx,525825,525825,2100225,coo flat,13127,160,0,0.0709632,1.18915e-08,59.1919,385.968
mc2depi.mtx,525825,525825,2100225,csr scalar,3287,160,0,0.039936,7.81314e-08,105.18,538.974
mc2depi.mtx,525825,525825,2100225,csr vector,105165,160,0,0.486707,7.12252e-08,8.63034,44.2246
mc2depi.mtx,525825,525825,2100225,coo seg,6564,160,64,0.0610304,4.84699e-08,68.8255,448.785
mc2depi.mtx,525825,525825,2100225,coo seg,3282,160,128,0.062976,4.8142e-08,66.6992,434.92
mc2depi.mtx,525825,525825,2100225,coo seg,2188,160,192,0.0674816,4.80323e-08,62.2459,405.882
mc2depi.mtx,525825,525825,2100225,coo seg,1641,160,256,0.0677888,4.79758e-08,61.9638,404.042
mc2depi.mtx,525825,525825,2100225,coo seg,1313,160,320,0.0657408,4.79367e-08,63.8941,416.629
mc2depi.mtx,525825,525825,2100225,coo seg,1094,160,384,0.0689152,4.79202e-08,60.951,397.438
mc2depi.mtx,525825,525825,2100225,coo seg,938,160,448,0.0744448,4.789e-08,56.4237,367.917
mc2depi.mtx,525825,525825,2100225,coo seg,821,160,512,0.0804864,4.78823e-08,52.1883,340.3
mc2depi.mtx,525825,525825,2100225,coo seg,730,160,576,0.087552,4.78791e-08,47.9766,312.837
mc2depi.mtx,525825,525825,2100225,coo seg,657,160,640,0.0666624,4.78676e-08,63.0108,410.869
mc2depi.mtx,525825,525825,2100225,coo seg,597,160,704,0.0690176,4.7856e-08,60.8606,396.849
mc2depi.mtx,525825,525825,2100225,coo seg,547,160,768,0.07168,4.78572e-08,58.6,382.109
mc2depi.mtx,525825,525825,2100225,coo seg,505,160,832,0.0736256,4.78443e-08,57.0515,372.011
mc2depi.mtx,525825,525825,2100225,coo seg,469,160,896,0.075776,4.78459e-08,55.4325,361.454
mc2depi.mtx,525825,525825,2100225,coo seg,438,160,960,0.0784384,4.78473e-08,53.5509,349.185
mc2depi.mtx,525825,525825,2100225,coo seg,411,160,1024,0.0800768,4.7843e-08,52.4553,342.041
mc2depi.mtx,525825,525825,2100225,coo flat,10939,192,0,0.0710656,1.14178e-08,59.1067,385.412
mc2depi.mtx,525825,525825,2100225,csr scalar,2739,192,0,0.039936,7.81314e-08,105.18,538.974
mc2depi.mtx,525825,525825,2100225,csr vector,87638,192,0,0.486707,7.12252e-08,8.63034,44.2246
mc2depi.mtx,525825,525825,2100225,coo seg,5470,192,64,0.0618496,4.84699e-08,67.9139,442.841
mc2depi.mtx,525825,525825,2100225,coo seg,2735,192,128,0.0632832,4.8142e-08,66.3754,432.809
mc2depi.mtx,525825,525825,2100225,coo seg,1824,192,192,0.0673792,4.80323e-08,62.3405,406.499
mc2depi.mtx,525825,525825,2100225,coo seg,1368,192,256,0.0676864,4.79758e-08,62.0575,404.654
mc2depi.mtx,525825,525825,2100225,coo seg,1094,192,320,0.0654336,4.79367e-08,64.1941,418.585
mc2depi.mtx,525825,525825,2100225,coo seg,912,192,384,0.0681984,4.79202e-08,61.5916,401.616
mc2depi.mtx,525825,525825,2100225,coo seg,782,192,448,0.0738304,4.789e-08,56.8932,370.979
mc2depi.mtx,525825,525825,2100225,coo seg,684,192,512,0.0806912,4.78823e-08,52.0559,339.437
mc2depi.mtx,525825,525825,2100225,coo seg,608,192,576,0.087552,4.78791e-08,47.9766,312.837
mc2depi.mtx,525825,525825,2100225,coo seg,547,192,640,0.0666624,4.78676e-08,63.0108,410.87
mc2depi.mtx,525825,525825,2100225,coo seg,498,192,704,0.0685056,4.7856e-08,61.3154,399.815
mc2depi.mtx,525825,525825,2100225,coo seg,456,192,768,0.07168,4.78572e-08,58.6,382.109
mc2depi.mtx,525825,525825,2100225,coo seg,421,192,832,0.0731136,4.78443e-08,57.451,374.616
mc2depi.mtx,525825,525825,2100225,coo seg,391,192,896,0.0758784,4.78459e-08,55.3577,360.966
mc2depi.mtx,525825,525825,2100225,coo seg,365,192,960,0.0785408,4.78473e-08,53.4811,348.73
mc2depi.mtx,525825,525825,2100225,coo seg,342,192,1024,0.0796672,4.7843e-08,52.725,343.799
mc2depi.mtx,525825,525825,2100225,coo flat,9377,224,0,0.070656,1.17939e-08,59.4493,387.646
mc2depi.mtx,525825,525825,2100225,csr scalar,2348,224,0,0.0402432,7.81314e-08,104.377,534.859
mc2depi.mtx,525825,525825,2100225,csr vector,75118,224,0,0.470016,7.12252e-08,8.93682,45.7951
mc2depi.mtx,525825,525825,2100225,coo seg,4689,224,64,0.0618496,4.84699e-08,67.9139,442.841
mc2depi.mtx,525825,525825,2100225,coo seg,2345,224,128,0.062464,4.8142e-08,67.2459,438.485
mc2depi.mtx,525825,525825,2100225,coo seg,1563,224,192,0.0668672,4.80323e-08,62.8178,409.611
mc2depi.mtx,525825,525825,2100225,coo seg,1173,224,256,0.068096,4.79758e-08,61.6842,402.22
mc2depi.mtx,525825,525825,2100225,coo seg,938,224,320,0.0653312,4.79367e-08,64.2947,419.241
mc2depi.mtx,525825,525825,2100225,coo seg,782,224,384,0.0676864,4.79202e-08,62.0575,404.654
mc2depi.mtx,525825,525825,2100225,coo seg,670,224,448,0.0739328,4.789e-08,56.8144,370.465
mc2depi.mtx,525825,525825,2100225,coo seg,587,224,512,0.0806912,4.78823e-08,52.0559,339.437
mc2depi.mtx,525825,525825,2100225,coo seg,521,224,576,0.0872448,4.78791e-08,48.1456,313.939
mc2depi.mtx,525825,525825,2100225,coo seg,469,224,640,0.0663552,4.78676e-08,63.3025,412.772
mc2depi.mtx,525825,525825,2100225,coo seg,427,224,704,0.0684032,4.7856e-08,61.4072,400.413
mc2depi.mtx,525825,525825,2100225,coo seg,391,224,768,0.071168,4.78572e-08,59.0216,384.858
mc2depi.mtx,525825,525825,2100225,coo seg,361,224,832,0.0736256,4.78443e-08,57.0515,372.011
mc2depi.mtx,525825,525825,2100225,coo seg,335,224,896,0.0755712,4.78459e-08,55.5827,362.434
mc2depi.mtx,525825,525825,2100225,coo seg,313,224,960,0.0780288,4.78473e-08,53.8321,351.018
mc2depi.mtx,525825,525825,2100225,coo seg,294,224,1024,0.07936,4.7843e-08,52.9291,345.13
mc2depi.mtx,525825,525825,2100225,coo flat,8205,256,0,0.070144,1.20681e-08,59.8832,390.476
mc2depi.mtx,525825,525825,2100225,csr scalar,2055,256,0,0.0422912,7.81314e-08,99.3221,508.958
mc2depi.mtx,525825,525825,2100225,csr vector,65729,256,0,0.462848,7.12252e-08,9.07522,46.5044
mc2depi.mtx,525825,525825,2100225,coo seg,4103,256,64,0.0612352,4.84699e-08,68.5954,447.284
mc2depi.mtx,525825,525825,2100225,coo seg,2052,256,128,0.0621568,4.8142e-08,67.5783,440.652
mc2depi.mtx,525825,525825,2100225,coo seg,1368,256,192,0.0667648,4.80323e-08,62.9141,410.239
mc2depi.mtx,525825,525825,2100225,coo seg,1026,256,256,0.068096,4.79758e-08,61.6842,402.22
mc2depi.mtx,525825,525825,2100225,coo seg,821,256,320,0.0648192,4.79367e-08,64.8026,422.553
mc2depi.mtx,525825,525825,2100225,coo seg,684,256,384,0.0668672,4.79202e-08,62.8178,409.611
mc2depi.mtx,525825,525825,2100225,coo seg,587,256,448,0.0735232,4.789e-08,57.1309,372.529
mc2depi.mtx,525825,525825,2100225,coo seg,513,256,512,0.0806912,4.78823e-08,52.0559,339.437
mc2depi.mtx,525825,525825,2100225,coo seg,456,256,576,0.086016,4.78791e-08,48.8334,318.424
mc2depi.mtx,525825,525825,2100225,coo seg,411,256,640,0.06656,4.78676e-08,63.1077,411.502
mc2depi.mtx,525825,525825,2100225,coo seg,373,256,704,0.068096,4.7856e-08,61.6842,402.22
mc2depi.mtx,525825,525825,2100225,coo seg,342,256,768,0.0709632,4.78572e-08,59.1919,385.968
mc2depi.mtx,525825,525825,2100225,coo seg,316,256,832,0.0730112,4.78443e-08,57.5316,375.142
mc2depi.mtx,525825,525825,2100225,coo seg,294,256,896,0.0754688,4.78459e-08,55.6581,362.925
mc2depi.mtx,525825,525825,2100225,coo seg,274,256,960,0.0784384,4.78473e-08,53.5509,349.185
mc2depi.mtx,525825,525825,2100225,coo seg,257,256,1024,0.0794624,4.7843e-08,52.8608,344.686
mc2depi.mtx,525825,525825,2100225,coo flat,7293,288,0,0.0712704,1.19646e-08,58.9368,384.305
mc2depi.mtx,525825,525825,2100225,csr scalar,1826,288,0,0.0421888,7.81314e-08,99.5632,510.194
mc2depi.mtx,525825,525825,2100225,csr vector,58425,288,0,0.471757,7.12252e-08,8.90385,45.6262
mc2depi.mtx,525825,525825,2100225,coo seg,3647,288,64,0.0620544,4.84699e-08,67.6898,441.38
mc2depi.mtx,525825,525825,2100225,coo seg,1824,288,128,0.0625664,4.8142e-08,67.1359,437.768
mc2depi.mtx,525825,525825,2100225,coo seg,1216,288,192,0.0668672,4.80323e-08,62.8178,409.611
mc2depi.mtx,525825,525825,2100225,coo seg,912,288,256,0.0676864,4.79758e-08,62.0575,404.654
mc2depi.mtx,525825,525825,2100225,coo seg,730,288,320,0.0648192,4.79367e-08,64.8026,422.553
mc2depi.mtx,525825,525825,2100225,coo seg,608,288,384,0.0667648,4.79202e-08,62.9141,410.239
mc2depi.mtx,525825,525825,2100225,coo seg,521,288,448,0.0735232,4.789e-08,57.1309,372.529
mc2depi.mtx,525825,525825,2100225,coo seg,456,288,512,0.0804864,4.78823e-08,52.1883,340.3
mc2depi.mtx,525825,525825,2100225,coo seg,406,288,576,0.0878592,4.78791e-08,47.8089,311.744
mc2depi.mtx,525825,525825,2100225,coo seg,365,288,640,0.0658432,4.78676e-08,63.7947,415.981
mc2depi.mtx,525825,525825,2100225,coo seg,332,288,704,0.0684032,4.7856e-08,61.4072,400.413
mc2depi.mtx,525825,525825,2100225,coo seg,304,288,768,0.0703488,4.78572e-08,59.7089,389.339
mc2depi.mtx,525825,525825,2100225,coo seg,281,288,832,0.0735232,4.78443e-08,57.1309,372.529
mc2depi.mtx,525825,525825,2100225,coo seg,261,288,896,0.0753664,4.78459e-08,55.7337,363.419
mc2depi.mtx,525825,525825,2100225,coo seg,244,288,960,0.0779264,4.78473e-08,53.9028,351.48
mc2depi.mtx,525825,525825,2100225,coo seg,228,288,1024,0.0794624,4.7843e-08,52.8608,344.686
mc2depi.mtx,525825,525825,2100225,coo flat,6564,320,0,0.0714752,1.15051e-08,58.7679,383.203
mc2depi.mtx,525825,525825,2100225,csr scalar,1644,320,0,0.0436224,7.81314e-08,96.2911,493.427
mc2depi.mtx,525825,525825,2100225,csr vector,52583,320,0,0.490086,7.12252e-08,8.57084,43.9197
mc2depi.mtx,525825,525825,2100225,coo seg,3282,320,64,0.0622592,4.84699e-08,67.4671,439.928
mc2depi.mtx,525825,525825,2100225,coo seg,1641,320,128,0.062976,4.8142e-08,66.6992,434.92
mc2depi.mtx,525825,525825,2100225,coo seg,1094,320,192,0.0674816,4.80323e-08,62.2459,405.882
mc2depi.mtx,525825,525825,2100225,coo seg,821,320,256,0.0672768,4.79758e-08,62.4353,407.117
mc2depi.mtx,525825,525825,2100225,coo seg,657,320,320,0.0638976,4.79367e-08,65.7372,428.647
mc2depi.mtx,525825,525825,2100225,coo seg,547,320,384,0.0664576,4.79202e-08,63.205,412.136
mc2depi.mtx,525825,525825,2100225,coo seg,469,320,448,0.0733184,4.789e-08,57.2905,373.57
mc2depi.mtx,525825,525825,2100225,coo seg,411,320,512,0.0794624,4.78823e-08,52.8608,344.686
mc2depi.mtx,525825,525825,2100225,coo seg,365,320,576,0.0883712,4.78791e-08,47.5319,309.937
mc2depi.mtx,525825,525825,2100225,coo seg,329,320,640,0.066048,4.78676e-08,63.5969,414.691
mc2depi.mtx,525825,525825,2100225,coo seg,299,320,704,0.0681984,4.7856e-08,61.5916,401.616
mc2depi.mtx,525825,525825,2100225,coo seg,274,320,768,0.0709632,4.78572e-08,59.1919,385.968
mc2depi.mtx,525825,525825,2100225,coo seg,253,320,832,0.073216,4.78443e-08,57.3707,374.092
mc2depi.mtx,525825,525825,2100225,coo seg,235,320,896,0.0749568,4.78459e-08,56.0383,365.404
mc2depi.mtx,525825,525825,2100225,coo seg,219,320,960,0.0782336,4.78473e-08,53.6911,350.1
mc2depi.mtx,525825,525825,2100225,coo seg,206,320,1024,0.079872,4.7843e-08,52.5898,342.918
mc2depi.mtx,525825,525825,2100225,coo flat,5967,352,0,0.0739328,1.14569e-08,56.8144,370.465
mc2depi.mtx,525825,525825,2100225,csr scalar,1494,352,0,0.0452608,7.81314e-08,92.8055,475.565
mc2depi.mtx,525825,525825,2100225,csr vector,47803,352,0,0.525824,7.12252e-08,7.98832,40.9347
mc2depi.mtx,525825,525825,2100225,coo seg,2984,352,64,0.063488,4.84699e-08,66.1613,431.413
mc2depi.mtx,525825,525825,2100225,coo seg,1492,352,128,0.0652288,4.8142e-08,64.3956,419.9
mc2depi.mtx,525825,525825,2100225,coo seg,995,352,192,0.0666624,4.80323e-08,63.0108,410.869
mc2depi.mtx,525825,525825,2100225,coo seg,746,352,256,0.068096,4.79758e-08,61.6842,402.22
mc2depi.mtx,525825,525825,2100225,coo seg,597,352,320,0.0749568,4.79367e-08,56.0383,365.404
mc2depi.mtx,525825,525825,2100225,coo seg,498,352,384,0.0663552,4.79202e-08,63.3025,412.772
mc2depi.mtx,525825,525825,2100225,coo seg,427,352,448,0.0728064,4.789e-08,57.6934,376.197
mc2depi.mtx,525825,525825,2100225,coo seg,373,352,512,0.0796672,4.78823e-08,52.725,343.8
mc2depi.mtx,525825,525825,2100225,coo seg,332,352,576,0.0877568,4.78791e-08,47.8647,312.107
mc2depi.mtx,525825,525825,2100225,coo seg,299,352,640,0.0958464,4.78676e-08,43.8248,285.765
mc2depi.mtx,525825,525825,2100225,coo seg,272,352,704,0.0685056,4.7856e-08,61.3154,399.815
mc2depi.mtx,525825,525825,2100225,coo seg,249,352,768,0.0702464,4.78572e-08,59.7959,389.907
mc2depi.mtx,525825,525825,2100225,coo seg,230,352,832,0.073216,4.78443e-08,57.3707,374.092
mc2depi.mtx,525825,525825,2100225,coo seg,214,352,896,0.0749568,4.78459e-08,56.0383,365.404
mc2depi.mtx,525825,525825,2100225,coo seg,199,352,960,0.0782336,4.78473e-08,53.6911,350.1
mc2depi.mtx,525825,525825,2100225,coo seg,187,352,1024,0.0800768,4.7843e-08,52.4553,342.041
mc2depi.mtx,525825,525825,2100225,coo flat,5470,384,0,0.072704,1.16373e-08,57.7747,376.727
mc2depi.mtx,525825,525825,2100225,csr scalar,1370,384,0,0.0436224,7.81314e-08,96.2911,493.427
mc2depi.mtx,525825,525825,2100225,csr vector,43819,384,0,0.490701,7.12252e-08,8.5601,43.8647
mc2depi.mtx,525825,525825,2100225,coo seg,2735,384,64,0.0612352,4.84699e-08,68.5954,447.284
mc2depi.mtx,525825,525825,2100225,coo seg,1368,384,128,0.0627712,4.8142e-08,66.9168,436.339
mc2depi.mtx,525825,525825,2100225,coo seg,912,384,192,0.0669696,4.80323e-08,62.7217,408.985
mc2depi.mtx,525825,525825,2100225,coo seg,684,384,256,0.0671744,4.79758e-08,62.5305,407.738
mc2depi.mtx,525825,525825,2100225,coo seg,547,384,320,0.0636928,4.79367e-08,65.9486,430.026
mc2depi.mtx,525825,525825,2100225,coo seg,456,384,384,0.0664576,4.79202e-08,63.205,412.136
mc2depi.mtx,525825,525825,2100225,coo seg,391,384,448,0.0735232,4.789e-08,57.1309,372.529
mc2depi.mtx,525825,525825,2100225,coo seg,342,384,512,0.0804864,4.78823e-08,52.1883,340.3
mc2depi.mtx,525825,525825,2100225,coo seg,304,384,576,0.0873472,4.78791e-08,48.0891,313.571
mc2depi.mtx,525825,525825,2100225,coo seg,274,384,640,0.0663552,4.78676e-08,63.3025,412.772
mc2depi.mtx,525825,525825,2100225,coo seg,249,384,704,0.068096,4.7856e-08,61.6842,402.22
mc2depi.mtx,525825,525825,2100225,coo seg,228,384,768,0.0708608,4.78572e-08,59.2775,386.526
mc2depi.mtx,525825,525825,2100225,coo seg,211,384,832,0.0728064,4.78443e-08,57.6934,376.197
mc2depi.mtx,525825,525825,2100225,coo seg,196,384,896,0.075776,4.78459e-08,55.4325,361.454
mc2depi.mtx,525825,525825,2100225,coo seg,183,384,960,0.0780288,4.78473e-08,53.8321,351.018
mc2depi.mtx,525825,525825,2100225,coo seg,171,384,1024,0.0790528,4.7843e-08,53.1347,346.472
mc2depi.mtx,525825,525825,2100225,coo flat,5049,416,0,0.0754688,1.15682e-08,55.6581,362.925
mc2depi.mtx,525825,525825,2100225,csr scalar,1265,416,0,0.0470016,7.81314e-08,89.3682,457.951
mc2depi.mtx,525825,525825,2100225,csr vector,40449,416,0,0.553267,7.12252e-08,7.59208,38.9043
mc2depi.mtx,525825,525825,2100225,coo seg,2525,416,64,0.0657408,4.84699e-08,63.8941,416.629
mc2depi.mtx,525825,525825,2100225,coo seg,1263,416,128,0.0657408,4.8142e-08,63.8941,416.629
mc2depi.mtx,525825,525825,2100225,coo seg,842,416,192,0.0662528,4.80323e-08,63.4003,413.41
mc2depi.mtx,525825,525825,2100225,coo seg,632,416,256,0.0674816,4.79758e-08,62.2459,405.882
mc2depi.mtx,525825,525825,2100225,coo seg,505,416,320,0.0744448,4.79367e-08,56.4237,367.918
mc2depi.mtx,525825,525825,2100225,coo seg,421,416,384,0.067072,4.79202e-08,62.626,408.36
mc2depi.mtx,525825,525825,2100225,coo seg,361,416,448,0.0735232,4.789e-08,57.1309,372.529
mc2depi.mtx,525825,525825,2100225,coo seg,316,416,512,0.0796672,4.78823e-08,52.725,343.799
mc2depi.mtx,525825,525825,2100225,coo seg,281,416,576,0.0877568,4.78791e-08,47.8647,312.107
mc2depi.mtx,525825,525825,2100225,coo seg,253,416,640,0.09472,4.78676e-08,44.346,289.163
mc2depi.mtx,525825,525825,2100225,coo seg,230,416,704,0.100352,4.7856e-08,41.8572,272.935
mc2depi.mtx,525825,525825,2100225,coo seg,211,416,768,0.0707584,4.78572e-08,59.3633,387.085
mc2depi.mtx,525825,525825,2100225,coo seg,195,416,832,0.073216,4.78443e-08,57.3707,374.092
mc2depi.mtx,525825,525825,2100225,coo seg,181,416,896,0.07424,4.78459e-08,56.5793,368.932
mc2depi.mtx,525825,525825,2100225,coo seg,169,416,960,0.0785408,4.78473e-08,53.4811,348.73
mc2depi.mtx,525825,525825,2100225,coo seg,158,416,1024,0.0796672,4.7843e-08,52.725,343.799
mc2depi.mtx,525825,525825,2100225,coo flat,4689,448,0,0.07424,1.13137e-08,56.5793,368.932
mc2depi.mtx,525825,525825,2100225,csr scalar,1174,448,0,0.0454656,7.81314e-08,92.3874,473.423
mc2depi.mtx,525825,525825,2100225,csr vector,37559,448,0,0.520806,7.12252e-08,8.06528,41.3291
mc2depi.mtx,525825,525825,2100225,coo seg,2345,448,64,0.0636928,4.84699e-08,65.9486,430.026
mc2depi.mtx,525825,525825,2100225,coo seg,1173,448,128,0.0654336,4.8142e-08,64.1941,418.585
mc2depi.mtx,525825,525825,2100225,coo seg,782,448,192,0.0666624,4.80323e-08,63.0108,410.869
mc2depi.mtx,525825,525825,2100225,coo seg,587,448,256,0.0679936,4.79758e-08,61.7771,402.825
mc2depi.mtx,525825,525825,2100225,coo seg,469,448,320,0.0749568,4.79367e-08,56.0383,365.404
mc2depi.mtx,525825,525825,2100225,coo seg,391,448,384,0.0669696,4.79202e-08,62.7217,408.985
mc2depi.mtx,525825,525825,2100225,coo seg,335,448,448,0.0735232,4.789e-08,57.1309,372.529
mc2depi.mtx,525825,525825,2100225,coo seg,294,448,512,0.0796672,4.78823e-08,52.725,343.799
mc2depi.mtx,525825,525825,2100225,coo seg,261,448,576,0.0874496,4.78791e-08,48.0328,313.204
mc2depi.mtx,525825,525825,2100225,coo seg,235,448,640,0.0943104,4.78676e-08,44.5386,290.419
mc2depi.mtx,525825,525825,2100225,coo seg,214,448,704,0.0683008,4.7856e-08,61.4993,401.014
mc2depi.mtx,525825,525825,2100225,coo seg,196,448,768,0.0702464,4.78572e-08,59.7959,389.907
mc2depi.mtx,525825,525825,2100225,coo seg,181,448,832,0.0729088,4.78443e-08,57.6124,375.669
mc2depi.mtx,525825,525825,2100225,coo seg,168,448,896,0.0753664,4.78459e-08,55.7337,363.419
mc2depi.mtx,525825,525825,2100225,coo seg,157,448,960,0.0779264,4.78473e-08,53.9028,351.48
mc2depi.mtx,525825,525825,2100225,coo seg,147,448,1024,0.0800768,4.7843e-08,52.4553,342.041
mc2depi.mtx,525825,525825,2100225,coo flat,4376,480,0,0.073216,1.19723e-08,57.3707,374.092
mc2depi.mtx,525825,525825,2100225,csr scalar,1096,480,0,0.044544,7.81314e-08,94.2989,483.218
mc2depi.mtx,525825,525825,2100225,csr vector,35055,480,0,0.494592,7.12252e-08,8.49276,43.5196
mc2depi.mtx,525825,525825,2100225,coo seg,2188,480,64,0.0626688,4.84699e-08,67.0262,437.052
mc2depi.mtx,525825,525825,2100225,coo seg,1094,480,128,0.0627712,4.8142e-08,66.9168,436.339
mc2depi.mtx,525825,525825,2100225,coo seg,730,480,192,0.0669696,4.80323e-08,62.7217,408.985
mc2depi.mtx,525825,525825,2100225,coo seg,547,480,256,0.0671744,4.79758e-08,62.5305,407.738
mc2depi.mtx,525825,525825,2100225,coo seg,438,480,320,0.062976,4.79367e-08,66.6992,434.92
mc2depi.mtx,525825,525825,2100225,coo seg,365,480,384,0.0668672,4.79202e-08,62.8178,409.611
mc2depi.mtx,525825,525825,2100225,coo seg,313,480,448,0.0740352,4.789e-08,56.7358,369.953
mc2depi.mtx,525825,525825,2100225,coo seg,274,480,512,0.0801792,4.78823e-08,52.3883,341.604
mc2depi.mtx,525825,525825,2100225,coo seg,244,480,576,0.088576,4.78791e-08,47.422,309.221
mc2depi.mtx,525825,525825,2100225,coo seg,219,480,640,0.0664576,4.78676e-08,63.205,412.136
mc2depi.mtx,525825,525825,2100225,coo seg,199,480,704,0.0677888,4.7856e-08,61.9638,404.042
mc2depi.mtx,525825,525825,2100225,coo seg,183,480,768,0.0697344,4.78572e-08,60.235,392.769
mc2depi.mtx,525825,525825,2100225,coo seg,169,480,832,0.0724992,4.78443e-08,57.9379,377.791
mc2depi.mtx,525825,525825,2100225,coo seg,157,480,896,0.0749568,4.78459e-08,56.0383,365.404
mc2depi.mtx,525825,525825,2100225,coo seg,146,480,960,0.0782336,4.78473e-08,53.6911,350.1
mc2depi.mtx,525825,525825,2100225,coo seg,137,480,1024,0.0801792,4.7843e-08,52.3883,341.604
mc2depi.mtx,525825,525825,2100225,coo flat,4103,512,0,0.0722944,1.19288e-08,58.102,378.861
mc2depi.mtx,525825,525825,2100225,csr scalar,1028,512,0,0.0432128,7.81314e-08,97.2038,498.104
mc2depi.mtx,525825,525825,2100225,csr vector,32865,512,0,0.469606,7.12252e-08,8.94462,45.8351
mc2depi.mtx,525825,525825,2100225,coo seg,2052,512,64,0.06144,4.84699e-08,68.3667,445.793
mc2depi.mtx,525825,525825,2100225,coo seg,1026,512,128,0.0621568,4.8142e-08,67.5783,440.652
mc2depi.mtx,525825,525825,2100225,coo seg,684,512,192,0.0663552,4.80323e-08,63.3025,412.772
mc2depi.mtx,525825,525825,2100225,coo seg,513,512,256,0.0676864,4.79758e-08,62.0575,404.654
mc2depi.mtx,525825,525825,2100225,coo seg,411,512,320,0.0627712,4.79367e-08,66.9168,436.339
mc2depi.mtx,525825,525825,2100225,coo seg,342,512,384,0.06656,4.79202e-08,63.1077,411.502
mc2depi.mtx,525825,525825,2100225,coo seg,294,512,448,0.0741376,4.789e-08,56.6575,369.442
mc2depi.mtx,525825,525825,2100225,coo seg,257,512,512,0.0807936,4.78823e-08,51.9899,339.006
mc2depi.mtx,525825,525825,2100225,coo seg,228,512,576,0.0869376,4.78791e-08,48.3157,315.048
mc2depi.mtx,525825,525825,2100225,coo seg,206,512,640,0.0659456,4.78676e-08,63.6957,415.335
mc2depi.mtx,525825,525825,2100225,coo seg,187,512,704,0.0685056,4.7856e-08,61.3154,399.815
mc2depi.mtx,525825,525825,2100225,coo seg,171,512,768,0.0705536,4.78572e-08,59.5356,388.209
mc2depi.mtx,525825,525825,2100225,coo seg,158,512,832,0.0728064,4.78443e-08,57.6934,376.197
mc2depi.mtx,525825,525825,2100225,coo seg,147,512,896,0.0751616,4.78459e-08,55.8856,364.409
mc2depi.mtx,525825,525825,2100225,coo seg,137,512,960,0.0787456,4.78473e-08,53.342,347.823
mc2depi.mtx,525825,525825,2100225,coo seg,129,512,1024,0.081408,4.7843e-08,51.5975,336.448
mc2depi.mtx,525825,525825,2100225,coo flat,3861,544,0,0.0766976,1.13402e-08,54.7664,357.111
mc2depi.mtx,525825,525825,2100225,csr scalar,967,544,0,0.0472064,7.81314e-08,88.9805,455.965
mc2depi.mtx,525825,525825,2100225,csr vector,30931,544,0,0.567296,7.12252e-08,7.40434,37.9422
mc2depi.mtx,525825,525825,2100225,coo seg,1931,544,64,0.067584,4.84699e-08,62.1516,405.267
mc2depi.mtx,525825,525825,2100225,coo seg,966,544,128,0.0656384,4.8142e-08,63.9938,417.279
mc2depi.mtx,525825,525825,2100225,coo seg,644,544,192,0.0663552,4.80323e-08,63.3025,412.772
mc2depi.mtx,525825,525825,2100225,coo seg,483,544,256,0.068096,4.79758e-08,61.6842,402.22
mc2depi.mtx,525825,525825,2100225,coo seg,387,544,320,0.0749568,4.79367e-08,56.0383,365.404
mc2depi.mtx,525825,525825,2100225,coo seg,322,544,384,0.0669696,4.79202e-08,62.7217,408.985
mc2depi.mtx,525825,525825,2100225,coo seg,276,544,448,0.0738304,4.789e-08,56.8932,370.979
mc2depi.mtx,525825,525825,2100225,coo seg,242,544,512,0.07936,4.78823e-08,52.9291,345.13
mc2depi.mtx,525825,525825,2100225,coo seg,215,544,576,0.0882688,4.78791e-08,47.587,310.297
mc2depi.mtx,525825,525825,2100225,coo seg,194,544,640,0.0956416,4.78676e-08,43.9186,286.377
mc2depi.mtx,525825,525825,2100225,coo seg,176,544,704,0.101069,4.7856e-08,41.5603,270.999
mc2depi.mtx,525825,525825,2100225,coo seg,161,544,768,0.071168,4.78572e-08,59.0216,384.858
mc2depi.mtx,525825,525825,2100225,coo seg,149,544,832,0.0731136,4.78443e-08,57.451,374.616
mc2depi.mtx,525825,525825,2100225,coo seg,138,544,896,0.0753664,4.78459e-08,55.7337,363.419
mc2depi.mtx,525825,525825,2100225,coo seg,129,544,960,0.0789504,4.78473e-08,53.2037,346.921
mc2depi.mtx,525825,525825,2100225,coo seg,121,544,1024,0.0815104,4.7843e-08,51.5327,336.025
mc2depi.mtx,525825,525825,2100225,coo flat,3647,576,0,0.0761856,1.10232e-08,55.1344,359.511
mc2depi.mtx,525825,525825,2100225,csr scalar,913,576,0,0.0466944,7.81314e-08,89.9562,460.964
mc2depi.mtx,525825,525825,2100225,csr vector,29213,576,0,0.542515,7.12252e-08,7.74255,39.6753
mc2depi.mtx,525825,525825,2100225,coo seg,1824,576,64,0.065536,4.84699e-08,64.0938,417.931
mc2depi.mtx,525825,525825,2100225,coo seg,912,576,128,0.0662528,4.8142e-08,63.4003,413.41
mc2depi.mtx,525825,525825,2100225,coo seg,608,576,192,0.0666624,4.80323e-08,63.0108,410.869
mc2depi.mtx,525825,525825,2100225,coo seg,456,576,256,0.0685056,4.79758e-08,61.3154,399.815
mc2depi.mtx,525825,525825,2100225,coo seg,365,576,320,0.0743424,4.79367e-08,56.5014,368.424
mc2depi.mtx,525825,525825,2100225,coo seg,304,576,384,0.067584,4.79202e-08,62.1516,405.267
mc2depi.mtx,525825,525825,2100225,coo seg,261,576,448,0.0741376,4.789e-08,56.6575,369.442
mc2depi.mtx,525825,525825,2100225,coo seg,228,576,512,0.0795648,4.78823e-08,52.7928,344.242
mc2depi.mtx,525825,525825,2100225,coo seg,203,576,576,0.0886784,4.78791e-08,47.3672,308.864
mc2depi.mtx,525825,525825,2100225,coo seg,183,576,640,0.0946176,4.78676e-08,44.394,289.476
mc2depi.mtx,525825,525825,2100225,coo seg,166,576,704,0.0688128,4.7856e-08,61.0417,398.03
mc2depi.mtx,525825,525825,2100225,coo seg,152,576,768,0.0704512,4.78572e-08,59.6221,388.773
mc2depi.mtx,525825,525825,2100225,coo seg,141,576,832,0.0733184,4.78443e-08,57.2905,373.57
mc2depi.mtx,525825,525825,2100225,coo seg,131,576,896,0.075776,4.78459e-08,55.4325,361.454
mc2depi.mtx,525825,525825,2100225,coo seg,122,576,960,0.0792576,4.78473e-08,52.9974,345.576
mc2depi.mtx,525825,525825,2100225,coo seg,114,576,1024,0.0811008,4.7843e-08,51.793,337.722
mc2depi.mtx,525825,525825,2100225,coo flat,3455,608,0,0.0755712,1.14971e-08,55.5827,362.434
mc2depi.mtx,525825,525825,2100225,csr scalar,865,608,0,0.045568,7.81314e-08,92.1798,472.359
mc2depi.mtx,525825,525825,2100225,csr vector,27675,608,0,0.52009,7.12252e-08,8.0764,41.386
mc2depi.mtx,525825,525825,2100225,coo seg,1728,608,64,0.0647168,4.84699e-08,64.9051,423.221
mc2depi.mtx,525825,525825,2100225,coo seg,864,608,128,0.066048,4.8142e-08,63.5969,414.691
mc2depi.mtx,525825,525825,2100225,coo seg,576,608,192,0.0659456,4.80323e-08,63.6957,415.335
mc2depi.mtx,525825,525825,2100225,coo seg,432,608,256,0.0681984,4.79758e-08,61.5916,401.616
mc2depi.mtx,525825,525825,2100225,coo seg,346,608,320,0.076288,4.79367e-08,55.0604,359.028
mc2depi.mtx,525825,525825,2100225,coo seg,288,608,384,0.0673792,4.79202e-08,62.3405,406.499
mc2depi.mtx,525825,525825,2100225,coo seg,247,608,448,0.0731136,4.789e-08,57.451,374.616
mc2depi.mtx,525825,525825,2100225,coo seg,216,608,512,0.0805888,4.78823e-08,52.122,339.868
mc2depi.mtx,525825,525825,2100225,coo seg,192,608,576,0.088064,4.78791e-08,47.6977,311.019
mc2depi.mtx,525825,525825,2100225,coo seg,173,608,640,0.0951296,4.78676e-08,44.155,287.918
mc2depi.mtx,525825,525825,2100225,coo seg,158,608,704,0.0681984,4.7856e-08,61.5916,401.616
mc2depi.mtx,525825,525825,2100225,coo seg,144,608,768,0.0705536,4.78572e-08,59.5356,388.209
mc2depi.mtx,525825,525825,2100225,coo seg,133,608,832,0.073728,4.78443e-08,56.9722,371.494
mc2depi.mtx,525825,525825,2100225,coo seg,124,608,896,0.075776,4.78459e-08,55.4325,361.454
mc2depi.mtx,525825,525825,2100225,coo seg,116,608,960,0.0781312,4.78473e-08,53.7615,350.558
mc2depi.mtx,525825,525825,2100225,coo seg,108,608,1024,0.0797696,4.7843e-08,52.6573,343.358
mc2depi.mtx,525825,525825,2100225,coo flat,3282,640,0,0.0743424,1.16227e-08,56.5014,368.424
mc2depi.mtx,525825,525825,2100225,csr scalar,822,640,0,0.0448512,7.81314e-08,93.653,479.908
mc2depi.mtx,525825,525825,2100225,csr vector,26292,640,0,0.500838,7.12252e-08,8.38684,42.9768
mc2depi.mtx,525825,525825,2100225,coo seg,1641,640,64,0.062976,4.84699e-08,66.6992,434.92
mc2depi.mtx,525825,525825,2100225,coo seg,821,640,128,0.0625664,4.8142e-08,67.1359,437.768
mc2depi.mtx,525825,525825,2100225,coo seg,547,640,192,0.0662528,4.80323e-08,63.4003,413.41
mc2depi.mtx,525825,525825,2100225,coo seg,411,640,256,0.067072,4.79758e-08,62.626,408.36
mc2depi.mtx,525825,525825,2100225,coo seg,329,640,320,0.0631808,4.79367e-08,66.483,433.511
mc2depi.mtx,525825,525825,2100225,coo seg,274,640,384,0.0661504,4.79202e-08,63.4985,414.05
mc2depi.mtx,525825,525825,2100225,coo seg,235,640,448,0.0730112,4.789e-08,57.5316,375.142
mc2depi.mtx,525825,525825,2100225,coo seg,206,640,512,0.0812032,4.78823e-08,51.7276,337.296
mc2depi.mtx,525825,525825,2100225,coo seg,183,640,576,0.0884736,4.78791e-08,47.4769,309.579
mc2depi.mtx,525825,525825,2100225,coo seg,165,640,640,0.0664576,4.78676e-08,63.205,412.136
mc2depi.mtx,525825,525825,2100225,coo seg,150,640,704,0.0684032,4.7856e-08,61.4072,400.413
mc2depi.mtx,525825,525825,2100225,coo seg,137,640,768,0.0702464,4.78572e-08,59.7959,389.907
mc2depi.mtx,525825,525825,2100225,coo seg,127,640,832,0.0736256,4.78443e-08,57.0515,372.011
mc2depi.mtx,525825,525825,2100225,coo seg,118,640,896,0.0756736,4.78459e-08,55.5075,361.943
mc2depi.mtx,525825,525825,2100225,coo seg,110,640,960,0.0780288,4.78473e-08,53.8321,351.018
mc2depi.mtx,525825,525825,2100225,coo seg,103,640,1024,0.0794624,4.7843e-08,52.8608,344.686
mc2depi.mtx,525825,525825,2100225,coo flat,3126,672,0,0.0739328,1.20442e-08,56.8144,370.465
mc2depi.mtx,525825,525825,2100225,csr scalar,783,672,0,0.0443392,7.81314e-08,94.7345,485.45
mc2depi.mtx,525825,525825,2100225,csr vector,25040,672,0,0.487014,7.12252e-08,8.6249,44.1967
mc2depi.mtx,525825,525825,2100225,coo seg,1563,672,64,0.0627712,4.84699e-08,66.9168,436.339
mc2depi.mtx,525825,525825,2100225,coo seg,782,672,128,0.0623616,4.8142e-08,67.3564,439.205
mc2depi.mtx,525825,525825,2100225,coo seg,521,672,192,0.0663552,4.80323e-08,63.3025,412.772
mc2depi.mtx,525825,525825,2100225,coo seg,391,672,256,0.0677888,4.79758e-08,61.9638,404.042
mc2depi.mtx,525825,525825,2100225,coo seg,313,672,320,0.0636928,4.79367e-08,65.9486,430.026
mc2depi.mtx,525825,525825,2100225,coo seg,261,672,384,0.06656,4.79202e-08,63.1077,411.502
mc2depi.mtx,525825,525825,2100225,coo seg,224,672,448,0.0744448,4.789e-08,56.4237,367.917
mc2depi.mtx,525825,525825,2100225,coo seg,196,672,512,0.0821248,4.78823e-08,51.1472,333.511
mc2depi.mtx,525825,525825,2100225,coo seg,174,672,576,0.0889856,4.78791e-08,47.2037,307.797
mc2depi.mtx,525825,525825,2100225,coo seg,157,672,640,0.0663552,4.78676e-08,63.3025,412.772
mc2depi.mtx,525825,525825,2100225,coo seg,143,672,704,0.0684032,4.7856e-08,61.4072,400.413
mc2depi.mtx,525825,525825,2100225,coo seg,131,672,768,0.0705536,4.78572e-08,59.5356,388.209
mc2depi.mtx,525825,525825,2100225,coo seg,121,672,832,0.0733184,4.78443e-08,57.2905,373.57
mc2depi.mtx,525825,525825,2100225,coo seg,112,672,896,0.0755712,4.78459e-08,55.5827,362.434
mc2depi.mtx,525825,525825,2100225,coo seg,105,672,960,0.0789504,4.78473e-08,53.2037,346.921
mc2depi.mtx,525825,525825,2100225,coo seg,98,672,1024,0.0804864,4.7843e-08,52.1883,340.3
mc2depi.mtx,525825,525825,2100225,coo flat,2984,704,0,0.0806912,1.09418e-08,52.0559,339.437
mc2depi.mtx,525825,525825,2100225,csr scalar,747,704,0,0.0507904,7.81314e-08,82.7017,423.79
mc2depi.mtx,525825,525825,2100225,csr vector,23902,704,0,0.652493,7.12252e-08,6.43754,32.988
mc2depi.mtx,525825,525825,2100225,coo seg,1492,704,64,0.073728,4.84699e-08,56.9722,371.494
mc2depi.mtx,525825,525825,2100225,coo seg,746,704,128,0.0712704,4.8142e-08,58.9368,384.305
mc2depi.mtx,525825,525825,2100225,coo seg,498,704,192,0.0738304,4.80323e-08,56.8932,370.979
mc2depi.mtx,525825,525825,2100225,coo seg,373,704,256,0.0784384,4.79758e-08,53.5509,349.185
mc2depi.mtx,525825,525825,2100225,coo seg,299,704,320,0.0748544,4.79367e-08,56.1149,365.904
mc2depi.mtx,525825,525825,2100225,coo seg,249,704,384,0.0857088,4.79202e-08,49.0084,319.565
mc2depi.mtx,525825,525825,2100225,coo seg,214,704,448,0.0728064,4.789e-08,57.6934,376.197
mc2depi.mtx,525825,525825,2100225,coo seg,187,704,512,0.0787456,4.78823e-08,53.342,347.823
mc2depi.mtx,525825,525825,2100225,coo seg,166,704,576,0.086016,4.78791e-08,48.8334,318.424
mc2depi.mtx,525825,525825,2100225,coo seg,150,704,640,0.093696,4.78676e-08,44.8306,292.324
mc2depi.mtx,525825,525825,2100225,coo seg,136,704,704,0.101069,4.7856e-08,41.5603,270.999
mc2depi.mtx,525825,525825,2100225,coo seg,125,704,768,0.108749,4.78572e-08,38.6253,251.861
mc2depi.mtx,525825,525825,2100225,coo seg,115,704,832,0.114586,4.78443e-08,36.6577,239.031
mc2depi.mtx,525825,525825,2100225,coo seg,107,704,896,0.0753664,4.78459e-08,55.7337,363.419
mc2depi.mtx,525825,525825,2100225,coo seg,100,704,960,0.0790528,4.78473e-08,53.1347,346.472
mc2depi.mtx,525825,525825,2100225,coo seg,94,704,1024,0.0809984,4.7843e-08,51.8584,338.149
mc2depi.mtx,525825,525825,2100225,coo flat,2854,736,0,0.0801792,1.10637e-08,52.3883,341.604
mc2depi.mtx,525825,525825,2100225,csr scalar,715,736,0,0.0500736,7.81314e-08,83.8855,429.856
mc2depi.mtx,525825,525825,2100225,csr vector,22862,736,0,0.630067,7.12252e-08,6.66667,34.1622
mc2depi.mtx,525825,525825,2100225,coo seg,1427,736,64,0.0718848,4.84699e-08,58.4331,381.02
mc2depi.mtx,525825,525825,2100225,coo seg,714,736,128,0.072192,4.8142e-08,58.1844,379.399
mc2depi.mtx,525825,525825,2100225,coo seg,476,736,192,0.0745472,4.80323e-08,56.3462,367.412
mc2depi.mtx,525825,525825,2100225,coo seg,357,736,256,0.0790528,4.79758e-08,53.1347,346.472
mc2depi.mtx,525825,525825,2100225,coo seg,286,736,320,0.0750592,4.79367e-08,55.9618,364.906
mc2depi.mtx,525825,525825,2100225,coo seg,238,736,384,0.0856064,4.79202e-08,49.067,319.947
mc2depi.mtx,525825,525825,2100225,coo seg,204,736,448,0.0723968,4.789e-08,58.0198,378.325
mc2depi.mtx,525825,525825,2100225,coo seg,179,736,512,0.0799744,4.78823e-08,52.5224,342.479
mc2depi.mtx,525825,525825,2100225,coo seg,159,736,576,0.0867328,4.78791e-08,48.4298,315.792
mc2depi.mtx,525825,525825,2100225,coo seg,143,736,640,0.0944128,4.78676e-08,44.4903,290.104
mc2depi.mtx,525825,525825,2100225,coo seg,130,736,704,0.102195,4.7856e-08,41.1022,268.012
mc2depi.mtx,525825,525825,2100225,coo seg,119,736,768,0.109568,4.78572e-08,38.3365,249.978
mc2depi.mtx,525825,525825,2100225,coo seg,110,736,832,0.0728064,4.78443e-08,57.6934,376.197
mc2depi.mtx,525825,525825,2100225,coo seg,102,736,896,0.0754688,4.78459e-08,55.6581,362.925
mc2depi.mtx,525825,525825,2100225,coo seg,96,736,960,0.0792576,4.78473e-08,52.9974,345.576
mc2depi.mtx,525825,525825,2100225,coo seg,90,736,1024,0.0816128,4.7843e-08,51.468,335.604
mc2depi.mtx,525825,525825,2100225,coo flat,2735,768,0,0.0787456,1.09222e-08,53.342,347.823
mc2depi.mtx,525825,525825,2100225,csr scalar,685,768,0,0.0495616,7.81314e-08,84.7521,434.297
mc2depi.mtx,525825,525825,2100225,csr vector,21910,768,0,0.607437,7.12252e-08,6.91504,35.4349
mc2depi.mtx,525825,525825,2100225,coo seg,1368,768,64,0.0703488,4.84699e-08,59.7089,389.339
mc2depi.mtx,525825,525825,2100225,coo seg,684,768,128,0.071168,4.8142e-08,59.0216,384.858
mc2depi.mtx,525825,525825,2100225,coo seg,456,768,192,0.0745472,4.80323e-08,56.3462,367.412
mc2depi.mtx,525825,525825,2100225,coo seg,342,768,256,0.0785408,4.79758e-08,53.4811,348.73
mc2depi.mtx,525825,525825,2100225,coo seg,274,768,320,0.0755712,4.79367e-08,55.5827,362.434
mc2depi.mtx,525825,525825,2100225,coo seg,228,768,384,0.0851968,4.79202e-08,49.3029,321.486
mc2depi.mtx,525825,525825,2100225,coo seg,196,768,448,0.0733184,4.789e-08,57.2905,373.57
mc2depi.mtx,525825,525825,2100225,coo seg,171,768,512,0.0805888,4.78823e-08,52.122,339.868
mc2depi.mtx,525825,525825,2100225,coo seg,152,768,576,0.087552,4.78791e-08,47.9766,312.837
mc2depi.mtx,525825,525825,2100225,coo seg,137,768,640,0.0954368,4.78676e-08,44.0129,286.991
mc2depi.mtx,525825,525825,2100225,coo seg,125,768,704,0.103424,4.7856e-08,40.6139,264.828
mc2depi.mtx,525825,525825,2100225,coo seg,114,768,768,0.105984,4.78572e-08,39.6329,258.431
mc2depi.mtx,525825,525825,2100225,coo seg,106,768,832,0.0731136,4.78443e-08,57.451,374.616
mc2depi.mtx,525825,525825,2100225,coo seg,98,768,896,0.075776,4.78459e-08,55.4325,361.454
mc2depi.mtx,525825,525825,2100225,coo seg,92,768,960,0.0794624,4.78473e-08,52.8608,344.686
mc2depi.mtx,525825,525825,2100225,coo seg,86,768,1024,0.0817152,4.7843e-08,51.4035,335.183
mc2depi.mtx,525825,525825,2100225,coo flat,2626,800,0,0.0790528,1.14043e-08,53.1347,346.472
mc2depi.mtx,525825,525825,2100225,csr scalar,658,800,0,0.0485376,7.81314e-08,86.5401,443.459
mc2depi.mtx,525825,525825,2100225,csr vector,21033,800,0,0.595251,7.12252e-08,7.0566,36.1603
mc2depi.mtx,525825,525825,2100225,coo seg,1313,800,64,0.0698368,4.84699e-08,60.1467,392.194
mc2depi.mtx,525825,525825,2100225,coo seg,657,800,128,0.0679936,4.8142e-08,61.7771,402.825
mc2depi.mtx,525825,525825,2100225,coo seg,438,800,192,0.0671744,4.80323e-08,62.5305,407.738
mc2depi.mtx,525825,525825,2100225,coo seg,329,800,256,0.0687104,4.79758e-08,61.1327,398.623
mc2depi.mtx,525825,525825,2100225,coo seg,263,800,320,0.076288,4.79367e-08,55.0604,359.028
mc2depi.mtx,525825,525825,2100225,coo seg,219,800,384,0.0676864,4.79202e-08,62.0575,404.654
mc2depi.mtx,525825,525825,2100225,coo seg,188,800,448,0.0741376,4.789e-08,56.6575,369.442
mc2depi.mtx,525825,525825,2100225,coo seg,165,800,512,0.0812032,4.78823e-08,51.7276,337.296
mc2depi.mtx,525825,525825,2100225,coo seg,146,800,576,0.0887808,4.78791e-08,47.3126,308.508
mc2depi.mtx,525825,525825,2100225,coo seg,132,800,640,0.0970752,4.78676e-08,43.2701,282.148
mc2depi.mtx,525825,525825,2100225,coo seg,120,800,704,0.103936,4.7856e-08,40.4138,263.523
mc2depi.mtx,525825,525825,2100225,coo seg,110,800,768,0.0708608,4.78572e-08,59.2775,386.526
mc2depi.mtx,525825,525825,2100225,coo seg,101,800,832,0.073728,4.78443e-08,56.9722,371.494
mc2depi.mtx,525825,525825,2100225,coo seg,94,800,896,0.0761856,4.78459e-08,55.1344,359.511
mc2depi.mtx,525825,525825,2100225,coo seg,88,800,960,0.080384,4.78473e-08,52.2548,340.734
mc2depi.mtx,525825,525825,2100225,coo seg,83,800,1024,0.0822272,4.7843e-08,51.0835,333.096
mc2depi.mtx,525825,525825,2100225,coo flat,2525,832,0,0.0771072,1.09814e-08,54.4755,355.214
mc2depi.mtx,525825,525825,2100225,csr scalar,633,832,0,0.0479232,7.81314e-08,87.6496,449.145
mc2depi.mtx,525825,525825,2100225,csr vector,20225,832,0,0.576512,7.12252e-08,7.28597,37.3357
mc2depi.mtx,525825,525825,2100225,coo seg,1263,832,64,0.068608,4.84699e-08,61.2239,399.218
mc2depi.mtx,525825,525825,2100225,coo seg,632,832,128,0.0676864,4.8142e-08,62.0575,404.654
mc2depi.mtx,525825,525825,2100225,coo seg,421,832,192,0.0672768,4.80323e-08,62.4353,407.117
mc2depi.mtx,525825,525825,2100225,coo seg,316,832,256,0.0693248,4.79758e-08,60.5909,395.09
mc2depi.mtx,525825,525825,2100225,coo seg,253,832,320,0.0764928,4.79367e-08,54.913,358.067
mc2depi.mtx,525825,525825,2100225,coo seg,211,832,384,0.0674816,4.79202e-08,62.2459,405.882
mc2depi.mtx,525825,525825,2100225,coo seg,181,832,448,0.0743424,4.789e-08,56.5014,368.424
mc2depi.mtx,525825,525825,2100225,coo seg,158,832,512,0.0817152,4.78823e-08,51.4035,335.183
mc2depi.mtx,525825,525825,2100225,coo seg,141,832,576,0.088576,4.78791e-08,47.422,309.221
mc2depi.mtx,525825,525825,2100225,coo seg,127,832,640,0.0982016,4.78676e-08,42.7738,278.911
mc2depi.mtx,525825,525825,2100225,coo seg,115,832,704,0.103219,4.7856e-08,40.6945,265.353
mc2depi.mtx,525825,525825,2100225,coo seg,106,832,768,0.0712704,4.78572e-08,58.9368,384.305
mc2depi.mtx,525825,525825,2100225,coo seg,98,832,832,0.073728,4.78443e-08,56.9722,371.494
mc2depi.mtx,525825,525825,2100225,coo seg,91,832,896,0.0766976,4.78459e-08,54.7664,357.111
mc2depi.mtx,525825,525825,2100225,coo seg,85,832,960,0.0802816,4.78473e-08,52.3215,341.168
mc2depi.mtx,525825,525825,2100225,coo seg,79,832,1024,0.0830464,4.7843e-08,50.5796,329.81
mc2depi.mtx,525825,525825,2100225,coo flat,2431,864,0,0.077312,1.09998e-08,54.3312,354.273
mc2depi.mtx,525825,525825,2100225,csr scalar,609,864,0,0.0479232,7.81314e-08,87.6496,449.145
mc2depi.mtx,525825,525825,2100225,csr vector,19475,864,0,0.562278,7.12252e-08,7.47041,38.2808
mc2depi.mtx,525825,525825,2100225,coo seg,1216,864,64,0.0674816,4.84699e-08,62.2459,405.882
mc2depi.mtx,525825,525825,2100225,coo seg,608,864,128,0.0685056,4.8142e-08,61.3154,399.815
mc2depi.mtx,525825,525825,2100225,coo seg,406,864,192,0.068096,4.80323e-08,61.6842,402.22
mc2depi.mtx,525825,525825,2100225,coo seg,304,864,256,0.0687104,4.79758e-08,61.1327,398.623
mc2depi.mtx,525825,525825,2100225,coo seg,244,864,320,0.0768,4.79367e-08,54.6934,356.635
mc2depi.mtx,525825,525825,2100225,coo seg,203,864,384,0.0677888,4.79202e-08,61.9638,404.042
mc2depi.mtx,525825,525825,2100225,coo seg,174,864,448,0.074752,4.789e-08,56.1918,366.405
mc2depi.mtx,525825,525825,2100225,coo seg,152,864,512,0.082432,4.78823e-08,50.9565,332.268
mc2depi.mtx,525825,525825,2100225,coo seg,136,864,576,0.0902144,4.78791e-08,46.5608,303.605
mc2depi.mtx,525825,525825,2100225,coo seg,122,864,640,0.0987136,4.78676e-08,42.5519,277.465
mc2depi.mtx,525825,525825,2100225,coo seg,111,864,704,0.0689152,4.7856e-08,60.951,397.438
mc2depi.mtx,525825,525825,2100225,coo seg,102,864,768,0.07168,4.78572e-08,58.6,382.109
mc2depi.mtx,525825,525825,2100225,coo seg,94,864,832,0.0741376,4.78443e-08,56.6575,369.442
mc2depi.mtx,525825,525825,2100225,coo seg,87,864,896,0.0771072,4.78459e-08,54.4755,355.214
mc2depi.mtx,525825,525825,2100225,coo seg,82,864,960,0.0805888,4.78473e-08,52.122,339.868
mc2depi.mtx,525825,525825,2100225,coo seg,76,864,1024,0.0837632,4.7843e-08,50.1467,326.988
mc2depi.mtx,525825,525825,2100225,coo flat,2345,896,0,0.0756736,1.10022e-08,55.5075,361.943
mc2depi.mtx,525825,525825,2100225,csr scalar,587,896,0,0.0477184,7.81314e-08,88.0258,451.072
mc2depi.mtx,525825,525825,2100225,csr vector,18780,896,0,0.545587,7.12252e-08,7.69895,39.4519
mc2depi.mtx,525825,525825,2100225,coo seg,1173,896,64,0.0662528,4.84699e-08,63.4003,413.41
mc2depi.mtx,525825,525825,2100225,coo seg,587,896,128,0.0671744,4.8142e-08,62.5305,407.738
mc2depi.mtx,525825,525825,2100225,coo seg,391,896,192,0.0681984,4.80323e-08,61.5916,401.616
mc2depi.mtx,525825,525825,2100225,coo seg,294,896,256,0.0687104,4.79758e-08,61.1327,398.623
mc2depi.mtx,525825,525825,2100225,coo seg,235,896,320,0.0770048,4.79367e-08,54.5479,355.686
mc2depi.mtx,525825,525825,2100225,coo seg,196,896,384,0.068608,4.79202e-08,61.2239,399.218
mc2depi.mtx,525825,525825,2100225,coo seg,168,896,448,0.0755712,4.789e-08,55.5827,362.434
mc2depi.mtx,525825,525825,2100225,coo seg,147,896,512,0.0831488,4.78823e-08,50.5173,329.404
mc2depi.mtx,525825,525825,2100225,coo seg,131,896,576,0.0909312,4.78791e-08,46.1937,301.212
mc2depi.mtx,525825,525825,2100225,coo seg,118,896,640,0.0979968,4.78676e-08,42.8631,279.494
mc2depi.mtx,525825,525825,2100225,coo seg,107,896,704,0.0689152,4.7856e-08,60.951,397.438
mc2depi.mtx,525825,525825,2100225,coo seg,98,896,768,0.0717824,4.78572e-08,58.5164,381.564
mc2depi.mtx,525825,525825,2100225,coo seg,91,896,832,0.0743424,4.78443e-08,56.5014,368.424
mc2depi.mtx,525825,525825,2100225,coo seg,84,896,896,0.0774144,4.78459e-08,54.2593,353.804
mc2depi.mtx,525825,525825,2100225,coo seg,79,896,960,0.0815104,4.78473e-08,51.5327,336.025
mc2depi.mtx,525825,525825,2100225,coo seg,74,896,1024,0.0841728,4.7843e-08,49.9027,325.397
mc2depi.mtx,525825,525825,2100225,coo flat,2264,928,0,0.0758784,1.19052e-08,55.3577,360.966
mc2depi.mtx,525825,525825,2100225,csr scalar,567,928,0,0.0474112,7.81314e-08,88.5962,453.995
mc2depi.mtx,525825,525825,2100225,csr vector,18132,928,0,0.536166,7.12252e-08,7.83423,40.1451
mc2depi.mtx,525825,525825,2100225,coo seg,1132,928,64,0.066048,4.84699e-08,63.5969,414.691
mc2depi.mtx,525825,525825,2100225,coo seg,566,928,128,0.0668672,4.8142e-08,62.8178,409.611
mc2depi.mtx,525825,525825,2100225,coo seg,378,928,192,0.0693248,4.80323e-08,60.5909,395.09
mc2depi.mtx,525825,525825,2100225,coo seg,283,928,256,0.0694272,4.79758e-08,60.5015,394.507
mc2depi.mtx,525825,525825,2100225,coo seg,227,928,320,0.0754688,4.79367e-08,55.6581,362.925
mc2depi.mtx,525825,525825,2100225,coo seg,189,928,384,0.0687104,4.79202e-08,61.1327,398.623
mc2depi.mtx,525825,525825,2100225,coo seg,162,928,448,0.0763904,4.789e-08,54.9866,358.547
mc2depi.mtx,525825,525825,2100225,coo seg,142,928,512,0.0836608,4.78823e-08,50.2081,327.388
mc2depi.mtx,525825,525825,2100225,coo seg,126,928,576,0.0909312,4.78791e-08,46.1937,301.212
mc2depi.mtx,525825,525825,2100225,coo seg,114,928,640,0.0949248,4.78676e-08,44.2503,288.539
mc2depi.mtx,525825,525825,2100225,coo seg,103,928,704,0.0692224,4.7856e-08,60.6805,395.675
mc2depi.mtx,525825,525825,2100225,coo seg,95,928,768,0.0718848,4.78572e-08,58.4331,381.02
mc2depi.mtx,525825,525825,2100225,coo seg,88,928,832,0.0745472,4.78443e-08,56.3462,367.412
mc2depi.mtx,525825,525825,2100225,coo seg,81,928,896,0.0776192,4.78459e-08,54.1161,352.871
mc2depi.mtx,525825,525825,2100225,coo seg,76,928,960,0.08192,4.78473e-08,51.275,334.345
mc2depi.mtx,525825,525825,2100225,coo seg,71,928,1024,0.0846848,4.7843e-08,49.601,323.429
mc2depi.mtx,525825,525825,2100225,coo flat,2188,960,0,0.074752,1.17116e-08,56.1918,366.405
mc2depi.mtx,525825,525825,2100225,csr scalar,548,960,0,0.04608,7.81314e-08,91.1556,467.111
mc2depi.mtx,525825,525825,2100225,csr vector,17528,960,0,0.522957,7.12252e-08,8.03212,41.1591
mc2depi.mtx,525825,525825,2100225,coo seg,1094,960,64,0.0651264,4.84699e-08,64.4969,420.56
mc2depi.mtx,525825,525825,2100225,coo seg,547,960,128,0.063488,4.8142e-08,66.1613,431.413
mc2depi.mtx,525825,525825,2100225,coo seg,365,960,192,0.0684032,4.80323e-08,61.4072,400.413
mc2depi.mtx,525825,525825,2100225,coo seg,274,960,256,0.0700416,4.79758e-08,59.9708,391.047
mc2depi.mtx,525825,525825,2100225,coo seg,219,960,320,0.0627712,4.79367e-08,66.9168,436.339
mc2depi.mtx,525825,525825,2100225,coo seg,183,960,384,0.0695296,4.79202e-08,60.4124,393.926
mc2depi.mtx,525825,525825,2100225,coo seg,157,960,448,0.0765952,4.789e-08,54.8396,357.588
mc2depi.mtx,525825,525825,2100225,coo seg,137,960,512,0.08448,4.78823e-08,49.7212,324.213
mc2depi.mtx,525825,525825,2100225,coo seg,122,960,576,0.0899072,4.78791e-08,46.7198,304.642
mc2depi.mtx,525825,525825,2100225,coo seg,110,960,640,0.0668672,4.78676e-08,62.8178,409.611
mc2depi.mtx,525825,525825,2100225,coo seg,100,960,704,0.0698368,4.7856e-08,60.1467,392.194
mc2depi.mtx,525825,525825,2100225,coo seg,92,960,768,0.0720896,4.78572e-08,58.2671,379.938
mc2depi.mtx,525825,525825,2100225,coo seg,85,960,832,0.0753664,4.78443e-08,55.7337,363.419
mc2depi.mtx,525825,525825,2100225,coo seg,79,960,896,0.0784384,4.78459e-08,53.5509,349.185
mc2depi.mtx,525825,525825,2100225,coo seg,73,960,960,0.082432,4.78473e-08,50.9565,332.268
mc2depi.mtx,525825,525825,2100225,coo seg,69,960,1024,0.0856064,4.7843e-08,49.067,319.947
mc2depi.mtx,525825,525825,2100225,coo flat,2118,992,0,0.0749568,1.17631e-08,56.0383,365.404
mc2depi.mtx,525825,525825,2100225,csr scalar,531,992,0,0.0456704,7.81314e-08,91.9731,471.3
mc2depi.mtx,525825,525825,2100225,csr vector,16963,992,0,0.513126,7.12252e-08,8.186,41.9477
mc2depi.mtx,525825,525825,2100225,coo seg,1059,992,64,0.0651264,4.84699e-08,64.4969,420.56
mc2depi.mtx,525825,525825,2100225,coo seg,530,992,128,0.0633856,4.8142e-08,66.2682,432.11
mc2depi.mtx,525825,525825,2100225,coo seg,353,992,192,0.0684032,4.80323e-08,61.4072,400.413
mc2depi.mtx,525825,525825,2100225,coo seg,265,992,256,0.0685056,4.79758e-08,61.3154,399.815
mc2depi.mtx,525825,525825,2100225,coo seg,212,992,320,0.064,4.79367e-08,65.632,427.962
mc2depi.mtx,525825,525825,2100225,coo seg,177,992,384,0.0700416,4.79202e-08,59.9708,391.047
mc2depi.mtx,525825,525825,2100225,coo seg,152,992,448,0.0765952,4.789e-08,54.8396,357.588
mc2depi.mtx,525825,525825,2100225,coo seg,133,992,512,0.0835584,4.78823e-08,50.2696,327.789
mc2depi.mtx,525825,525825,2100225,coo seg,118,992,576,0.0892928,4.78791e-08,47.0413,306.739
mc2depi.mtx,525825,525825,2100225,coo seg,106,992,640,0.0666624,4.78676e-08,63.0108,410.869
mc2depi.mtx,525825,525825,2100225,coo seg,97,992,704,0.0697344,4.7856e-08,60.235,392.769
mc2depi.mtx,525825,525825,2100225,coo seg,89,992,768,0.0723968,4.78572e-08,58.0198,378.325
mc2depi.mtx,525825,525825,2100225,coo seg,82,992,832,0.0758784,4.78443e-08,55.3577,360.966
mc2depi.mtx,525825,525825,2100225,coo seg,76,992,896,0.0790528,4.78459e-08,53.1347,346.472
mc2depi.mtx,525825,525825,2100225,coo seg,71,992,960,0.082432,4.78473e-08,50.9565,332.268
mc2depi.mtx,525825,525825,2100225,coo seg,67,992,1024,0.0854016,4.7843e-08,49.1847,320.715
mc2depi.mtx,525825,525825,2100225,coo flat,2052,1024,0,0.0741376,1.14905e-08,56.6575,369.442
mc2depi.mtx,525825,525825,2100225,csr scalar,514,1024,0,0.0452608,7.81314e-08,92.8055,475.565
mc2depi.mtx,525825,525825,2100225,csr vector,16433,1024,0,0.497357,7.12252e-08,8.44555,43.2777
mc2depi.mtx,525825,525825,2100225,coo seg,1026,1024,64,0.0632832,4.84699e-08,66.3754,432.809
mc2depi.mtx,525825,525825,2100225,coo seg,513,1024,128,0.0633856,4.8142e-08,66.2682,432.11
mc2depi.mtx,525825,525825,2100225,coo seg,342,1024,192,0.067072,4.80323e-08,62.626,408.36
mc2depi.mtx,525825,525825,2100225,coo seg,257,1024,256,0.0684032,4.79758e-08,61.4072,400.413
mc2depi.mtx,525825,525825,2100225,coo seg,206,1024,320,0.0631808,4.79367e-08,66.483,433.511
mc2depi.mtx,525825,525825,2100225,coo seg,171,1024,384,0.070144,4.79202e-08,59.8832,390.476
mc2depi.mtx,525825,525825,2100225,coo seg,147,1024,448,0.0746496,4.789e-08,56.2689,366.908
mc2depi.mtx,525825,525825,2100225,coo seg,129,1024,512,0.0823296,4.78823e-08,51.0199,332.682
mc2depi.mtx,525825,525825,2100225,coo seg,114,1024,576,0.0883712,4.78791e-08,47.5319,309.937
mc2depi.mtx,525825,525825,2100225,coo seg,103,1024,640,0.0671744,4.78676e-08,62.5305,407.738
mc2depi.mtx,525825,525825,2100225,coo seg,94,1024,704,0.0700416,4.7856e-08,59.9708,391.047
mc2depi.mtx,525825,525825,2100225,coo seg,86,1024,768,0.0731136,4.78572e-08,57.451,374.616
mc2depi.mtx,525825,525825,2100225,coo seg,79,1024,832,0.075776,4.78443e-08,55.4325,361.454
mc2depi.mtx,525825,525825,2100225,coo seg,74,1024,896,0.0796672,4.78459e-08,52.725,343.799
mc2depi.mtx,525825,525825,2100225,coo seg,69,1024,960,0.0831488,4.78473e-08,50.5173,329.404
mc2depi.mtx,525825,525825,2100225,coo seg,65,1024,1024,0.0867328,4.7843e-08,48.4298,315.792
mc2depi.mtx,525825,525825,2100225,CuSparse,0,0,0,0.0502784,6.04818e-08,83.5438,428.105
pdb1HYS.mtx,36417,36417,4344765,coo flat,135774,32,0,1.30898,3.47525e-07,6.6384,37.3022
pdb1HYS.mtx,36417,36417,4344765,csr scalar,1139,32,0,0.116122,1.34863e-07,74.8313,282.273
pdb1HYS.mtx,36417,36417,4344765,csr vector,36417,32,0,0.174182,3.12417e-07,49.8875,188.182
pdb1HYS.mtx,36417,36417,4344765,coo seg,67887,32,64,0.157901,3.13475e-07,55.0316,309.231
pdb1HYS.mtx,36417,36417,4344765,coo seg,33944,32,128,0.141824,3.11062e-07,61.2698,344.285
pdb1HYS.mtx,36417,36417,4344765,coo seg,22629,32,192,0.136806,3.10194e-07,63.517,356.912
pdb1HYS.mtx,36417,36417,4344765,coo seg,16972,32,256,0.135168,3.08501e-07,64.2869,361.238
pdb1HYS.mtx,36417,36417,4344765,coo seg,13578,32,320,0.133222,3.08813e-07,65.2257,366.514
pdb1HYS.mtx,36417,36417,4344765,coo seg,11315,32,384,0.134349,3.08184e-07,64.6789,363.441
pdb1HYS.mtx,36417,36417,4344765,coo seg,9699,32,448,0.134144,3.07732e-07,64.7776,363.996
pdb1HYS.mtx,36417,36417,4344765,coo seg,8486,32,512,0.130662,3.07563e-07,66.5037,373.695
pdb1HYS.mtx,36417,36417,4344765,coo seg,7543,32,576,0.13824,3.0741e-07,62.8583,353.211
pdb1HYS.mtx,36417,36417,4344765,coo seg,6789,32,640,0.129434,3.07776e-07,67.135,377.242
pdb1HYS.mtx,36417,36417,4344765,coo seg,6172,32,704,0.136397,3.07233e-07,63.7077,357.984
pdb1HYS.mtx,36417,36417,4344765,coo seg,5658,32,768,0.143155,3.06993e-07,60.7001,341.083
pdb1HYS.mtx,36417,36417,4344765,coo seg,5223,32,832,0.128102,3.07629e-07,67.8327,381.163
pdb1HYS.mtx,36417,36417,4344765,coo seg,4850,32,896,0.132096,3.07178e-07,65.7819,369.639
pdb1HYS.mtx,36417,36417,4344765,coo seg,4526,32,960,0.139059,3.06038e-07,62.488,351.13
pdb1HYS.mtx,36417,36417,4344765,coo seg,4243,32,1024,0.143462,3.07013e-07,60.5701,340.353
pdb1HYS.mtx,36417,36417,4344765,coo flat,67887,64,0,0.922624,3.39015e-07,9.41828,52.9228
pdb1HYS.mtx,36417,36417,4344765,csr scalar,570,64,0,0.120422,1.34863e-07,72.1588,272.192
pdb1HYS.mtx,36417,36417,4344765,csr vector,18209,64,0,0.0943104,3.12417e-07,92.1376,347.555
pdb1HYS.mtx,36417,36417,4344765,coo seg,33944,64,64,0.103629,3.13388e-07,83.8525,471.18
pdb1HYS.mtx,36417,36417,4344765,coo seg,16972,64,128,0.0932864,3.11068e-07,93.1489,523.419
pdb1HYS.mtx,36417,36417,4344765,coo seg,11315,64,192,0.0923648,3.10194e-07,94.0784,528.641
pdb1HYS.mtx,36417,36417,4344765,coo seg,8486,64,256,0.090624,3.08501e-07,95.8855,538.796
pdb1HYS.mtx,36417,36417,4344765,coo seg,6789,64,320,0.0918528,3.08813e-07,94.6028,531.588
pdb1HYS.mtx,36417,36417,4344765,coo seg,5658,64,384,0.0950272,3.08184e-07,91.4425,513.83
pdb1HYS.mtx,36417,36417,4344765,coo seg,4850,64,448,0.092672,3.07732e-07,93.7665,526.889
pdb1HYS.mtx,36417,36417,4344765,coo seg,4243,64,512,0.0953344,3.07563e-07,91.1479,512.175
pdb1HYS.mtx,36417,36417,4344765,coo seg,3772,64,576,0.101171,3.0741e-07,85.8894,482.626
pdb1HYS.mtx,36417,36417,4344765,coo seg,3395,64,640,0.0925696,3.07776e-07,93.8702,527.472
pdb1HYS.mtx,36417,36417,4344765,coo seg,3086,64,704,0.0954368,3.07233e-07,91.0501,511.625
pdb1HYS.mtx,36417,36417,4344765,coo seg,2829,64,768,0.0973824,3.06993e-07,89.231,501.403
pdb1HYS.mtx,36417,36417,4344765,coo seg,2612,64,832,0.101581,3.07629e-07,85.543,480.68
pdb1HYS.mtx,36417,36417,4344765,coo seg,2425,64,896,0.104243,3.07178e-07,83.3582,468.403
pdb1HYS.mtx,36417,36417,4344765,coo seg,2263,64,960,0.108032,3.06038e-07,80.4348,451.976
pdb1HYS.mtx,36417,36417,4344765,coo seg,2122,64,1024,0.111411,3.07013e-07,77.9951,438.267
pdb1HYS.mtx,36417,36417,4344765,coo flat,45258,96,0,0.921293,3.30214e-07,9.43189,52.9993
pdb1HYS.mtx,36417,36417,4344765,csr scalar,380,96,0,0.116634,1.34863e-07,74.5028,281.034
pdb1HYS.mtx,36417,36417,4344765,csr vector,12139,96,0,0.0899072,3.12417e-07,96.65,364.576
pdb1HYS.mtx,36417,36417,4344765,coo seg,22629,96,64,0.101581,3.13326e-07,85.543,480.68
pdb1HYS.mtx,36417,36417,4344765,coo seg,11315,96,128,0.0927744,3.11073e-07,93.663,526.307
pdb1HYS.mtx,36417,36417,4344765,coo seg,7543,96,192,0.0912384,3.10194e-07,95.2398,535.168
pdb1HYS.mtx,36417,36417,4344765,coo seg,5658,96,256,0.0893952,3.08501e-07,97.2035,546.202
pdb1HYS.mtx,36417,36417,4344765,coo seg,4526,96,320,0.0907264,3.08813e-07,95.7773,538.188
pdb1HYS.mtx,36417,36417,4344765,coo seg,3772,96,384,0.0940032,3.08184e-07,92.4387,519.428
pdb1HYS.mtx,36417,36417,4344765,coo seg,3233,96,448,0.0918528,3.07732e-07,94.6028,531.588
pdb1HYS.mtx,36417,36417,4344765,coo seg,2829,96,512,0.0943104,3.07563e-07,92.1376,517.736
pdb1HYS.mtx,36417,36417,4344765,coo seg,2515,96,576,0.100147,3.0741e-07,86.7676,487.561
pdb1HYS.mtx,36417,36417,4344765,coo seg,2263,96,640,0.0918528,3.07776e-07,94.6028,531.588
pdb1HYS.mtx,36417,36417,4344765,coo seg,2058,96,704,0.0944128,3.07233e-07,92.0376,517.174
pdb1HYS.mtx,36417,36417,4344765,coo seg,1886,96,768,0.0955392,3.06993e-07,90.9525,511.077
pdb1HYS.mtx,36417,36417,4344765,coo seg,1741,96,832,0.0999424,3.07629e-07,86.9454,488.56
pdb1HYS.mtx,36417,36417,4344765,coo seg,1617,96,896,0.10281,3.07178e-07,84.5206,474.935
pdb1HYS.mtx,36417,36417,4344765,coo seg,1509,96,960,0.106598,3.06038e-07,81.5165,458.054
pdb1HYS.mtx,36417,36417,4344765,coo seg,1415,96,1024,0.109466,3.07013e-07,79.3814,446.057
pdb1HYS.mtx,36417,36417,4344765,coo flat,33944,128,0,0.922931,3.32628e-07,9.41514,52.9052
pdb1HYS.mtx,36417,36417,4344765,csr scalar,285,128,0,0.117248,1.34863e-07,74.1124,279.561
pdb1HYS.mtx,36417,36417,4344765,csr vector,9105,128,0,0.0883712,3.12417e-07,98.3299,370.913
pdb1HYS.mtx,36417,36417,4344765,coo seg,16972,128,64,0.101376,3.13382e-07,85.7159,481.651
pdb1HYS.mtx,36417,36417,4344765,coo seg,8486,128,128,0.09216,3.11077e-07,94.2874,529.816
pdb1HYS.mtx,36417,36417,4344765,coo seg,5658,128,192,0.0902144,3.10194e-07,96.3209,541.242
pdb1HYS.mtx,36417,36417,4344765,coo seg,4243,128,256,0.0887808,3.08501e-07,97.8762,549.982
pdb1HYS.mtx,36417,36417,4344765,coo seg,3395,128,320,0.090112,3.08813e-07,96.4303,541.857
pdb1HYS.mtx,36417,36417,4344765,coo seg,2829,128,384,0.0939008,3.08184e-07,92.5395,519.994
pdb1HYS.mtx,36417,36417,4344765,coo seg,2425,128,448,0.0907264,3.07732e-07,95.7773,538.188
pdb1HYS.mtx,36417,36417,4344765,coo seg,2122,128,512,0.0933888,3.07563e-07,93.0468,522.845
pdb1HYS.mtx,36417,36417,4344765,coo seg,1886,128,576,0.10025,3.0741e-07,86.679,487.063
pdb1HYS.mtx,36417,36417,4344765,coo seg,1698,128,640,0.0907264,3.07776e-07,95.7773,538.188
pdb1HYS.mtx,36417,36417,4344765,coo seg,1543,128,704,0.0932864,3.07233e-07,93.149,523.419
pdb1HYS.mtx,36417,36417,4344765,coo seg,1415,128,768,0.0953344,3.06993e-07,91.1479,512.175
pdb1HYS.mtx,36417,36417,4344765,coo seg,1306,128,832,0.100352,3.07629e-07,86.5905,486.566
pdb1HYS.mtx,36417,36417,4344765,coo seg,1213,128,896,0.10281,3.07178e-07,84.5206,474.935
pdb1HYS.mtx,36417,36417,4344765,coo seg,1132,128,960,0.105984,3.06038e-07,81.9891,460.71
pdb1HYS.mtx,36417,36417,4344765,coo seg,1061,128,1024,0.109568,3.07013e-07,79.3072,445.64
pdb1HYS.mtx,36417,36417,4344765,coo flat,27155,160,0,0.943309,3.40663e-07,9.21175,51.7623
pdb1HYS.mtx,36417,36417,4344765,csr scalar,228,160,0,0.113562,1.34863e-07,76.5182,288.636
pdb1HYS.mtx,36417,36417,4344765,csr vector,7284,160,0,0.0922624,3.12417e-07,94.1828,355.27
pdb1HYS.mtx,36417,36417,4344765,coo seg,13578,160,64,0.102912,3.13491e-07,84.4365,474.462
pdb1HYS.mtx,36417,36417,4344765,coo seg,6789,160,128,0.093696,3.11034e-07,92.7417,521.131
pdb1HYS.mtx,36417,36417,4344765,coo seg,4526,160,192,0.091136,3.10194e-07,95.3469,535.769
pdb1HYS.mtx,36417,36417,4344765,coo seg,3395,160,256,0.0924672,3.08501e-07,93.9742,528.056
pdb1HYS.mtx,36417,36417,4344765,coo seg,2716,160,320,0.0945152,3.08813e-07,91.9379,516.614
pdb1HYS.mtx,36417,36417,4344765,coo seg,2263,160,384,0.092672,3.08184e-07,93.7665,526.889
pdb1HYS.mtx,36417,36417,4344765,coo seg,1940,160,448,0.0913408,3.07732e-07,95.1331,534.568
pdb1HYS.mtx,36417,36417,4344765,coo seg,1698,160,512,0.0924672,3.07563e-07,93.9742,528.056
pdb1HYS.mtx,36417,36417,4344765,coo seg,1509,160,576,0.0990208,3.0741e-07,87.7546,493.107
pdb1HYS.mtx,36417,36417,4344765,coo seg,1358,160,640,0.103731,3.07776e-07,83.7697,470.715
pdb1HYS.mtx,36417,36417,4344765,coo seg,1235,160,704,0.0925696,3.07233e-07,93.8703,527.472
pdb1HYS.mtx,36417,36417,4344765,coo seg,1132,160,768,0.0950272,3.06993e-07,91.4425,513.83
pdb1HYS.mtx,36417,36417,4344765,coo seg,1045,160,832,0.0997376,3.07629e-07,87.1239,489.563
pdb1HYS.mtx,36417,36417,4344765,coo seg,970,160,896,0.101786,3.07178e-07,85.3709,479.713
pdb1HYS.mtx,36417,36417,4344765,coo seg,906,160,960,0.10537,3.06038e-07,82.4672,463.396
pdb1HYS.mtx,36417,36417,4344765,coo seg,849,160,1024,0.108646,3.07013e-07,79.9799,449.42
pdb1HYS.mtx,36417,36417,4344765,coo flat,22629,192,0,0.963891,3.39059e-07,9.01505,50.657
pdb1HYS.mtx,36417,36417,4344765,csr scalar,190,192,0,0.130662,1.34863e-07,66.5037,250.86
pdb1HYS.mtx,36417,36417,4344765,csr vector,6070,192,0,0.0899072,3.12417e-07,96.65,364.576
pdb1HYS.mtx,36417,36417,4344765,coo seg,11315,192,64,0.103219,3.13495e-07,84.1852,473.05
pdb1HYS.mtx,36417,36417,4344765,coo seg,5658,192,128,0.0932864,3.11039e-07,93.1489,523.419
pdb1HYS.mtx,36417,36417,4344765,coo seg,3772,192,192,0.0913408,3.10194e-07,95.1331,534.568
pdb1HYS.mtx,36417,36417,4344765,coo seg,2829,192,256,0.0923648,3.08501e-07,94.0784,528.641
pdb1HYS.mtx,36417,36417,4344765,coo seg,2263,192,320,0.0953344,3.08813e-07,91.1479,512.175
pdb1HYS.mtx,36417,36417,4344765,coo seg,1886,192,384,0.0927744,3.08184e-07,93.663,526.307
pdb1HYS.mtx,36417,36417,4344765,coo seg,1617,192,448,0.0912384,3.07732e-07,95.2398,535.168
pdb1HYS.mtx,36417,36417,4344765,coo seg,1415,192,512,0.0928768,3.07563e-07,93.5598,525.727
pdb1HYS.mtx,36417,36417,4344765,coo seg,1258,192,576,0.0986112,3.0741e-07,88.1191,495.155
pdb1HYS.mtx,36417,36417,4344765,coo seg,1132,192,640,0.103834,3.07776e-07,83.6871,470.251
pdb1HYS.mtx,36417,36417,4344765,coo seg,1029,192,704,0.093184,3.07233e-07,93.2513,523.994
pdb1HYS.mtx,36417,36417,4344765,coo seg,943,192,768,0.095744,3.06993e-07,90.758,509.983
pdb1HYS.mtx,36417,36417,4344765,coo seg,871,192,832,0.100147,3.07629e-07,86.7676,487.561
pdb1HYS.mtx,36417,36417,4344765,coo seg,809,192,896,0.101683,3.07178e-07,85.4569,480.196
pdb1HYS.mtx,36417,36417,4344765,coo seg,755,192,960,0.105574,3.06038e-07,82.3072,462.497
pdb1HYS.mtx,36417,36417,4344765,coo seg,708,192,1024,0.108851,3.07013e-07,79.8294,448.574
pdb1HYS.mtx,36417,36417,4344765,coo flat,19397,224,0,0.950374,3.39648e-07,9.14327,51.3775
pdb1HYS.mtx,36417,36417,4344765,csr scalar,163,224,0,0.120218,1.34863e-07,72.2817,272.656
pdb1HYS.mtx,36417,36417,4344765,csr vector,5203,224,0,0.09216,3.12417e-07,94.2874,355.664
pdb1HYS.mtx,36417,36417,4344765,coo seg,9699,224,64,0.101478,3.13432e-07,85.6294,481.165
pdb1HYS.mtx,36417,36417,4344765,coo seg,4850,224,128,0.0927744,3.11025e-07,93.663,526.307
pdb1HYS.mtx,36417,36417,4344765,coo seg,3233,224,192,0.090624,3.10194e-07,95.8855,538.796
pdb1HYS.mtx,36417,36417,4344765,coo seg,2425,224,256,0.0889856,3.08501e-07,97.651,548.716
pdb1HYS.mtx,36417,36417,4344765,coo seg,1940,224,320,0.0899072,3.08813e-07,96.65,543.092
pdb1HYS.mtx,36417,36417,4344765,coo seg,1617,224,384,0.0929792,3.08184e-07,93.4567,525.148
pdb1HYS.mtx,36417,36417,4344765,coo seg,1386,224,448,0.0907264,3.07732e-07,95.7773,538.188
pdb1HYS.mtx,36417,36417,4344765,coo seg,1213,224,512,0.0928768,3.07563e-07,93.5598,525.727
pdb1HYS.mtx,36417,36417,4344765,coo seg,1078,224,576,0.0995328,3.0741e-07,87.3032,490.571
pdb1HYS.mtx,36417,36417,4344765,coo seg,970,224,640,0.0903168,3.07776e-07,96.2117,540.629
pdb1HYS.mtx,36417,36417,4344765,coo seg,882,224,704,0.092672,3.07233e-07,93.7665,526.889
pdb1HYS.mtx,36417,36417,4344765,coo seg,809,224,768,0.0954368,3.06993e-07,91.0501,511.625
pdb1HYS.mtx,36417,36417,4344765,coo seg,747,224,832,0.100352,3.07629e-07,86.5905,486.566
pdb1HYS.mtx,36417,36417,4344765,coo seg,693,224,896,0.102195,3.07178e-07,85.0287,477.79
pdb1HYS.mtx,36417,36417,4344765,coo seg,647,224,960,0.105779,3.06038e-07,82.1478,461.602
pdb1HYS.mtx,36417,36417,4344765,coo seg,607,224,1024,0.109568,3.07013e-07,79.3072,445.64
pdb1HYS.mtx,36417,36417,4344765,coo flat,16972,256,0,0.954061,3.41129e-07,9.10794,51.179
pdb1HYS.mtx,36417,36417,4344765,csr scalar,143,256,0,0.124621,1.34863e-07,69.7278,263.022
pdb1HYS.mtx,36417,36417,4344765,csr vector,4553,256,0,0.0876544,3.12417e-07,99.134,373.946
pdb1HYS.mtx,36417,36417,4344765,coo seg,8486,256,64,0.10025,3.1344e-07,86.6789,487.063
pdb1HYS.mtx,36417,36417,4344765,coo seg,4243,256,128,0.0919552,3.11003e-07,94.4974,530.996
pdb1HYS.mtx,36417,36417,4344765,coo seg,2829,256,192,0.0908288,3.10194e-07,95.6693,537.581
pdb1HYS.mtx,36417,36417,4344765,coo seg,2122,256,256,0.0888832,3.08501e-07,97.7635,549.349
pdb1HYS.mtx,36417,36417,4344765,coo seg,1698,256,320,0.0894976,3.08813e-07,97.0923,545.577
pdb1HYS.mtx,36417,36417,4344765,coo seg,1415,256,384,0.0935936,3.08184e-07,92.8432,521.701
pdb1HYS.mtx,36417,36417,4344765,coo seg,1213,256,448,0.0905216,3.07732e-07,95.994,539.406
pdb1HYS.mtx,36417,36417,4344765,coo seg,1061,256,512,0.0932864,3.07563e-07,93.149,523.419
pdb1HYS.mtx,36417,36417,4344765,coo seg,943,256,576,0.100147,3.0741e-07,86.7676,487.561
pdb1HYS.mtx,36417,36417,4344765,coo seg,849,256,640,0.090624,3.07776e-07,95.8855,538.796
pdb1HYS.mtx,36417,36417,4344765,coo seg,772,256,704,0.093184,3.07233e-07,93.2513,523.994
pdb1HYS.mtx,36417,36417,4344765,coo seg,708,256,768,0.0950272,3.06993e-07,91.4426,513.83
pdb1HYS.mtx,36417,36417,4344765,coo seg,653,256,832,0.100352,3.07629e-07,86.5905,486.566
pdb1HYS.mtx,36417,36417,4344765,coo seg,607,256,896,0.101683,3.07178e-07,85.4569,480.196
pdb1HYS.mtx,36417,36417,4344765,coo seg,566,256,960,0.106906,3.06038e-07,81.2823,456.738
pdb1HYS.mtx,36417,36417,4344765,coo seg,531,256,1024,0.109466,3.07013e-07,79.3814,446.057
pdb1HYS.mtx,36417,36417,4344765,coo flat,15086,288,0,0.959181,3.45493e-07,9.05932,50.9058
pdb1HYS.mtx,36417,36417,4344765,csr scalar,127,288,0,0.138547,1.34863e-07,62.7189,236.584
pdb1HYS.mtx,36417,36417,4344765,csr vector,4047,288,0,0.0917504,3.12417e-07,94.7084,357.252
pdb1HYS.mtx,36417,36417,4344765,coo seg,7543,288,64,0.102707,3.13552e-07,84.6049,475.408
pdb1HYS.mtx,36417,36417,4344765,coo seg,3772,288,128,0.0928768,3.11047e-07,93.5598,525.727
pdb1HYS.mtx,36417,36417,4344765,coo seg,2515,288,192,0.0912384,3.10194e-07,95.2398,535.168
pdb1HYS.mtx,36417,36417,4344765,coo seg,1886,288,256,0.0894976,3.08501e-07,97.0923,545.577
pdb1HYS.mtx,36417,36417,4344765,coo seg,1509,288,320,0.090112,3.08813e-07,96.4303,541.857
pdb1HYS.mtx,36417,36417,4344765,coo seg,1258,288,384,0.0929792,3.08184e-07,93.4567,525.148
pdb1HYS.mtx,36417,36417,4344765,coo seg,1078,288,448,0.0909312,3.07732e-07,95.5616,536.976
pdb1HYS.mtx,36417,36417,4344765,coo seg,943,288,512,0.0927744,3.07563e-07,93.663,526.307
pdb1HYS.mtx,36417,36417,4344765,coo seg,839,288,576,0.09984,3.0741e-07,87.0346,489.061
pdb1HYS.mtx,36417,36417,4344765,coo seg,755,288,640,0.0904192,3.07776e-07,96.1027,540.017
pdb1HYS.mtx,36417,36417,4344765,coo seg,686,288,704,0.0930816,3.07233e-07,93.3539,524.571
pdb1HYS.mtx,36417,36417,4344765,coo seg,629,288,768,0.0960512,3.06993e-07,90.4677,508.352
pdb1HYS.mtx,36417,36417,4344765,coo seg,581,288,832,0.10025,3.07629e-07,86.6789,487.063
pdb1HYS.mtx,36417,36417,4344765,coo seg,539,288,896,0.101888,3.07178e-07,85.2851,479.231
pdb1HYS.mtx,36417,36417,4344765,coo seg,503,288,960,0.106086,3.06038e-07,81.9099,460.265
pdb1HYS.mtx,36417,36417,4344765,coo seg,472,288,1024,0.109773,3.07013e-07,79.1592,444.808
pdb1HYS.mtx,36417,36417,4344765,coo flat,13578,320,0,0.981197,3.43147e-07,8.85605,49.7636
pdb1HYS.mtx,36417,36417,4344765,csr scalar,114,320,0,0.128,1.34863e-07,67.887,256.078
pdb1HYS.mtx,36417,36417,4344765,csr vector,3642,320,0,0.0943104,3.12417e-07,92.1376,347.555
pdb1HYS.mtx,36417,36417,4344765,coo seg,6789,320,64,0.103526,3.13521e-07,83.9354,471.646
pdb1HYS.mtx,36417,36417,4344765,coo seg,3395,320,128,0.0943104,3.11072e-07,92.1376,517.736
pdb1HYS.mtx,36417,36417,4344765,coo seg,2263,320,192,0.0923648,3.10194e-07,94.0784,528.641
pdb1HYS.mtx,36417,36417,4344765,coo seg,1698,320,256,0.0929792,3.08501e-07,93.4567,525.148
pdb1HYS.mtx,36417,36417,4344765,coo seg,1358,320,320,0.0951296,3.08813e-07,91.3441,513.277
pdb1HYS.mtx,36417,36417,4344765,coo seg,1132,320,384,0.0929792,3.08184e-07,93.4567,525.148
pdb1HYS.mtx,36417,36417,4344765,coo seg,970,320,448,0.0917504,3.07732e-07,94.7084,532.181
pdb1HYS.mtx,36417,36417,4344765,coo seg,849,320,512,0.0925696,3.07563e-07,93.8702,527.472
pdb1HYS.mtx,36417,36417,4344765,coo seg,755,320,576,0.099328,3.0741e-07,87.4832,491.582
pdb1HYS.mtx,36417,36417,4344765,coo seg,679,320,640,0.103936,3.07776e-07,83.6046,469.788
pdb1HYS.mtx,36417,36417,4344765,coo seg,618,320,704,0.0932864,3.07233e-07,93.1489,523.419
pdb1HYS.mtx,36417,36417,4344765,coo seg,566,320,768,0.0953344,3.06993e-07,91.1479,512.175
pdb1HYS.mtx,36417,36417,4344765,coo seg,523,320,832,0.10025,3.07629e-07,86.679,487.063
pdb1HYS.mtx,36417,36417,4344765,coo seg,485,320,896,0.101581,3.07178e-07,85.543,480.68
pdb1HYS.mtx,36417,36417,4344765,coo seg,453,320,960,0.105882,3.06038e-07,82.0684,461.155
pdb1HYS.mtx,36417,36417,4344765,coo seg,425,320,1024,0.108851,3.07013e-07,79.8294,448.574
pdb1HYS.mtx,36417,36417,4344765,coo flat,12344,352,0,1.01847,3.42306e-07,8.53194,47.9423
pdb1HYS.mtx,36417,36417,4344765,csr scalar,104,352,0,0.120525,1.34863e-07,72.0974,271.961
pdb1HYS.mtx,36417,36417,4344765,csr vector,3311,352,0,0.0978944,3.12417e-07,88.7643,334.83
pdb1HYS.mtx,36417,36417,4344765,coo seg,6172,352,64,0.108442,3.13538e-07,80.131,450.269
pdb1HYS.mtx,36417,36417,4344765,coo seg,3086,352,128,0.0979968,3.11036e-07,88.6716,498.26
pdb1HYS.mtx,36417,36417,4344765,coo seg,2058,352,192,0.0954368,3.10194e-07,91.0501,511.625
pdb1HYS.mtx,36417,36417,4344765,coo seg,1543,352,256,0.093696,3.08501e-07,92.7417,521.131
pdb1HYS.mtx,36417,36417,4344765,coo seg,1235,352,320,0.0955392,3.08813e-07,90.9525,511.077
pdb1HYS.mtx,36417,36417,4344765,coo seg,1029,352,384,0.0935936,3.08184e-07,92.8432,521.701
pdb1HYS.mtx,36417,36417,4344765,coo seg,882,352,448,0.101171,3.07732e-07,85.8894,482.626
pdb1HYS.mtx,36417,36417,4344765,coo seg,772,352,512,0.0928768,3.07563e-07,93.5598,525.727
pdb1HYS.mtx,36417,36417,4344765,coo seg,686,352,576,0.0979968,3.0741e-07,88.6716,498.26
pdb1HYS.mtx,36417,36417,4344765,coo seg,618,352,640,0.104858,3.07776e-07,82.8698,465.659
pdb1HYS.mtx,36417,36417,4344765,coo seg,562,352,704,0.108646,3.07233e-07,79.9799,449.42
pdb1HYS.mtx,36417,36417,4344765,coo seg,515,352,768,0.0960512,3.06993e-07,90.4677,508.352
pdb1HYS.mtx,36417,36417,4344765,coo seg,475,352,832,0.0986112,3.07629e-07,88.1191,495.155
pdb1HYS.mtx,36417,36417,4344765,coo seg,441,352,896,0.101274,3.07178e-07,85.8025,482.138
pdb1HYS.mtx,36417,36417,4344765,coo seg,412,352,960,0.105472,3.06038e-07,82.3871,462.946
pdb1HYS.mtx,36417,36417,4344765,coo seg,386,352,1024,0.108749,3.07013e-07,79.9046,448.997
pdb1HYS.mtx,36417,36417,4344765,coo flat,11315,384,0,0.99881,3.43852e-07,8.69989,48.8861
pdb1HYS.mtx,36417,36417,4344765,csr scalar,95,384,0,0.125645,1.34863e-07,69.1595,260.878
pdb1HYS.mtx,36417,36417,4344765,csr vector,3035,384,0,0.0937984,3.12417e-07,92.6405,349.452
pdb1HYS.mtx,36417,36417,4344765,coo seg,5658,384,64,0.103834,3.1353e-07,83.6871,470.251
pdb1HYS.mtx,36417,36417,4344765,coo seg,2829,384,128,0.0950272,3.10972e-07,91.4426,513.83
pdb1HYS.mtx,36417,36417,4344765,coo seg,1886,384,192,0.0922624,3.10194e-07,94.1828,529.228
pdb1HYS.mtx,36417,36417,4344765,coo seg,1415,384,256,0.0935936,3.08501e-07,92.8432,521.701
pdb1HYS.mtx,36417,36417,4344765,coo seg,1132,384,320,0.0956416,3.08813e-07,90.8551,510.529
pdb1HYS.mtx,36417,36417,4344765,coo seg,943,384,384,0.0933888,3.08184e-07,93.0468,522.845
pdb1HYS.mtx,36417,36417,4344765,coo seg,809,384,448,0.091648,3.07732e-07,94.8142,532.776
pdb1HYS.mtx,36417,36417,4344765,coo seg,708,384,512,0.0927744,3.07563e-07,93.663,526.307
pdb1HYS.mtx,36417,36417,4344765,coo seg,629,384,576,0.0992256,3.0741e-07,87.5735,492.089
pdb1HYS.mtx,36417,36417,4344765,coo seg,566,384,640,0.104653,3.07776e-07,83.032,466.57
pdb1HYS.mtx,36417,36417,4344765,coo seg,515,384,704,0.0935936,3.07233e-07,92.8432,521.701
pdb1HYS.mtx,36417,36417,4344765,coo seg,472,384,768,0.0954368,3.06993e-07,91.0501,511.625
pdb1HYS.mtx,36417,36417,4344765,coo seg,436,384,832,0.09984,3.07629e-07,87.0346,489.061
pdb1HYS.mtx,36417,36417,4344765,coo seg,405,384,896,0.101376,3.07178e-07,85.7159,481.651
pdb1HYS.mtx,36417,36417,4344765,coo seg,378,384,960,0.106189,3.06038e-07,81.831,459.821
pdb1HYS.mtx,36417,36417,4344765,coo seg,354,384,1024,0.109568,3.07013e-07,79.3072,445.64
pdb1HYS.mtx,36417,36417,4344765,coo flat,10445,416,0,1.02892,3.44144e-07,8.44533,47.4557
pdb1HYS.mtx,36417,36417,4344765,csr scalar,88,416,0,0.136294,1.34863e-07,63.7556,240.494
pdb1HYS.mtx,36417,36417,4344765,csr vector,2802,416,0,0.0999424,3.12417e-07,86.9454,327.969
pdb1HYS.mtx,36417,36417,4344765,coo seg,5223,416,64,0.111718,3.13434e-07,77.7806,437.062
pdb1HYS.mtx,36417,36417,4344765,coo seg,2612,416,128,0.09984,3.11043e-07,87.0346,489.061
pdb1HYS.mtx,36417,36417,4344765,coo seg,1741,416,192,0.0971776,3.10194e-07,89.4191,502.46
pdb1HYS.mtx,36417,36417,4344765,coo seg,1306,416,256,0.095744,3.08501e-07,90.758,509.983
pdb1HYS.mtx,36417,36417,4344765,coo seg,1045,416,320,0.096256,3.08813e-07,90.2752,507.271
pdb1HYS.mtx,36417,36417,4344765,coo seg,871,416,384,0.0951296,3.08184e-07,91.3441,513.277
pdb1HYS.mtx,36417,36417,4344765,coo seg,747,416,448,0.101171,3.07732e-07,85.8894,482.626
pdb1HYS.mtx,36417,36417,4344765,coo seg,653,416,512,0.0941056,3.07563e-07,92.3381,518.862
pdb1HYS.mtx,36417,36417,4344765,coo seg,581,416,576,0.0984064,3.0741e-07,88.3025,496.186
pdb1HYS.mtx,36417,36417,4344765,coo seg,523,416,640,0.104858,3.07776e-07,82.8698,465.659
pdb1HYS.mtx,36417,36417,4344765,coo seg,475,416,704,0.111616,3.07233e-07,77.852,437.463
pdb1HYS.mtx,36417,36417,4344765,coo seg,436,416,768,0.0944128,3.06993e-07,92.0376,517.174
pdb1HYS.mtx,36417,36417,4344765,coo seg,402,416,832,0.100352,3.07629e-07,86.5905,486.566
pdb1HYS.mtx,36417,36417,4344765,coo seg,374,416,896,0.1024,3.07178e-07,84.8587,476.835
pdb1HYS.mtx,36417,36417,4344765,coo seg,349,416,960,0.105574,3.06038e-07,82.3072,462.497
pdb1HYS.mtx,36417,36417,4344765,coo seg,327,416,1024,0.108544,3.07013e-07,80.0554,449.844
pdb1HYS.mtx,36417,36417,4344765,coo flat,9699,448,0,1.03803,3.42411e-07,8.37118,47.039
pdb1HYS.mtx,36417,36417,4344765,csr scalar,82,448,0,0.138854,1.34863e-07,62.5802,236.06
pdb1HYS.mtx,36417,36417,4344765,csr vector,2602,448,0,0.098816,3.12417e-07,87.9365,331.708
pdb1HYS.mtx,36417,36417,4344765,coo seg,4850,448,64,0.109158,3.13621e-07,79.6048,447.312
pdb1HYS.mtx,36417,36417,4344765,coo seg,2425,448,128,0.0978944,3.11004e-07,88.7643,498.781
pdb1HYS.mtx,36417,36417,4344765,coo seg,1617,448,192,0.0961536,3.10194e-07,90.3713,507.811
pdb1HYS.mtx,36417,36417,4344765,coo seg,1213,448,256,0.09472,3.08501e-07,91.7391,515.497
pdb1HYS.mtx,36417,36417,4344765,coo seg,970,448,320,0.0965632,3.08813e-07,89.988,505.657
pdb1HYS.mtx,36417,36417,4344765,coo seg,809,448,384,0.093696,3.08184e-07,92.7417,521.131
pdb1HYS.mtx,36417,36417,4344765,coo seg,693,448,448,0.101274,3.07732e-07,85.8025,482.138
pdb1HYS.mtx,36417,36417,4344765,coo seg,607,448,512,0.0940032,3.07563e-07,92.4387,519.428
pdb1HYS.mtx,36417,36417,4344765,coo seg,539,448,576,0.0984064,3.0741e-07,88.3025,496.186
pdb1HYS.mtx,36417,36417,4344765,coo seg,485,448,640,0.105574,3.07776e-07,82.3072,462.497
pdb1HYS.mtx,36417,36417,4344765,coo seg,441,448,704,0.0922624,3.07233e-07,94.1828,529.228
pdb1HYS.mtx,36417,36417,4344765,coo seg,405,448,768,0.0963584,3.06993e-07,90.1793,506.732
pdb1HYS.mtx,36417,36417,4344765,coo seg,374,448,832,0.100557,3.07629e-07,86.4141,485.575
pdb1HYS.mtx,36417,36417,4344765,coo seg,347,448,896,0.101888,3.07178e-07,85.2851,479.231
pdb1HYS.mtx,36417,36417,4344765,coo seg,324,448,960,0.105472,3.06038e-07,82.3871,462.946
pdb1HYS.mtx,36417,36417,4344765,coo seg,304,448,1024,0.110285,3.07013e-07,78.7917,442.743
pdb1HYS.mtx,36417,36417,4344765,coo flat,9052,480,0,1.00854,3.46631e-07,8.61597,48.4145
pdb1HYS.mtx,36417,36417,4344765,csr scalar,76,480,0,0.148173,1.34863e-07,58.6446,221.215
pdb1HYS.mtx,36417,36417,4344765,csr vector,2428,480,0,0.096256,3.12417e-07,90.2752,340.53
pdb1HYS.mtx,36417,36417,4344765,coo seg,4526,480,64,0.105574,3.13293e-07,82.3072,462.497
pdb1HYS.mtx,36417,36417,4344765,coo seg,2263,480,128,0.0953344,3.1107e-07,91.1479,512.175
pdb1HYS.mtx,36417,36417,4344765,coo seg,1509,480,192,0.0930816,3.10194e-07,93.3539,524.571
pdb1HYS.mtx,36417,36417,4344765,coo seg,1132,480,256,0.0940032,3.08501e-07,92.4387,519.428
pdb1HYS.mtx,36417,36417,4344765,coo seg,906,480,320,0.0963584,3.08813e-07,90.1793,506.732
pdb1HYS.mtx,36417,36417,4344765,coo seg,755,480,384,0.0933888,3.08184e-07,93.0468,522.845
pdb1HYS.mtx,36417,36417,4344765,coo seg,647,480,448,0.0918528,3.07732e-07,94.6028,531.588
pdb1HYS.mtx,36417,36417,4344765,coo seg,566,480,512,0.094208,3.07563e-07,92.2377,518.298
pdb1HYS.mtx,36417,36417,4344765,coo seg,503,480,576,0.100147,3.0741e-07,86.7676,487.561
pdb1HYS.mtx,36417,36417,4344765,coo seg,453,480,640,0.104346,3.07776e-07,83.2764,467.944
pdb1HYS.mtx,36417,36417,4344765,coo seg,412,480,704,0.0935936,3.07233e-07,92.8432,521.701
pdb1HYS.mtx,36417,36417,4344765,coo seg,378,480,768,0.0954368,3.06993e-07,91.0501,511.625
pdb1HYS.mtx,36417,36417,4344765,coo seg,349,480,832,0.100762,3.07629e-07,86.2385,484.588
pdb1HYS.mtx,36417,36417,4344765,coo seg,324,480,896,0.103117,3.07178e-07,84.2688,473.52
pdb1HYS.mtx,36417,36417,4344765,coo seg,302,480,960,0.106394,3.06038e-07,81.6734,458.936
pdb1HYS.mtx,36417,36417,4344765,coo seg,283,480,1024,0.109978,3.07013e-07,79.0118,443.98
pdb1HYS.mtx,36417,36417,4344765,coo flat,8486,512,0,0.985805,3.45441e-07,8.81466,49.531
pdb1HYS.mtx,36417,36417,4344765,csr scalar,72,512,0,0.145101,1.34863e-07,59.8862,225.898
pdb1HYS.mtx,36417,36417,4344765,csr vector,2277,512,0,0.0925696,3.12417e-07,93.8702,354.091
pdb1HYS.mtx,36417,36417,4344765,coo seg,4243,512,64,0.10199,3.13506e-07,85.1995,478.75
pdb1HYS.mtx,36417,36417,4344765,coo seg,2122,512,128,0.0930816,3.11054e-07,93.3539,524.57
pdb1HYS.mtx,36417,36417,4344765,coo seg,1415,512,192,0.0917504,3.10194e-07,94.7084,532.181
pdb1HYS.mtx,36417,36417,4344765,coo seg,1061,512,256,0.0897024,3.08501e-07,96.8706,544.332
pdb1HYS.mtx,36417,36417,4344765,coo seg,849,512,320,0.091136,3.08813e-07,95.3468,535.769
pdb1HYS.mtx,36417,36417,4344765,coo seg,708,512,384,0.094208,3.08184e-07,92.2377,518.298
pdb1HYS.mtx,36417,36417,4344765,coo seg,607,512,448,0.0909312,3.07732e-07,95.5616,536.976
pdb1HYS.mtx,36417,36417,4344765,coo seg,531,512,512,0.0929792,3.07563e-07,93.4567,525.148
pdb1HYS.mtx,36417,36417,4344765,coo seg,472,512,576,0.100659,3.0741e-07,86.3262,485.081
pdb1HYS.mtx,36417,36417,4344765,coo seg,425,512,640,0.0903168,3.07776e-07,96.2117,540.629
pdb1HYS.mtx,36417,36417,4344765,coo seg,386,512,704,0.0943104,3.07233e-07,92.1376,517.736
pdb1HYS.mtx,36417,36417,4344765,coo seg,354,512,768,0.0958464,3.06993e-07,90.661,509.439
pdb1HYS.mtx,36417,36417,4344765,coo seg,327,512,832,0.100557,3.07629e-07,86.4142,485.575
pdb1HYS.mtx,36417,36417,4344765,coo seg,304,512,896,0.102502,3.07178e-07,84.7739,476.358
pdb1HYS.mtx,36417,36417,4344765,coo seg,283,512,960,0.107418,3.06038e-07,80.8948,454.561
pdb1HYS.mtx,36417,36417,4344765,coo seg,266,512,1024,0.110285,3.07013e-07,78.7917,442.743
pdb1HYS.mtx,36417,36417,4344765,coo flat,7987,544,0,1.06875,3.36904e-07,8.13056,45.6869
pdb1HYS.mtx,36417,36417,4344765,csr scalar,67,544,0,0.157696,1.34863e-07,55.103,207.856
pdb1HYS.mtx,36417,36417,4344765,csr vector,2143,544,0,0.103936,3.12417e-07,83.6046,315.367
pdb1HYS.mtx,36417,36417,4344765,coo seg,3994,544,64,0.114688,3.13456e-07,75.7667,425.745
pdb1HYS.mtx,36417,36417,4344765,coo seg,1997,544,128,0.103322,3.11029e-07,84.1018,472.581
pdb1HYS.mtx,36417,36417,4344765,coo seg,1332,544,192,0.0999424,3.10194e-07,86.9454,488.56
pdb1HYS.mtx,36417,36417,4344765,coo seg,999,544,256,0.0975872,3.08501e-07,89.0437,500.351
pdb1HYS.mtx,36417,36417,4344765,coo seg,799,544,320,0.0990208,3.08813e-07,87.7546,493.107
pdb1HYS.mtx,36417,36417,4344765,coo seg,666,544,384,0.0963584,3.08184e-07,90.1793,506.732
pdb1HYS.mtx,36417,36417,4344765,coo seg,571,544,448,0.101478,3.07732e-07,85.6294,481.165
pdb1HYS.mtx,36417,36417,4344765,coo seg,500,544,512,0.0951296,3.07563e-07,91.3441,513.277
pdb1HYS.mtx,36417,36417,4344765,coo seg,444,544,576,0.0986112,3.0741e-07,88.1191,495.155
pdb1HYS.mtx,36417,36417,4344765,coo seg,400,544,640,0.10496,3.07776e-07,82.789,465.204
pdb1HYS.mtx,36417,36417,4344765,coo seg,364,544,704,0.112333,3.07233e-07,77.3552,434.671
pdb1HYS.mtx,36417,36417,4344765,coo seg,333,544,768,0.0954368,3.06993e-07,91.0501,511.625
pdb1HYS.mtx,36417,36417,4344765,coo seg,308,544,832,0.101171,3.07629e-07,85.8894,482.626
pdb1HYS.mtx,36417,36417,4344765,coo seg,286,544,896,0.104038,3.07178e-07,83.5223,469.325
pdb1HYS.mtx,36417,36417,4344765,coo seg,267,544,960,0.104346,3.06038e-07,83.2764,467.944
pdb1HYS.mtx,36417,36417,4344765,coo seg,250,544,1024,0.107622,3.07013e-07,80.7409,453.696
pdb1HYS.mtx,36417,36417,4344765,coo flat,7543,576,0,1.06803,3.37123e-07,8.13602,45.7176
pdb1HYS.mtx,36417,36417,4344765,csr scalar,64,576,0,0.170189,1.34863e-07,51.0582,192.598
pdb1HYS.mtx,36417,36417,4344765,csr vector,2024,576,0,0.101069,3.12417e-07,85.9764,324.314
pdb1HYS.mtx,36417,36417,4344765,coo seg,3772,576,64,0.111104,3.13575e-07,78.2108,439.479
pdb1HYS.mtx,36417,36417,4344765,coo seg,1886,576,128,0.101376,3.11012e-07,85.7159,481.651
pdb1HYS.mtx,36417,36417,4344765,coo seg,1258,576,192,0.0985088,3.10194e-07,88.2107,495.67
pdb1HYS.mtx,36417,36417,4344765,coo seg,943,576,256,0.0958464,3.08501e-07,90.661,509.439
pdb1HYS.mtx,36417,36417,4344765,coo seg,755,576,320,0.0970752,3.08813e-07,89.5134,502.99
pdb1HYS.mtx,36417,36417,4344765,coo seg,629,576,384,0.0968704,3.08184e-07,89.7026,504.053
pdb1HYS.mtx,36417,36417,4344765,coo seg,539,576,448,0.10199,3.07732e-07,85.1995,478.75
pdb1HYS.mtx,36417,36417,4344765,coo seg,472,576,512,0.0963584,3.07563e-07,90.1793,506.732
pdb1HYS.mtx,36417,36417,4344765,coo seg,420,576,576,0.0991232,3.0741e-07,87.6639,492.598
pdb1HYS.mtx,36417,36417,4344765,coo seg,378,576,640,0.106086,3.07776e-07,81.9099,460.265
pdb1HYS.mtx,36417,36417,4344765,coo seg,343,576,704,0.110592,3.07233e-07,78.5729,441.513
pdb1HYS.mtx,36417,36417,4344765,coo seg,315,576,768,0.0969728,3.06993e-07,89.6079,503.521
pdb1HYS.mtx,36417,36417,4344765,coo seg,291,576,832,0.1024,3.07629e-07,84.8587,476.835
pdb1HYS.mtx,36417,36417,4344765,coo seg,270,576,896,0.100352,3.07178e-07,86.5905,486.566
pdb1HYS.mtx,36417,36417,4344765,coo seg,252,576,960,0.105062,3.06038e-07,82.7083,464.751
pdb1HYS.mtx,36417,36417,4344765,coo seg,236,576,1024,0.109466,3.07013e-07,79.3814,446.057
pdb1HYS.mtx,36417,36417,4344765,coo flat,7146,608,0,1.04909,3.41014e-07,8.28294,46.5432
pdb1HYS.mtx,36417,36417,4344765,csr scalar,60,608,0,0.159232,1.34863e-07,54.5715,205.851
pdb1HYS.mtx,36417,36417,4344765,csr vector,1917,608,0,0.100454,3.12417e-07,86.5022,326.297
pdb1HYS.mtx,36417,36417,4344765,coo seg,3573,608,64,0.109056,3.13404e-07,79.6795,447.732
pdb1HYS.mtx,36417,36417,4344765,coo seg,1787,608,128,0.0990208,3.11081e-07,87.7546,493.107
pdb1HYS.mtx,36417,36417,4344765,coo seg,1191,608,192,0.09728,3.10194e-07,89.3249,501.931
pdb1HYS.mtx,36417,36417,4344765,coo seg,894,608,256,0.0956416,3.08501e-07,90.8551,510.529
pdb1HYS.mtx,36417,36417,4344765,coo seg,715,608,320,0.09728,3.08813e-07,89.3249,501.931
pdb1HYS.mtx,36417,36417,4344765,coo seg,596,608,384,0.0943104,3.08184e-07,92.1376,517.736
pdb1HYS.mtx,36417,36417,4344765,coo seg,511,608,448,0.101581,3.07732e-07,85.543,480.68
pdb1HYS.mtx,36417,36417,4344765,coo seg,447,608,512,0.0937984,3.07563e-07,92.6405,520.562
pdb1HYS.mtx,36417,36417,4344765,coo seg,397,608,576,0.10025,3.0741e-07,86.6789,487.063
pdb1HYS.mtx,36417,36417,4344765,coo seg,358,608,640,0.105472,3.07776e-07,82.3871,462.946
pdb1HYS.mtx,36417,36417,4344765,coo seg,325,608,704,0.0933888,3.07233e-07,93.0468,522.845
pdb1HYS.mtx,36417,36417,4344765,coo seg,298,608,768,0.0986112,3.06993e-07,88.1191,495.155
pdb1HYS.mtx,36417,36417,4344765,coo seg,275,608,832,0.098304,3.07629e-07,88.3945,496.703
pdb1HYS.mtx,36417,36417,4344765,coo seg,256,608,896,0.101683,3.07178e-07,85.4569,480.196
pdb1HYS.mtx,36417,36417,4344765,coo seg,239,608,960,0.106291,3.06038e-07,81.7521,459.378
pdb1HYS.mtx,36417,36417,4344765,coo seg,224,608,1024,0.111104,3.07013e-07,78.2108,439.479
pdb1HYS.mtx,36417,36417,4344765,coo flat,6789,640,0,1.03004,3.43426e-07,8.4361,47.4038
pdb1HYS.mtx,36417,36417,4344765,csr scalar,57,640,0,0.147968,1.34863e-07,58.7257,221.521
pdb1HYS.mtx,36417,36417,4344765,csr vector,1821,640,0,0.0976896,3.12417e-07,88.9504,335.532
pdb1HYS.mtx,36417,36417,4344765,coo seg,3395,640,64,0.105984,3.1348e-07,81.9891,460.71
pdb1HYS.mtx,36417,36417,4344765,coo seg,1698,640,128,0.09728,3.11069e-07,89.3249,501.931
pdb1HYS.mtx,36417,36417,4344765,coo seg,1132,640,192,0.09472,3.10194e-07,91.7391,515.497
pdb1HYS.mtx,36417,36417,4344765,coo seg,849,640,256,0.0945152,3.08501e-07,91.9379,516.614
pdb1HYS.mtx,36417,36417,4344765,coo seg,679,640,320,0.096768,3.08813e-07,89.7975,504.587
pdb1HYS.mtx,36417,36417,4344765,coo seg,566,640,384,0.0945152,3.08184e-07,91.9379,516.614
pdb1HYS.mtx,36417,36417,4344765,coo seg,485,640,448,0.092672,3.07732e-07,93.7665,526.889
pdb1HYS.mtx,36417,36417,4344765,coo seg,425,640,512,0.0935936,3.07563e-07,92.8432,521.701
pdb1HYS.mtx,36417,36417,4344765,coo seg,378,640,576,0.10025,3.0741e-07,86.6789,487.063
pdb1HYS.mtx,36417,36417,4344765,coo seg,340,640,640,0.105574,3.07776e-07,82.3072,462.497
pdb1HYS.mtx,36417,36417,4344765,coo seg,309,640,704,0.0944128,3.07233e-07,92.0376,517.174
pdb1HYS.mtx,36417,36417,4344765,coo seg,283,640,768,0.0986112,3.06993e-07,88.1191,495.155
pdb1HYS.mtx,36417,36417,4344765,coo seg,262,640,832,0.0991232,3.07629e-07,87.6639,492.598
pdb1HYS.mtx,36417,36417,4344765,coo seg,243,640,896,0.1024,3.07178e-07,84.8587,476.835
pdb1HYS.mtx,36417,36417,4344765,coo seg,227,640,960,0.107213,3.06038e-07,81.0494,455.429
pdb1HYS.mtx,36417,36417,4344765,coo seg,213,640,1024,0.11008,3.07013e-07,78.9383,443.567
pdb1HYS.mtx,36417,36417,4344765,coo flat,6466,672,0,0.998707,3.47303e-07,8.70078,48.8911
pdb1HYS.mtx,36417,36417,4344765,csr scalar,55,672,0,0.114278,1.34863e-07,76.0383,286.826
pdb1HYS.mtx,36417,36417,4344765,csr vector,1735,672,0,0.0973824,3.12417e-07,89.231,336.591
pdb1HYS.mtx,36417,36417,4344765,coo seg,3233,672,64,0.104653,3.1363e-07,83.032,466.57
pdb1HYS.mtx,36417,36417,4344765,coo seg,1617,672,128,0.0956416,3.11046e-07,90.8551,510.529
pdb1HYS.mtx,36417,36417,4344765,coo seg,1078,672,192,0.0933888,3.10194e-07,93.0468,522.845
pdb1HYS.mtx,36417,36417,4344765,coo seg,809,672,256,0.0915456,3.08501e-07,94.9202,533.372
pdb1HYS.mtx,36417,36417,4344765,coo seg,647,672,320,0.0918528,3.08813e-07,94.6028,531.588
pdb1HYS.mtx,36417,36417,4344765,coo seg,539,672,384,0.0939008,3.08184e-07,92.5395,519.994
pdb1HYS.mtx,36417,36417,4344765,coo seg,462,672,448,0.093696,3.07732e-07,92.7417,521.131
pdb1HYS.mtx,36417,36417,4344765,coo seg,405,672,512,0.0948224,3.07563e-07,91.64,514.94
pdb1HYS.mtx,36417,36417,4344765,coo seg,360,672,576,0.100454,3.0741e-07,86.5022,486.07
pdb1HYS.mtx,36417,36417,4344765,coo seg,324,672,640,0.0907264,3.07776e-07,95.7773,538.188
pdb1HYS.mtx,36417,36417,4344765,coo seg,294,672,704,0.0958464,3.07233e-07,90.661,509.439
pdb1HYS.mtx,36417,36417,4344765,coo seg,270,672,768,0.0945152,3.06993e-07,91.9379,516.614
pdb1HYS.mtx,36417,36417,4344765,coo seg,249,672,832,0.101171,3.07629e-07,85.8894,482.626
pdb1HYS.mtx,36417,36417,4344765,coo seg,231,672,896,0.104243,3.07178e-07,83.3582,468.403
pdb1HYS.mtx,36417,36417,4344765,coo seg,216,672,960,0.109773,3.06038e-07,79.1592,444.808
pdb1HYS.mtx,36417,36417,4344765,coo seg,203,672,1024,0.113152,3.07013e-07,76.7952,431.524
pdb1HYS.mtx,36417,36417,4344765,coo flat,6172,704,0,1.09957,3.21608e-07,7.90265,44.4063
pdb1HYS.mtx,36417,36417,4344765,csr scalar,52,704,0,0.116838,1.34863e-07,74.3722,280.541
pdb1HYS.mtx,36417,36417,4344765,csr vector,1656,704,0,0.112538,3.12417e-07,77.2145,291.263
pdb1HYS.mtx,36417,36417,4344765,coo seg,3086,704,64,0.127693,3.134e-07,68.0503,382.385
pdb1HYS.mtx,36417,36417,4344765,coo seg,1543,704,128,0.113357,3.11046e-07,76.6564,430.745
pdb1HYS.mtx,36417,36417,4344765,coo seg,1029,704,192,0.111206,3.10194e-07,78.1388,439.074
pdb1HYS.mtx,36417,36417,4344765,coo seg,772,704,256,0.105882,3.08501e-07,82.0684,461.155
pdb1HYS.mtx,36417,36417,4344765,coo seg,618,704,320,0.108134,3.08813e-07,80.3586,451.548
pdb1HYS.mtx,36417,36417,4344765,coo seg,515,704,384,0.106598,3.08184e-07,81.5165,458.054
pdb1HYS.mtx,36417,36417,4344765,coo seg,441,704,448,0.102912,3.07732e-07,84.4365,474.462
pdb1HYS.mtx,36417,36417,4344765,coo seg,386,704,512,0.10967,3.07563e-07,79.2331,445.224
pdb1HYS.mtx,36417,36417,4344765,coo seg,343,704,576,0.117862,3.0741e-07,73.7261,414.278
pdb1HYS.mtx,36417,36417,4344765,coo seg,309,704,640,0.105677,3.07776e-07,82.2274,462.049
pdb1HYS.mtx,36417,36417,4344765,coo seg,281,704,704,0.112742,3.07233e-07,77.0742,433.092
pdb1HYS.mtx,36417,36417,4344765,coo seg,258,704,768,0.120422,3.06993e-07,72.1587,405.472
pdb1HYS.mtx,36417,36417,4344765,coo seg,238,704,832,0.125645,3.07629e-07,69.1595,388.618
pdb1HYS.mtx,36417,36417,4344765,coo seg,221,704,896,0.101376,3.07178e-07,85.7159,481.651
pdb1HYS.mtx,36417,36417,4344765,coo seg,206,704,960,0.105677,3.06038e-07,82.2274,462.049
pdb1HYS.mtx,36417,36417,4344765,coo seg,193,704,1024,0.109158,3.07013e-07,79.6048,447.312
pdb1HYS.mtx,36417,36417,4344765,coo flat,5904,736,0,1.10377,3.1972e-07,7.87259,44.2374
pdb1HYS.mtx,36417,36417,4344765,csr scalar,50,736,0,0.125133,1.34863e-07,69.4425,261.946
pdb1HYS.mtx,36417,36417,4344765,csr vector,1584,736,0,0.111616,3.12417e-07,77.852,293.668
pdb1HYS.mtx,36417,36417,4344765,coo seg,2952,736,64,0.124314,3.13544e-07,69.9001,392.78
pdb1HYS.mtx,36417,36417,4344765,coo seg,1476,736,128,0.111411,3.11032e-07,77.9951,438.267
pdb1HYS.mtx,36417,36417,4344765,coo seg,984,736,192,0.10752,3.10194e-07,80.8178,454.128
pdb1HYS.mtx,36417,36417,4344765,coo seg,738,736,256,0.106086,3.08501e-07,81.9099,460.265
pdb1HYS.mtx,36417,36417,4344765,coo seg,591,736,320,0.107315,3.08813e-07,80.972,454.995
pdb1HYS.mtx,36417,36417,4344765,coo seg,492,736,384,0.105882,3.08184e-07,82.0684,461.155
pdb1HYS.mtx,36417,36417,4344765,coo seg,422,736,448,0.104141,3.07732e-07,83.4402,468.864
pdb1HYS.mtx,36417,36417,4344765,coo seg,369,736,512,0.108954,3.07563e-07,79.7544,448.153
pdb1HYS.mtx,36417,36417,4344765,coo seg,328,736,576,0.101376,3.0741e-07,85.7159,481.651
pdb1HYS.mtx,36417,36417,4344765,coo seg,296,736,640,0.107725,3.07776e-07,80.6641,453.265
pdb1HYS.mtx,36417,36417,4344765,coo seg,269,736,704,0.111411,3.07233e-07,77.9951,438.267
pdb1HYS.mtx,36417,36417,4344765,coo seg,246,736,768,0.118067,3.06993e-07,73.5982,413.56
pdb1HYS.mtx,36417,36417,4344765,coo seg,228,736,832,0.125338,3.07629e-07,69.329,389.571
pdb1HYS.mtx,36417,36417,4344765,coo seg,211,736,896,0.103629,3.07178e-07,83.8525,471.18
pdb1HYS.mtx,36417,36417,4344765,coo seg,197,736,960,0.108032,3.06038e-07,80.4348,451.976
pdb1HYS.mtx,36417,36417,4344765,coo seg,185,736,1024,0.111718,3.07013e-07,77.7806,437.062
pdb1HYS.mtx,36417,36417,4344765,coo flat,5658,768,0,1.09435,3.24134e-07,7.94037,44.6182
pdb1HYS.mtx,36417,36417,4344765,csr scalar,48,768,0,0.125338,1.34863e-07,69.329,261.518
pdb1HYS.mtx,36417,36417,4344765,csr vector,1518,768,0,0.108032,3.12417e-07,80.4348,303.41
pdb1HYS.mtx,36417,36417,4344765,coo seg,2829,768,64,0.121242,3.13564e-07,71.6712,402.732
pdb1HYS.mtx,36417,36417,4344765,coo seg,1415,768,128,0.109158,3.11016e-07,79.6048,447.312
pdb1HYS.mtx,36417,36417,4344765,coo seg,943,768,192,0.10537,3.10194e-07,82.4671,463.396
pdb1HYS.mtx,36417,36417,4344765,coo seg,708,768,256,0.104448,3.08501e-07,83.1948,467.485
pdb1HYS.mtx,36417,36417,4344765,coo seg,566,768,320,0.106906,3.08813e-07,81.2823,456.738
pdb1HYS.mtx,36417,36417,4344765,coo seg,472,768,384,0.105984,3.08184e-07,81.9891,460.71
pdb1HYS.mtx,36417,36417,4344765,coo seg,405,768,448,0.104755,3.07732e-07,82.9508,466.114
pdb1HYS.mtx,36417,36417,4344765,coo seg,354,768,512,0.108544,3.07563e-07,80.0554,449.844
pdb1HYS.mtx,36417,36417,4344765,coo seg,315,768,576,0.101581,3.0741e-07,85.543,480.68
pdb1HYS.mtx,36417,36417,4344765,coo seg,283,768,640,0.107622,3.07776e-07,80.7409,453.696
pdb1HYS.mtx,36417,36417,4344765,coo seg,258,768,704,0.110899,3.07233e-07,78.3552,440.29
pdb1HYS.mtx,36417,36417,4344765,coo seg,236,768,768,0.118067,3.06993e-07,73.5982,413.56
pdb1HYS.mtx,36417,36417,4344765,coo seg,218,768,832,0.100045,3.07629e-07,86.8564,488.06
pdb1HYS.mtx,36417,36417,4344765,coo seg,203,768,896,0.104141,3.07178e-07,83.4402,468.864
pdb1HYS.mtx,36417,36417,4344765,coo seg,189,768,960,0.108339,3.06038e-07,80.2067,450.694
pdb1HYS.mtx,36417,36417,4344765,coo seg,177,768,1024,0.112333,3.07013e-07,77.3552,434.671
pdb1HYS.mtx,36417,36417,4344765,coo flat,5431,800,0,1.09599,3.26446e-07,7.9285,44.5515
pdb1HYS.mtx,36417,36417,4344765,csr scalar,46,800,0,0.135066,1.34863e-07,64.3356,242.682
pdb1HYS.mtx,36417,36417,4344765,csr vector,1457,800,0,0.107622,3.12417e-07,80.7409,304.565
pdb1HYS.mtx,36417,36417,4344765,coo seg,2716,800,64,0.119296,3.1358e-07,72.8401,409.3
pdb1HYS.mtx,36417,36417,4344765,coo seg,1358,800,128,0.107213,3.10991e-07,81.0494,455.429
pdb1HYS.mtx,36417,36417,4344765,coo seg,906,800,192,0.104653,3.10194e-07,83.032,466.57
pdb1HYS.mtx,36417,36417,4344765,coo seg,679,800,256,0.103936,3.08501e-07,83.6046,469.788
pdb1HYS.mtx,36417,36417,4344765,coo seg,544,800,320,0.100966,3.08813e-07,86.0636,483.605
pdb1HYS.mtx,36417,36417,4344765,coo seg,453,800,384,0.105779,3.08184e-07,82.1478,461.602
pdb1HYS.mtx,36417,36417,4344765,coo seg,388,800,448,0.101786,3.07732e-07,85.3709,479.713
pdb1HYS.mtx,36417,36417,4344765,coo seg,340,800,512,0.108749,3.07563e-07,79.9046,448.997
pdb1HYS.mtx,36417,36417,4344765,coo seg,302,800,576,0.103322,3.0741e-07,84.1018,472.581
pdb1HYS.mtx,36417,36417,4344765,coo seg,272,800,640,0.104755,3.07776e-07,82.9508,466.114
pdb1HYS.mtx,36417,36417,4344765,coo seg,247,800,704,0.112026,3.07233e-07,77.5674,435.863
pdb1HYS.mtx,36417,36417,4344765,coo seg,227,800,768,0.118067,3.06993e-07,73.5982,413.56
pdb1HYS.mtx,36417,36417,4344765,coo seg,209,800,832,0.101581,3.07629e-07,85.543,480.68
pdb1HYS.mtx,36417,36417,4344765,coo seg,194,800,896,0.106189,3.07178e-07,81.831,459.821
pdb1HYS.mtx,36417,36417,4344765,coo seg,182,800,960,0.110694,3.06038e-07,78.5002,441.105
pdb1HYS.mtx,36417,36417,4344765,coo seg,170,800,1024,0.113254,3.07013e-07,76.7258,431.134
pdb1HYS.mtx,36417,36417,4344765,coo flat,5223,832,0,1.08063,3.22296e-07,8.04119,45.1847
pdb1HYS.mtx,36417,36417,4344765,csr scalar,44,832,0,0.147149,1.34863e-07,59.0527,222.754
pdb1HYS.mtx,36417,36417,4344765,csr vector,1401,832,0,0.105472,3.12417e-07,82.3871,310.775
pdb1HYS.mtx,36417,36417,4344765,coo seg,2612,832,64,0.116736,3.13502e-07,74.4374,418.276
pdb1HYS.mtx,36417,36417,4344765,coo seg,1306,832,128,0.105779,3.11042e-07,82.1478,461.602
pdb1HYS.mtx,36417,36417,4344765,coo seg,871,832,192,0.102093,3.10194e-07,85.114,478.269
pdb1HYS.mtx,36417,36417,4344765,coo seg,653,832,256,0.0999424,3.08501e-07,86.9454,488.56
pdb1HYS.mtx,36417,36417,4344765,coo seg,523,832,320,0.101376,3.08813e-07,85.7159,481.651
pdb1HYS.mtx,36417,36417,4344765,coo seg,436,832,384,0.0975872,3.08184e-07,89.0437,500.351
pdb1HYS.mtx,36417,36417,4344765,coo seg,374,832,448,0.103219,3.07732e-07,84.1852,473.05
pdb1HYS.mtx,36417,36417,4344765,coo seg,327,832,512,0.0958464,3.07563e-07,90.661,509.439
pdb1HYS.mtx,36417,36417,4344765,coo seg,291,832,576,0.103936,3.0741e-07,83.6046,469.788
pdb1HYS.mtx,36417,36417,4344765,coo seg,262,832,640,0.105267,3.07776e-07,82.5474,463.847
pdb1HYS.mtx,36417,36417,4344765,coo seg,238,832,704,0.113152,3.07233e-07,76.7952,431.524
pdb1HYS.mtx,36417,36417,4344765,coo seg,218,832,768,0.0960512,3.06993e-07,90.4677,508.352
pdb1HYS.mtx,36417,36417,4344765,coo seg,201,832,832,0.1024,3.07629e-07,84.8587,476.835
pdb1HYS.mtx,36417,36417,4344765,coo seg,187,832,896,0.106291,3.07178e-07,81.7521,459.378
pdb1HYS.mtx,36417,36417,4344765,coo seg,175,832,960,0.11049,3.06038e-07,78.6457,441.923
pdb1HYS.mtx,36417,36417,4344765,coo seg,164,832,1024,0.107725,3.07013e-07,80.6641,453.265
pdb1HYS.mtx,36417,36417,4344765,coo flat,5029,864,0,1.0625,3.24832e-07,8.17836,45.9555
pdb1HYS.mtx,36417,36417,4344765,csr scalar,43,864,0,0.147866,1.34863e-07,58.7664,221.674
pdb1HYS.mtx,36417,36417,4344765,csr vector,1349,864,0,0.105062,3.12417e-07,82.7083,311.986
pdb1HYS.mtx,36417,36417,4344765,coo seg,2515,864,64,0.114483,3.13659e-07,75.9022,426.507
pdb1HYS.mtx,36417,36417,4344765,coo seg,1258,864,128,0.104141,3.10987e-07,83.4402,468.864
pdb1HYS.mtx,36417,36417,4344765,coo seg,839,864,192,0.10025,3.10194e-07,86.6789,487.063
pdb1HYS.mtx,36417,36417,4344765,coo seg,629,864,256,0.0997376,3.08501e-07,87.1239,489.563
pdb1HYS.mtx,36417,36417,4344765,coo seg,503,864,320,0.0979968,3.08813e-07,88.6716,498.26
pdb1HYS.mtx,36417,36417,4344765,coo seg,420,864,384,0.0987136,3.08184e-07,88.0277,494.642
pdb1HYS.mtx,36417,36417,4344765,coo seg,360,864,448,0.102912,3.07732e-07,84.4365,474.462
pdb1HYS.mtx,36417,36417,4344765,coo seg,315,864,512,0.0974848,3.07563e-07,89.1373,500.877
pdb1HYS.mtx,36417,36417,4344765,coo seg,280,864,576,0.098816,3.0741e-07,87.9365,494.129
pdb1HYS.mtx,36417,36417,4344765,coo seg,252,864,640,0.105984,3.07776e-07,81.9891,460.71
pdb1HYS.mtx,36417,36417,4344765,coo seg,229,864,704,0.113562,3.07233e-07,76.5182,429.968
pdb1HYS.mtx,36417,36417,4344765,coo seg,210,864,768,0.0975872,3.06993e-07,89.0437,500.351
pdb1HYS.mtx,36417,36417,4344765,coo seg,194,864,832,0.103834,3.07629e-07,83.6871,470.251
pdb1HYS.mtx,36417,36417,4344765,coo seg,180,864,896,0.108646,3.07178e-07,79.9799,449.42
pdb1HYS.mtx,36417,36417,4344765,coo seg,168,864,960,0.106803,3.06038e-07,81.3602,457.176
pdb1HYS.mtx,36417,36417,4344765,coo seg,158,864,1024,0.107622,3.07013e-07,80.7409,453.696
pdb1HYS.mtx,36417,36417,4344765,coo flat,4850,896,0,1.0497,3.30787e-07,8.27809,46.5159
pdb1HYS.mtx,36417,36417,4344765,csr scalar,41,896,0,0.152883,1.34863e-07,56.8377,214.399
pdb1HYS.mtx,36417,36417,4344765,csr vector,1301,896,0,0.102298,3.12417e-07,84.9436,320.418
pdb1HYS.mtx,36417,36417,4344765,coo seg,2425,896,64,0.112947,3.13586e-07,76.9344,432.307
pdb1HYS.mtx,36417,36417,4344765,coo seg,1213,896,128,0.102298,3.11023e-07,84.9436,477.312
pdb1HYS.mtx,36417,36417,4344765,coo seg,809,896,192,0.0997376,3.10194e-07,87.1239,489.563
pdb1HYS.mtx,36417,36417,4344765,coo seg,607,896,256,0.0969728,3.08501e-07,89.6079,503.521
pdb1HYS.mtx,36417,36417,4344765,coo seg,485,896,320,0.0984064,3.08813e-07,88.3025,496.186
pdb1HYS.mtx,36417,36417,4344765,coo seg,405,896,384,0.0995328,3.08184e-07,87.3032,490.571
pdb1HYS.mtx,36417,36417,4344765,coo seg,347,896,448,0.103731,3.07732e-07,83.7697,470.715
pdb1HYS.mtx,36417,36417,4344765,coo seg,304,896,512,0.0979968,3.07563e-07,88.6716,498.26
pdb1HYS.mtx,36417,36417,4344765,coo seg,270,896,576,0.0995328,3.0741e-07,87.3032,490.571
pdb1HYS.mtx,36417,36417,4344765,coo seg,243,896,640,0.106906,3.07776e-07,81.2823,456.738
pdb1HYS.mtx,36417,36417,4344765,coo seg,221,896,704,0.0933888,3.07233e-07,93.0468,522.845
pdb1HYS.mtx,36417,36417,4344765,coo seg,203,896,768,0.098304,3.06993e-07,88.3945,496.703
pdb1HYS.mtx,36417,36417,4344765,coo seg,187,896,832,0.104448,3.07629e-07,83.1948,467.485
pdb1HYS.mtx,36417,36417,4344765,coo seg,174,896,896,0.109158,3.07178e-07,79.6048,447.312
pdb1HYS.mtx,36417,36417,4344765,coo seg,162,896,960,0.104448,3.06038e-07,83.1948,467.485
pdb1HYS.mtx,36417,36417,4344765,coo seg,152,896,1024,0.108339,3.07013e-07,80.2067,450.694
pdb1HYS.mtx,36417,36417,4344765,coo flat,4682,928,0,1.0368,3.39884e-07,8.3811,47.0948
pdb1HYS.mtx,36417,36417,4344765,csr scalar,40,928,0,0.159027,1.34863e-07,54.6418,206.116
pdb1HYS.mtx,36417,36417,4344765,csr vector,1256,928,0,0.103117,3.12417e-07,84.2688,317.873
pdb1HYS.mtx,36417,36417,4344765,coo seg,2341,928,64,0.111104,3.13352e-07,78.2108,439.479
pdb1HYS.mtx,36417,36417,4344765,coo seg,1171,928,128,0.100762,3.11016e-07,86.2385,484.588
pdb1HYS.mtx,36417,36417,4344765,coo seg,781,928,192,0.0971776,3.10194e-07,89.4191,502.46
pdb1HYS.mtx,36417,36417,4344765,coo seg,586,928,256,0.09728,3.08501e-07,89.3249,501.931
pdb1HYS.mtx,36417,36417,4344765,coo seg,469,928,320,0.0990208,3.08813e-07,87.7546,493.107
pdb1HYS.mtx,36417,36417,4344765,coo seg,391,928,384,0.0949248,3.08184e-07,91.5412,514.385
pdb1HYS.mtx,36417,36417,4344765,coo seg,335,928,448,0.092672,3.07732e-07,93.7665,526.889
pdb1HYS.mtx,36417,36417,4344765,coo seg,293,928,512,0.0992256,3.07563e-07,87.5735,492.089
pdb1HYS.mtx,36417,36417,4344765,coo seg,261,928,576,0.100966,3.0741e-07,86.0636,483.605
pdb1HYS.mtx,36417,36417,4344765,coo seg,235,928,640,0.10793,3.07776e-07,80.5111,452.405
pdb1HYS.mtx,36417,36417,4344765,coo seg,213,928,704,0.0944128,3.07233e-07,92.0376,517.174
pdb1HYS.mtx,36417,36417,4344765,coo seg,196,928,768,0.0995328,3.06993e-07,87.3032,490.571
pdb1HYS.mtx,36417,36417,4344765,coo seg,181,928,832,0.105984,3.07629e-07,81.9891,460.71
pdb1HYS.mtx,36417,36417,4344765,coo seg,168,928,896,0.101274,3.07178e-07,85.8025,482.138
pdb1HYS.mtx,36417,36417,4344765,coo seg,157,928,960,0.106291,3.06038e-07,81.7521,459.378
pdb1HYS.mtx,36417,36417,4344765,coo seg,147,928,1024,0.109978,3.07013e-07,79.0118,443.98
pdb1HYS.mtx,36417,36417,4344765,coo flat,4526,960,0,1.01366,3.39127e-07,8.57245,48.17
pdb1HYS.mtx,36417,36417,4344765,csr scalar,38,960,0,0.16896,1.34863e-07,51.4295,193.999
pdb1HYS.mtx,36417,36417,4344765,csr vector,1214,960,0,0.100762,3.12417e-07,86.2385,325.303
pdb1HYS.mtx,36417,36417,4344765,coo seg,2263,960,64,0.109568,3.13352e-07,79.3072,445.64
pdb1HYS.mtx,36417,36417,4344765,coo seg,1132,960,128,0.0997376,3.11065e-07,87.1239,489.563
pdb1HYS.mtx,36417,36417,4344765,coo seg,755,960,192,0.096768,3.10194e-07,89.7975,504.587
pdb1HYS.mtx,36417,36417,4344765,coo seg,566,960,256,0.0975872,3.08501e-07,89.0437,500.351
pdb1HYS.mtx,36417,36417,4344765,coo seg,453,960,320,0.0989184,3.08813e-07,87.8454,493.618
pdb1HYS.mtx,36417,36417,4344765,coo seg,378,960,384,0.0953344,3.08184e-07,91.1479,512.175
pdb1HYS.mtx,36417,36417,4344765,coo seg,324,960,448,0.0929792,3.07732e-07,93.4567,525.148
pdb1HYS.mtx,36417,36417,4344765,coo seg,283,960,512,0.0989184,3.07563e-07,87.8454,493.618
pdb1HYS.mtx,36417,36417,4344765,coo seg,252,960,576,0.102093,3.0741e-07,85.114,478.269
pdb1HYS.mtx,36417,36417,4344765,coo seg,227,960,640,0.108032,3.07776e-07,80.4348,451.976
pdb1HYS.mtx,36417,36417,4344765,coo seg,206,960,704,0.0948224,3.07233e-07,91.64,514.94
pdb1HYS.mtx,36417,36417,4344765,coo seg,189,960,768,0.10025,3.06993e-07,86.6789,487.063
pdb1HYS.mtx,36417,36417,4344765,coo seg,175,960,832,0.106701,3.07629e-07,81.4383,457.615
pdb1HYS.mtx,36417,36417,4344765,coo seg,162,960,896,0.101171,3.07178e-07,85.8894,482.626
pdb1HYS.mtx,36417,36417,4344765,coo seg,151,960,960,0.106598,3.06038e-07,81.5165,458.054
pdb1HYS.mtx,36417,36417,4344765,coo seg,142,960,1024,0.110797,3.07013e-07,78.4276,440.697
pdb1HYS.mtx,36417,36417,4344765,coo flat,4380,992,0,0.999014,3.41941e-07,8.6981,48.876
pdb1HYS.mtx,36417,36417,4344765,csr scalar,37,992,0,0.162816,1.34863e-07,53.3702,201.319
pdb1HYS.mtx,36417,36417,4344765,csr vector,1175,992,0,0.100762,3.12417e-07,86.2385,325.303
pdb1HYS.mtx,36417,36417,4344765,coo seg,2190,992,64,0.107622,3.13545e-07,80.7409,453.696
pdb1HYS.mtx,36417,36417,4344765,coo seg,1095,992,128,0.098816,3.11056e-07,87.9365,494.129
pdb1HYS.mtx,36417,36417,4344765,coo seg,730,992,192,0.096256,3.10194e-07,90.2752,507.271
pdb1HYS.mtx,36417,36417,4344765,coo seg,548,992,256,0.0925696,3.08501e-07,93.8702,527.472
pdb1HYS.mtx,36417,36417,4344765,coo seg,438,992,320,0.0928768,3.08813e-07,93.5598,525.727
pdb1HYS.mtx,36417,36417,4344765,coo seg,365,992,384,0.096256,3.08184e-07,90.2752,507.271
pdb1HYS.mtx,36417,36417,4344765,coo seg,313,992,448,0.09472,3.07732e-07,91.7391,515.497
pdb1HYS.mtx,36417,36417,4344765,coo seg,274,992,512,0.093696,3.07563e-07,92.7417,521.131
pdb1HYS.mtx,36417,36417,4344765,coo seg,244,992,576,0.103014,3.0741e-07,84.3526,473.991
pdb1HYS.mtx,36417,36417,4344765,coo seg,219,992,640,0.0902144,3.07776e-07,96.3209,541.242
pdb1HYS.mtx,36417,36417,4344765,coo seg,200,992,704,0.0964608,3.07233e-07,90.0835,506.194
pdb1HYS.mtx,36417,36417,4344765,coo seg,183,992,768,0.101888,3.06993e-07,85.2851,479.231
pdb1HYS.mtx,36417,36417,4344765,coo seg,169,992,832,0.103731,3.07629e-07,83.7697,470.715
pdb1HYS.mtx,36417,36417,4344765,coo seg,157,992,896,0.102195,3.07178e-07,85.0287,477.79
pdb1HYS.mtx,36417,36417,4344765,coo seg,146,992,960,0.107725,3.06038e-07,80.6641,453.265
pdb1HYS.mtx,36417,36417,4344765,coo seg,137,992,1024,0.112333,3.07013e-07,77.3552,434.671
pdb1HYS.mtx,36417,36417,4344765,coo flat,4243,1024,0,0.980275,3.40487e-07,8.86438,49.8104
pdb1HYS.mtx,36417,36417,4344765,csr scalar,36,1024,0,0.177869,1.34863e-07,48.8536,184.282
pdb1HYS.mtx,36417,36417,4344765,csr vector,1139,1024,0,0.098304,3.12417e-07,88.3945,333.435
pdb1HYS.mtx,36417,36417,4344765,coo seg,2122,1024,64,0.105779,3.13362e-07,82.1478,461.602
pdb1HYS.mtx,36417,36417,4344765,coo seg,1061,1024,128,0.0969728,3.11031e-07,89.6079,503.521
pdb1HYS.mtx,36417,36417,4344765,coo seg,708,1024,192,0.0948224,3.10194e-07,91.64,514.94
pdb1HYS.mtx,36417,36417,4344765,coo seg,531,1024,256,0.0928768,3.08501e-07,93.5598,525.727
pdb1HYS.mtx,36417,36417,4344765,coo seg,425,1024,320,0.093184,3.08813e-07,93.2513,523.994
pdb1HYS.mtx,36417,36417,4344765,coo seg,354,1024,384,0.0966656,3.08184e-07,89.8927,505.121
pdb1HYS.mtx,36417,36417,4344765,coo seg,304,1024,448,0.0948224,3.07732e-07,91.64,514.94
pdb1HYS.mtx,36417,36417,4344765,coo seg,266,1024,512,0.0943104,3.07563e-07,92.1376,517.736
pdb1HYS.mtx,36417,36417,4344765,coo seg,236,1024,576,0.103526,3.0741e-07,83.9354,471.646
pdb1HYS.mtx,36417,36417,4344765,coo seg,213,1024,640,0.0914432,3.07776e-07,95.0265,533.969
pdb1HYS.mtx,36417,36417,4344765,coo seg,193,1024,704,0.0976896,3.07233e-07,88.9504,499.827
pdb1HYS.mtx,36417,36417,4344765,coo seg,177,1024,768,0.10281,3.06993e-07,84.5206,474.935
pdb1HYS.mtx,36417,36417,4344765,coo seg,164,1024,832,0.0997376,3.07629e-07,87.1239,489.563
pdb1HYS.mtx,36417,36417,4344765,coo seg,152,1024,896,0.103014,3.07178e-07,84.3526,473.991
pdb1HYS.mtx,36417,36417,4344765,coo seg,142,1024,960,0.108544,3.06038e-07,80.0554,449.844
pdb1HYS.mtx,36417,36417,4344765,coo seg,133,1024,1024,0.11305,3.07013e-07,76.8647,431.915
pdb1HYS.mtx,36417,36417,4344765,CuSparse,0,0,0,0.062976,3.16551e-07,137.982,520.484
rma10.mtx,46835,46835,2374001,coo flat,74188,32,0,0.440115,8.43915e-08,10.7881,61.076
rma10.mtx,46835,46835,2374001,csr scalar,1464,32,0,0.0643072,8.53888e-08,73.8331,283.189
rma10.mtx,46835,46835,2374001,csr vector,46835,32,0,0.161382,1.50904e-07,29.4208,112.844
rma10.mtx,46835,46835,2374001,coo seg,37094,32,64,0.0946176,1.49301e-07,50.181,284.096
rma10.mtx,46835,46835,2374001,coo seg,18547,32,128,0.0842752,1.5044e-07,56.3393,318.961
rma10.mtx,46835,46835,2374001,coo seg,12365,32,192,0.0800768,1.49891e-07,59.2931,335.684
rma10.mtx,46835,46835,2374001,coo seg,9274,32,256,0.0828416,1.49802e-07,57.3142,324.48
rma10.mtx,46835,46835,2374001,coo seg,7419,32,320,0.0833536,1.49372e-07,56.9622,322.487
rma10.mtx,46835,46835,2374001,coo seg,6183,32,384,0.0820224,1.50431e-07,57.8867,327.721
rma10.mtx,46835,46835,2374001,coo seg,5300,32,448,0.0769024,1.4981e-07,61.7406,349.54
rma10.mtx,46835,46835,2374001,coo seg,4637,32,512,0.0823296,1.49708e-07,57.6707,326.498
rma10.mtx,46835,46835,2374001,coo seg,4122,32,576,0.0878592,1.5019e-07,54.041,305.949
rma10.mtx,46835,46835,2374001,coo seg,3710,32,640,0.091648,1.50084e-07,51.8069,293.301
rma10.mtx,46835,46835,2374001,coo seg,3373,32,704,0.0792576,1.50838e-07,59.906,339.153
rma10.mtx,46835,46835,2374001,coo seg,3092,32,768,0.0836608,1.50008e-07,56.753,321.303
rma10.mtx,46835,46835,2374001,coo seg,2854,32,832,0.087552,1.50513e-07,54.2306,307.023
rma10.mtx,46835,46835,2374001,coo seg,2650,32,896,0.0923648,1.50777e-07,51.4049,291.025
rma10.mtx,46835,46835,2374001,coo seg,2473,32,960,0.0953344,1.49595e-07,49.8037,281.96
rma10.mtx,46835,46835,2374001,coo seg,2319,32,1024,0.098304,1.49064e-07,48.2992,273.442
rma10.mtx,46835,46835,2374001,coo flat,37094,64,0,0.334848,9.00715e-08,14.1796,80.2767
rma10.mtx,46835,46835,2374001,csr scalar,732,64,0,0.061952,8.53888e-08,76.64,293.955
rma10.mtx,46835,46835,2374001,csr vector,23418,64,0,0.0841728,1.50904e-07,56.4078,216.354
rma10.mtx,46835,46835,2374001,coo seg,18547,64,64,0.0610304,1.49301e-07,77.7973,440.444
rma10.mtx,46835,46835,2374001,coo seg,9274,64,128,0.05632,1.5044e-07,84.304,477.281
rma10.mtx,46835,46835,2374001,coo seg,6183,64,192,0.0564224,1.49891e-07,84.151,476.415
rma10.mtx,46835,46835,2374001,coo seg,4637,64,256,0.0564224,1.49802e-07,84.151,476.415
rma10.mtx,46835,46835,2374001,coo seg,3710,64,320,0.0610304,1.49372e-07,77.7973,440.444
rma10.mtx,46835,46835,2374001,coo seg,3092,64,384,0.0572416,1.50431e-07,82.9467,469.597
rma10.mtx,46835,46835,2374001,coo seg,2650,64,448,0.060928,1.4981e-07,77.9281,441.184
rma10.mtx,46835,46835,2374001,coo seg,2319,64,512,0.0638976,1.49708e-07,74.3064,420.681
rma10.mtx,46835,46835,2374001,coo seg,2061,64,576,0.0684032,1.5019e-07,69.412,392.971
rma10.mtx,46835,46835,2374001,coo seg,1855,64,640,0.0714752,1.50084e-07,66.4287,376.081
rma10.mtx,46835,46835,2374001,coo seg,1687,64,704,0.0584704,1.50838e-07,81.2035,459.728
rma10.mtx,46835,46835,2374001,coo seg,1546,64,768,0.0602112,1.50008e-07,78.8558,446.436
rma10.mtx,46835,46835,2374001,coo seg,1427,64,832,0.0617472,1.50513e-07,76.8942,435.331
rma10.mtx,46835,46835,2374001,coo seg,1325,64,896,0.0649216,1.50777e-07,73.1344,414.045
rma10.mtx,46835,46835,2374001,coo seg,1237,64,960,0.0667648,1.49595e-07,71.1153,402.615
rma10.mtx,46835,46835,2374001,coo seg,1160,64,1024,0.0672768,1.49064e-07,70.5741,399.551
rma10.mtx,46835,46835,2374001,coo flat,24730,96,0,0.337306,8.94023e-08,14.0763,79.6918
rma10.mtx,46835,46835,2374001,csr scalar,488,96,0,0.0630784,8.53888e-08,75.2714,288.706
rma10.mtx,46835,46835,2374001,csr vector,15612,96,0,0.080384,1.50904e-07,59.0665,226.551
rma10.mtx,46835,46835,2374001,coo seg,12365,96,64,0.060928,1.49301e-07,77.9281,441.184
rma10.mtx,46835,46835,2374001,coo seg,6183,96,128,0.0560128,1.5044e-07,84.7664,479.899
rma10.mtx,46835,46835,2374001,coo seg,4122,96,192,0.0559104,1.49891e-07,84.9216,480.778
rma10.mtx,46835,46835,2374001,coo seg,3092,96,256,0.0560128,1.49802e-07,84.7664,479.899
rma10.mtx,46835,46835,2374001,coo seg,2473,96,320,0.0603136,1.49372e-07,78.7219,445.679
rma10.mtx,46835,46835,2374001,coo seg,2061,96,384,0.0570368,1.50431e-07,83.2445,471.283
rma10.mtx,46835,46835,2374001,coo seg,1767,96,448,0.0603136,1.4981e-07,78.7219,445.679
rma10.mtx,46835,46835,2374001,coo seg,1546,96,512,0.0627712,1.49708e-07,75.6398,428.229
rma10.mtx,46835,46835,2374001,coo seg,1374,96,576,0.0678912,1.5019e-07,69.9355,395.935
rma10.mtx,46835,46835,2374001,coo seg,1237,96,640,0.0714752,1.50084e-07,66.4287,376.081
rma10.mtx,46835,46835,2374001,coo seg,1125,96,704,0.0580608,1.50838e-07,81.7764,462.971
rma10.mtx,46835,46835,2374001,coo seg,1031,96,768,0.0596992,1.50008e-07,79.5321,450.265
rma10.mtx,46835,46835,2374001,coo seg,952,96,832,0.0615424,1.50513e-07,77.1501,436.78
rma10.mtx,46835,46835,2374001,coo seg,884,96,896,0.060416,1.50777e-07,78.5885,444.923
rma10.mtx,46835,46835,2374001,coo seg,825,96,960,0.0636928,1.49595e-07,74.5454,422.033
rma10.mtx,46835,46835,2374001,coo seg,773,96,1024,0.0643072,1.49064e-07,73.8331,418.001
rma10.mtx,46835,46835,2374001,coo flat,18547,128,0,0.335565,8.1819e-08,14.1493,80.1052
rma10.mtx,46835,46835,2374001,csr scalar,366,128,0,0.064512,8.53888e-08,73.5987,282.29
rma10.mtx,46835,46835,2374001,csr vector,11709,128,0,0.074752,1.50904e-07,63.5167,243.62
rma10.mtx,46835,46835,2374001,coo seg,9274,128,64,0.060416,1.49301e-07,78.5885,444.923
rma10.mtx,46835,46835,2374001,coo seg,4637,128,128,0.0562176,1.5044e-07,84.4576,478.151
rma10.mtx,46835,46835,2374001,coo seg,3092,128,192,0.055808,1.49891e-07,85.0774,481.66
rma10.mtx,46835,46835,2374001,coo seg,2319,128,256,0.0555008,1.49802e-07,85.5484,484.326
rma10.mtx,46835,46835,2374001,coo seg,1855,128,320,0.060416,1.49372e-07,78.5885,444.923
rma10.mtx,46835,46835,2374001,coo seg,1546,128,384,0.0564224,1.50431e-07,84.151,476.415
rma10.mtx,46835,46835,2374001,coo seg,1325,128,448,0.0594944,1.4981e-07,79.8059,451.815
rma10.mtx,46835,46835,2374001,coo seg,1160,128,512,0.0628736,1.49708e-07,75.5166,427.532
rma10.mtx,46835,46835,2374001,coo seg,1031,128,576,0.0676864,1.5019e-07,70.1471,397.133
rma10.mtx,46835,46835,2374001,coo seg,928,128,640,0.0703488,1.50084e-07,67.4923,382.103
rma10.mtx,46835,46835,2374001,coo seg,844,128,704,0.0592896,1.50838e-07,80.0815,453.376
rma10.mtx,46835,46835,2374001,coo seg,773,128,768,0.0580608,1.50008e-07,81.7764,462.971
rma10.mtx,46835,46835,2374001,coo seg,714,128,832,0.0608256,1.50513e-07,78.0593,441.927
rma10.mtx,46835,46835,2374001,coo seg,663,128,896,0.0598016,1.50777e-07,79.3959,449.494
rma10.mtx,46835,46835,2374001,coo seg,619,128,960,0.0615424,1.49595e-07,77.1501,436.78
rma10.mtx,46835,46835,2374001,coo seg,580,128,1024,0.0663552,1.49064e-07,71.5543,405.1
rma10.mtx,46835,46835,2374001,coo flat,14838,160,0,0.346317,9.46071e-08,13.71,77.6182
rma10.mtx,46835,46835,2374001,csr scalar,293,160,0,0.064512,8.53888e-08,73.5987,282.29
rma10.mtx,46835,46835,2374001,csr vector,9367,160,0,0.0785408,1.50904e-07,60.4527,231.868
rma10.mtx,46835,46835,2374001,coo seg,7419,160,64,0.060416,1.49301e-07,78.5885,444.923
rma10.mtx,46835,46835,2374001,coo seg,3710,160,128,0.0561152,1.5044e-07,84.6117,479.023
rma10.mtx,46835,46835,2374001,coo seg,2473,160,192,0.0556032,1.49891e-07,85.3908,483.434
rma10.mtx,46835,46835,2374001,coo seg,1855,160,256,0.055296,1.49802e-07,85.8652,486.12
rma10.mtx,46835,46835,2374001,coo seg,1484,160,320,0.0606208,1.49372e-07,78.323,443.42
rma10.mtx,46835,46835,2374001,coo seg,1237,160,384,0.0564224,1.50431e-07,84.151,476.415
rma10.mtx,46835,46835,2374001,coo seg,1060,160,448,0.0592896,1.4981e-07,80.0815,453.376
rma10.mtx,46835,46835,2374001,coo seg,928,160,512,0.0622592,1.49708e-07,76.2619,431.751
rma10.mtx,46835,46835,2374001,coo seg,825,160,576,0.0673792,1.5019e-07,70.4669,398.943
rma10.mtx,46835,46835,2374001,coo seg,742,160,640,0.0718848,1.50084e-07,66.0501,373.938
rma10.mtx,46835,46835,2374001,coo seg,675,160,704,0.0743424,1.50838e-07,63.8667,361.577
rma10.mtx,46835,46835,2374001,coo seg,619,160,768,0.0570368,1.50008e-07,83.2445,471.283
rma10.mtx,46835,46835,2374001,coo seg,571,160,832,0.0610304,1.50513e-07,77.7973,440.444
rma10.mtx,46835,46835,2374001,coo seg,530,160,896,0.0610304,1.50777e-07,77.7973,440.444
rma10.mtx,46835,46835,2374001,coo seg,495,160,960,0.0636928,1.49595e-07,74.5453,422.033
rma10.mtx,46835,46835,2374001,coo seg,464,160,1024,0.0659456,1.49064e-07,71.9988,407.616
rma10.mtx,46835,46835,2374001,coo flat,12365,192,0,0.34775,8.10576e-08,13.6535,77.2982
rma10.mtx,46835,46835,2374001,csr scalar,244,192,0,0.0715776,8.53888e-08,66.3336,254.425
rma10.mtx,46835,46835,2374001,csr vector,7806,192,0,0.0769024,1.50904e-07,61.7406,236.808
rma10.mtx,46835,46835,2374001,coo seg,6183,192,64,0.0606208,1.49301e-07,78.323,443.42
rma10.mtx,46835,46835,2374001,coo seg,3092,192,128,0.05632,1.5044e-07,84.304,477.281
rma10.mtx,46835,46835,2374001,coo seg,2061,192,192,0.0559104,1.49891e-07,84.9216,480.778
rma10.mtx,46835,46835,2374001,coo seg,1546,192,256,0.0555008,1.49802e-07,85.5484,484.326
rma10.mtx,46835,46835,2374001,coo seg,1237,192,320,0.060416,1.49372e-07,78.5885,444.923
rma10.mtx,46835,46835,2374001,coo seg,1031,192,384,0.0561152,1.50431e-07,84.6117,479.023
rma10.mtx,46835,46835,2374001,coo seg,884,192,448,0.05888,1.4981e-07,80.6386,456.53
rma10.mtx,46835,46835,2374001,coo seg,773,192,512,0.0621568,1.49708e-07,76.3875,432.462
rma10.mtx,46835,46835,2374001,coo seg,687,192,576,0.0673792,1.5019e-07,70.4669,398.943
rma10.mtx,46835,46835,2374001,coo seg,619,192,640,0.0710656,1.50084e-07,66.8115,378.249
rma10.mtx,46835,46835,2374001,coo seg,563,192,704,0.0729088,1.50838e-07,65.1225,368.686
rma10.mtx,46835,46835,2374001,coo seg,516,192,768,0.0585728,1.50008e-07,81.0616,458.924
rma10.mtx,46835,46835,2374001,coo seg,476,192,832,0.0607232,1.50513e-07,78.1909,442.672
rma10.mtx,46835,46835,2374001,coo seg,442,192,896,0.060928,1.50777e-07,77.9281,441.184
rma10.mtx,46835,46835,2374001,coo seg,413,192,960,0.0618496,1.49595e-07,76.7669,434.61
rma10.mtx,46835,46835,2374001,coo seg,387,192,1024,0.0631808,1.49064e-07,75.1494,425.453
rma10.mtx,46835,46835,2374001,coo flat,10599,224,0,0.340378,9.10212e-08,13.9492,78.9725
rma10.mtx,46835,46835,2374001,csr scalar,210,224,0,0.0719872,8.53888e-08,65.9562,252.977
rma10.mtx,46835,46835,2374001,csr vector,6691,224,0,0.0776192,1.50904e-07,61.1705,234.621
rma10.mtx,46835,46835,2374001,coo seg,5300,224,64,0.059904,1.49301e-07,79.2602,448.726
rma10.mtx,46835,46835,2374001,coo seg,2650,224,128,0.0564224,1.5044e-07,84.151,476.415
rma10.mtx,46835,46835,2374001,coo seg,1767,224,192,0.0555008,1.49891e-07,85.5484,484.326
rma10.mtx,46835,46835,2374001,coo seg,1325,224,256,0.0548864,1.49802e-07,86.506,489.747
rma10.mtx,46835,46835,2374001,coo seg,1060,224,320,0.0603136,1.49372e-07,78.7219,445.679
rma10.mtx,46835,46835,2374001,coo seg,884,224,384,0.0564224,1.50431e-07,84.151,476.415
rma10.mtx,46835,46835,2374001,coo seg,758,224,448,0.0587776,1.4981e-07,80.7791,457.325
rma10.mtx,46835,46835,2374001,coo seg,663,224,512,0.0618496,1.49708e-07,76.7669,434.61
rma10.mtx,46835,46835,2374001,coo seg,589,224,576,0.068096,1.5019e-07,69.7251,394.744
rma10.mtx,46835,46835,2374001,coo seg,530,224,640,0.07168,1.50084e-07,66.2389,375.007
rma10.mtx,46835,46835,2374001,coo seg,482,224,704,0.0559104,1.50838e-07,84.9216,480.778
rma10.mtx,46835,46835,2374001,coo seg,442,224,768,0.0569344,1.50008e-07,83.3943,472.131
rma10.mtx,46835,46835,2374001,coo seg,408,224,832,0.0592896,1.50513e-07,80.0815,453.376
rma10.mtx,46835,46835,2374001,coo seg,379,224,896,0.060416,1.50777e-07,78.5885,444.923
rma10.mtx,46835,46835,2374001,coo seg,354,224,960,0.063488,1.49595e-07,74.7858,423.395
rma10.mtx,46835,46835,2374001,coo seg,332,224,1024,0.0637952,1.49064e-07,74.4257,421.356
rma10.mtx,46835,46835,2374001,coo flat,9274,256,0,0.346419,8.33197e-08,13.7059,77.5952
rma10.mtx,46835,46835,2374001,csr scalar,183,256,0,0.069632,8.53888e-08,68.1871,261.534
rma10.mtx,46835,46835,2374001,csr vector,5855,256,0,0.0731136,1.50904e-07,64.9401,249.08
rma10.mtx,46835,46835,2374001,coo seg,4637,256,64,0.0596992,1.49301e-07,79.5321,450.265
rma10.mtx,46835,46835,2374001,coo seg,2319,256,128,0.0559104,1.5044e-07,84.9216,480.778
rma10.mtx,46835,46835,2374001,coo seg,1546,256,192,0.0556032,1.49891e-07,85.3908,483.434
rma10.mtx,46835,46835,2374001,coo seg,1160,256,256,0.0550912,1.49802e-07,86.1844,487.927
rma10.mtx,46835,46835,2374001,coo seg,928,256,320,0.0596992,1.49372e-07,79.5321,450.265
rma10.mtx,46835,46835,2374001,coo seg,773,256,384,0.05632,1.50431e-07,84.304,477.281
rma10.mtx,46835,46835,2374001,coo seg,663,256,448,0.0589824,1.4981e-07,80.4986,455.737
rma10.mtx,46835,46835,2374001,coo seg,580,256,512,0.0620544,1.49708e-07,76.5135,433.176
rma10.mtx,46835,46835,2374001,coo seg,516,256,576,0.0677888,1.5019e-07,70.0411,396.533
rma10.mtx,46835,46835,2374001,coo seg,464,256,640,0.070656,1.50084e-07,67.1989,380.442
rma10.mtx,46835,46835,2374001,coo seg,422,256,704,0.0579584,1.50838e-07,81.9209,463.789
rma10.mtx,46835,46835,2374001,coo seg,387,256,768,0.0570368,1.50008e-07,83.2445,471.283
rma10.mtx,46835,46835,2374001,coo seg,357,256,832,0.0628736,1.50513e-07,75.5166,427.532
rma10.mtx,46835,46835,2374001,coo seg,332,256,896,0.0600064,1.50777e-07,79.1249,447.96
rma10.mtx,46835,46835,2374001,coo seg,310,256,960,0.0616448,1.49595e-07,77.0219,436.054
rma10.mtx,46835,46835,2374001,coo seg,290,256,1024,0.0667648,1.49064e-07,71.1153,402.615
rma10.mtx,46835,46835,2374001,coo flat,8244,288,0,0.35031,8.85747e-08,13.5537,76.7333
rma10.mtx,46835,46835,2374001,csr scalar,163,288,0,0.0707584,8.53888e-08,67.1016,257.37
rma10.mtx,46835,46835,2374001,csr vector,5204,288,0,0.0776192,1.50904e-07,61.1705,234.621
rma10.mtx,46835,46835,2374001,coo seg,4122,288,64,0.0602112,1.49301e-07,78.8558,446.436
rma10.mtx,46835,46835,2374001,coo seg,2061,288,128,0.0565248,1.5044e-07,83.9986,475.552
rma10.mtx,46835,46835,2374001,coo seg,1374,288,192,0.0557056,1.49891e-07,85.2338,482.545
rma10.mtx,46835,46835,2374001,coo seg,1031,288,256,0.0555008,1.49802e-07,85.5484,484.326
rma10.mtx,46835,46835,2374001,coo seg,825,288,320,0.0601088,1.49372e-07,78.9901,447.197
rma10.mtx,46835,46835,2374001,coo seg,687,288,384,0.0560128,1.50431e-07,84.7664,479.899
rma10.mtx,46835,46835,2374001,coo seg,589,288,448,0.0591872,1.4981e-07,80.2201,454.16
rma10.mtx,46835,46835,2374001,coo seg,516,288,512,0.0625664,1.49708e-07,75.8874,429.631
rma10.mtx,46835,46835,2374001,coo seg,458,288,576,0.0681984,1.5019e-07,69.6204,394.151
rma10.mtx,46835,46835,2374001,coo seg,413,288,640,0.0720896,1.50084e-07,65.8625,372.876
rma10.mtx,46835,46835,2374001,coo seg,375,288,704,0.0557056,1.50838e-07,85.2338,482.545
rma10.mtx,46835,46835,2374001,coo seg,344,288,768,0.0608256,1.50008e-07,78.0593,441.927
rma10.mtx,46835,46835,2374001,coo seg,318,288,832,0.058368,1.50513e-07,81.346,460.534
rma10.mtx,46835,46835,2374001,coo seg,295,288,896,0.0611328,1.50777e-07,77.667,439.706
rma10.mtx,46835,46835,2374001,coo seg,275,288,960,0.06144,1.49595e-07,77.2787,437.508
rma10.mtx,46835,46835,2374001,coo seg,258,288,1024,0.0635904,1.49064e-07,74.6654,422.713
rma10.mtx,46835,46835,2374001,coo flat,7419,320,0,0.358298,8.55147e-08,13.2516,75.0228
rma10.mtx,46835,46835,2374001,csr scalar,147,320,0,0.0755712,8.53888e-08,62.8282,240.98
rma10.mtx,46835,46835,2374001,csr vector,4684,320,0,0.0777216,1.50904e-07,61.0899,234.312
rma10.mtx,46835,46835,2374001,coo seg,3710,320,64,0.0616448,1.49301e-07,77.0219,436.054
rma10.mtx,46835,46835,2374001,coo seg,1855,320,128,0.0566272,1.5044e-07,83.8467,474.692
rma10.mtx,46835,46835,2374001,coo seg,1237,320,192,0.0560128,1.49891e-07,84.7664,479.899
rma10.mtx,46835,46835,2374001,coo seg,928,320,256,0.055296,1.49802e-07,85.8652,486.12
rma10.mtx,46835,46835,2374001,coo seg,742,320,320,0.0606208,1.49372e-07,78.323,443.42
rma10.mtx,46835,46835,2374001,coo seg,619,320,384,0.0562176,1.50431e-07,84.4576,478.151
rma10.mtx,46835,46835,2374001,coo seg,530,320,448,0.05888,1.4981e-07,80.6386,456.53
rma10.mtx,46835,46835,2374001,coo seg,464,320,512,0.0623616,1.49708e-07,76.1366,431.042
rma10.mtx,46835,46835,2374001,coo seg,413,320,576,0.0676864,1.5019e-07,70.1471,397.133
rma10.mtx,46835,46835,2374001,coo seg,371,320,640,0.0715776,1.50084e-07,66.3336,375.543
rma10.mtx,46835,46835,2374001,coo seg,338,320,704,0.0738304,1.50838e-07,64.3096,364.084
rma10.mtx,46835,46835,2374001,coo seg,310,320,768,0.057344,1.50008e-07,82.7986,468.758
rma10.mtx,46835,46835,2374001,coo seg,286,320,832,0.060416,1.50513e-07,78.5885,444.923
rma10.mtx,46835,46835,2374001,coo seg,265,320,896,0.0589824,1.50777e-07,80.4986,455.737
rma10.mtx,46835,46835,2374001,coo seg,248,320,960,0.062976,1.49595e-07,75.3938,426.837
rma10.mtx,46835,46835,2374001,coo seg,232,320,1024,0.0638976,1.49064e-07,74.3064,420.681
rma10.mtx,46835,46835,2374001,coo flat,6745,352,0,0.361984,9.21426e-08,13.1166,74.2587
rma10.mtx,46835,46835,2374001,csr scalar,134,352,0,0.0817152,8.53888e-08,58.1043,222.861
rma10.mtx,46835,46835,2374001,csr vector,4258,352,0,0.079872,1.50904e-07,59.4451,228.004
rma10.mtx,46835,46835,2374001,coo seg,3373,352,64,0.0638976,1.49301e-07,74.3064,420.681
rma10.mtx,46835,46835,2374001,coo seg,1687,352,128,0.0590848,1.5044e-07,80.3591,454.947
rma10.mtx,46835,46835,2374001,coo seg,1125,352,192,0.0595968,1.49891e-07,79.6687,451.039
rma10.mtx,46835,46835,2374001,coo seg,844,352,256,0.0605184,1.49802e-07,78.4555,444.17
rma10.mtx,46835,46835,2374001,coo seg,675,352,320,0.0601088,1.49372e-07,78.9901,447.197
rma10.mtx,46835,46835,2374001,coo seg,563,352,384,0.0641024,1.50431e-07,74.069,419.336
rma10.mtx,46835,46835,2374001,coo seg,482,352,448,0.0582656,1.4981e-07,81.4889,461.344
rma10.mtx,46835,46835,2374001,coo seg,422,352,512,0.0622592,1.49708e-07,76.2619,431.751
rma10.mtx,46835,46835,2374001,coo seg,375,352,576,0.0667648,1.5019e-07,71.1153,402.614
rma10.mtx,46835,46835,2374001,coo seg,338,352,640,0.0709632,1.50084e-07,66.9079,378.795
rma10.mtx,46835,46835,2374001,coo seg,307,352,704,0.0766976,1.50838e-07,61.9055,350.474
rma10.mtx,46835,46835,2374001,coo seg,282,352,768,0.0763904,1.50008e-07,62.1544,351.883
rma10.mtx,46835,46835,2374001,coo seg,260,352,832,0.059904,1.50513e-07,79.2602,448.726
rma10.mtx,46835,46835,2374001,coo seg,241,352,896,0.0600064,1.50777e-07,79.1249,447.96
rma10.mtx,46835,46835,2374001,coo seg,225,352,960,0.0635904,1.49595e-07,74.6654,422.713
rma10.mtx,46835,46835,2374001,coo seg,211,352,1024,0.0632832,1.49064e-07,75.0278,424.765
rma10.mtx,46835,46835,2374001,coo flat,6183,384,0,0.359936,8.25872e-08,13.1912,74.6813
rma10.mtx,46835,46835,2374001,csr scalar,122,384,0,0.085504,8.53888e-08,55.5296,212.985
rma10.mtx,46835,46835,2374001,csr vector,3903,384,0,0.0776192,1.50904e-07,61.1705,234.621
rma10.mtx,46835,46835,2374001,coo seg,3092,384,64,0.0613376,1.49301e-07,77.4077,438.238
rma10.mtx,46835,46835,2374001,coo seg,1546,384,128,0.0570368,1.5044e-07,83.2445,471.283
rma10.mtx,46835,46835,2374001,coo seg,1031,384,192,0.05632,1.49891e-07,84.304,477.281
rma10.mtx,46835,46835,2374001,coo seg,773,384,256,0.0557056,1.49802e-07,85.2338,482.545
rma10.mtx,46835,46835,2374001,coo seg,619,384,320,0.0605184,1.49372e-07,78.4555,444.17
rma10.mtx,46835,46835,2374001,coo seg,516,384,384,0.05632,1.50431e-07,84.304,477.281
rma10.mtx,46835,46835,2374001,coo seg,442,384,448,0.0586752,1.4981e-07,80.9201,458.123
rma10.mtx,46835,46835,2374001,coo seg,387,384,512,0.0620544,1.49708e-07,76.5135,433.176
rma10.mtx,46835,46835,2374001,coo seg,344,384,576,0.0672768,1.5019e-07,70.5741,399.55
rma10.mtx,46835,46835,2374001,coo seg,310,384,640,0.071168,1.50084e-07,66.7154,377.704
rma10.mtx,46835,46835,2374001,coo seg,282,384,704,0.0736256,1.50838e-07,64.4885,365.097
rma10.mtx,46835,46835,2374001,coo seg,258,384,768,0.0564224,1.50008e-07,84.151,476.415
rma10.mtx,46835,46835,2374001,coo seg,238,384,832,0.0591872,1.50513e-07,80.2201,454.16
rma10.mtx,46835,46835,2374001,coo seg,221,384,896,0.05888,1.50777e-07,80.6386,456.53
rma10.mtx,46835,46835,2374001,coo seg,207,384,960,0.0618496,1.49595e-07,76.7669,434.61
rma10.mtx,46835,46835,2374001,coo seg,194,384,1024,0.0643072,1.49064e-07,73.8331,418.001
rma10.mtx,46835,46835,2374001,coo flat,5707,416,0,0.36567,9.37714e-08,12.9844,73.5101
rma10.mtx,46835,46835,2374001,csr scalar,113,416,0,0.081408,8.53888e-08,58.3235,223.702
rma10.mtx,46835,46835,2374001,csr vector,3603,416,0,0.0827392,1.50904e-07,57.3852,220.103
rma10.mtx,46835,46835,2374001,coo seg,2854,416,64,0.0658432,1.49301e-07,72.1107,408.25
rma10.mtx,46835,46835,2374001,coo seg,1427,416,128,0.0607232,1.5044e-07,78.1909,442.672
rma10.mtx,46835,46835,2374001,coo seg,952,416,192,0.0611328,1.49891e-07,77.667,439.706
rma10.mtx,46835,46835,2374001,coo seg,714,416,256,0.0623616,1.49802e-07,76.1366,431.042
rma10.mtx,46835,46835,2374001,coo seg,571,416,320,0.0603136,1.49372e-07,78.7219,445.679
rma10.mtx,46835,46835,2374001,coo seg,476,416,384,0.0664576,1.50431e-07,71.4441,404.476
rma10.mtx,46835,46835,2374001,coo seg,408,416,448,0.05888,1.4981e-07,80.6386,456.53
rma10.mtx,46835,46835,2374001,coo seg,357,416,512,0.0630784,1.49708e-07,75.2714,426.144
rma10.mtx,46835,46835,2374001,coo seg,318,416,576,0.0666624,1.5019e-07,71.2246,403.233
rma10.mtx,46835,46835,2374001,coo seg,286,416,640,0.0702464,1.50084e-07,67.5907,382.66
rma10.mtx,46835,46835,2374001,coo seg,260,416,704,0.0761856,1.50838e-07,62.3215,352.829
rma10.mtx,46835,46835,2374001,coo seg,238,416,768,0.0806912,1.50008e-07,58.8416,333.128
rma10.mtx,46835,46835,2374001,coo seg,220,416,832,0.0582656,1.50513e-07,81.4889,461.344
rma10.mtx,46835,46835,2374001,coo seg,204,416,896,0.05888,1.50777e-07,80.6386,456.53
rma10.mtx,46835,46835,2374001,coo seg,191,416,960,0.0628736,1.49595e-07,75.5166,427.532
rma10.mtx,46835,46835,2374001,coo seg,179,416,1024,0.0659456,1.49064e-07,71.9988,407.616
rma10.mtx,46835,46835,2374001,coo flat,5300,448,0,0.368845,8.64409e-08,12.8726,72.8775
rma10.mtx,46835,46835,2374001,csr scalar,105,448,0,0.0843776,8.53888e-08,56.2709,215.829
rma10.mtx,46835,46835,2374001,csr vector,3346,448,0,0.080896,1.50904e-07,58.6927,225.118
rma10.mtx,46835,46835,2374001,coo seg,2650,448,64,0.064,1.49301e-07,74.1875,420.007
rma10.mtx,46835,46835,2374001,coo seg,1325,448,128,0.0584704,1.5044e-07,81.2035,459.728
rma10.mtx,46835,46835,2374001,coo seg,884,448,192,0.0572416,1.49891e-07,82.9467,469.597
rma10.mtx,46835,46835,2374001,coo seg,663,448,256,0.05632,1.49802e-07,84.304,477.281
rma10.mtx,46835,46835,2374001,coo seg,530,448,320,0.0603136,1.49372e-07,78.7219,445.679
rma10.mtx,46835,46835,2374001,coo seg,442,448,384,0.0559104,1.50431e-07,84.9216,480.778
rma10.mtx,46835,46835,2374001,coo seg,379,448,448,0.059392,1.4981e-07,79.9435,452.594
rma10.mtx,46835,46835,2374001,coo seg,332,448,512,0.061952,1.49708e-07,76.64,433.892
rma10.mtx,46835,46835,2374001,coo seg,295,448,576,0.06656,1.5019e-07,71.3342,403.853
rma10.mtx,46835,46835,2374001,coo seg,265,448,640,0.0704512,1.50084e-07,67.3942,381.547
rma10.mtx,46835,46835,2374001,coo seg,241,448,704,0.0756736,1.50838e-07,62.7432,355.216
rma10.mtx,46835,46835,2374001,coo seg,221,448,768,0.0561152,1.50008e-07,84.6117,479.023
rma10.mtx,46835,46835,2374001,coo seg,204,448,832,0.058368,1.50513e-07,81.346,460.534
rma10.mtx,46835,46835,2374001,coo seg,190,448,896,0.0620544,1.50777e-07,76.5135,433.176
rma10.mtx,46835,46835,2374001,coo seg,177,448,960,0.063488,1.49595e-07,74.7858,423.395
rma10.mtx,46835,46835,2374001,coo seg,166,448,1024,0.0630784,1.49064e-07,75.2714,426.144
rma10.mtx,46835,46835,2374001,coo flat,4946,480,0,0.360038,9.80736e-08,13.1875,74.66
rma10.mtx,46835,46835,2374001,csr scalar,98,480,0,0.0868352,8.53888e-08,54.6783,209.72
rma10.mtx,46835,46835,2374001,csr vector,3123,480,0,0.079872,1.50904e-07,59.4451,228.004
rma10.mtx,46835,46835,2374001,coo seg,2473,480,64,0.0621568,1.49301e-07,76.3875,432.462
rma10.mtx,46835,46835,2374001,coo seg,1237,480,128,0.057856,1.5044e-07,82.0658,464.61
rma10.mtx,46835,46835,2374001,coo seg,825,480,192,0.0566272,1.49891e-07,83.8467,474.692
rma10.mtx,46835,46835,2374001,coo seg,619,480,256,0.0562176,1.49802e-07,84.4576,478.151
rma10.mtx,46835,46835,2374001,coo seg,495,480,320,0.0610304,1.49372e-07,77.7973,440.444
rma10.mtx,46835,46835,2374001,coo seg,413,480,384,0.05632,1.50431e-07,84.304,477.281
rma10.mtx,46835,46835,2374001,coo seg,354,480,448,0.0600064,1.4981e-07,79.1249,447.96
rma10.mtx,46835,46835,2374001,coo seg,310,480,512,0.061952,1.49708e-07,76.64,433.892
rma10.mtx,46835,46835,2374001,coo seg,275,480,576,0.0677888,1.5019e-07,70.0411,396.533
rma10.mtx,46835,46835,2374001,coo seg,248,480,640,0.072192,1.50084e-07,65.7691,372.347
rma10.mtx,46835,46835,2374001,coo seg,225,480,704,0.0731136,1.50838e-07,64.9401,367.654
rma10.mtx,46835,46835,2374001,coo seg,207,480,768,0.0564224,1.50008e-07,84.151,476.415
rma10.mtx,46835,46835,2374001,coo seg,191,480,832,0.0601088,1.50513e-07,78.9901,447.197
rma10.mtx,46835,46835,2374001,coo seg,177,480,896,0.0618496,1.50777e-07,76.7669,434.61
rma10.mtx,46835,46835,2374001,coo seg,165,480,960,0.0611328,1.49595e-07,77.667,439.706
rma10.mtx,46835,46835,2374001,coo seg,155,480,1024,0.0631808,1.49064e-07,75.1494,425.453
rma10.mtx,46835,46835,2374001,coo flat,4637,512,0,0.355328,8.60645e-08,13.3623,75.6497
rma10.mtx,46835,46835,2374001,csr scalar,92,512,0,0.0861184,8.53888e-08,55.1334,211.466
rma10.mtx,46835,46835,2374001,csr vector,2928,512,0,0.0771072,1.50904e-07,61.5766,236.179
rma10.mtx,46835,46835,2374001,coo seg,2319,512,64,0.060416,1.49301e-07,78.5885,444.923
rma10.mtx,46835,46835,2374001,coo seg,1160,512,128,0.0569344,1.5044e-07,83.3943,472.131
rma10.mtx,46835,46835,2374001,coo seg,773,512,192,0.0564224,1.49891e-07,84.151,476.415
rma10.mtx,46835,46835,2374001,coo seg,580,512,256,0.0551936,1.49802e-07,86.0245,487.022
rma10.mtx,46835,46835,2374001,coo seg,464,512,320,0.0605184,1.49372e-07,78.4555,444.17
rma10.mtx,46835,46835,2374001,coo seg,387,512,384,0.055808,1.50431e-07,85.0774,481.66
rma10.mtx,46835,46835,2374001,coo seg,332,512,448,0.0595968,1.4981e-07,79.6687,451.039
rma10.mtx,46835,46835,2374001,coo seg,290,512,512,0.0625664,1.49708e-07,75.8874,429.631
rma10.mtx,46835,46835,2374001,coo seg,258,512,576,0.0673792,1.5019e-07,70.4669,398.943
rma10.mtx,46835,46835,2374001,coo seg,232,512,640,0.0702464,1.50084e-07,67.5907,382.66
rma10.mtx,46835,46835,2374001,coo seg,211,512,704,0.0565248,1.50838e-07,83.9986,475.552
rma10.mtx,46835,46835,2374001,coo seg,194,512,768,0.058368,1.50008e-07,81.346,460.534
rma10.mtx,46835,46835,2374001,coo seg,179,512,832,0.0605184,1.50513e-07,78.4555,444.17
rma10.mtx,46835,46835,2374001,coo seg,166,512,896,0.0589824,1.50777e-07,80.4986,455.737
rma10.mtx,46835,46835,2374001,coo seg,155,512,960,0.0606208,1.49595e-07,78.323,443.42
rma10.mtx,46835,46835,2374001,coo seg,145,512,1024,0.0635904,1.49064e-07,74.6654,422.713
rma10.mtx,46835,46835,2374001,coo flat,4364,544,0,0.378266,9.76794e-08,12.552,71.0624
rma10.mtx,46835,46835,2374001,csr scalar,87,544,0,0.0841728,8.53888e-08,56.4078,216.354
rma10.mtx,46835,46835,2374001,csr vector,2755,544,0,0.086016,1.50904e-07,55.1991,211.718
rma10.mtx,46835,46835,2374001,coo seg,2182,544,64,0.0674816,1.49301e-07,70.3599,398.338
rma10.mtx,46835,46835,2374001,coo seg,1091,544,128,0.0616448,1.5044e-07,77.0219,436.054
rma10.mtx,46835,46835,2374001,coo seg,728,544,192,0.0617472,1.49891e-07,76.8942,435.331
rma10.mtx,46835,46835,2374001,coo seg,546,544,256,0.0632832,1.49802e-07,75.0278,424.765
rma10.mtx,46835,46835,2374001,coo seg,437,544,320,0.060416,1.49372e-07,78.5885,444.923
rma10.mtx,46835,46835,2374001,coo seg,364,544,384,0.06656,1.50431e-07,71.3342,403.853
rma10.mtx,46835,46835,2374001,coo seg,312,544,448,0.0598016,1.4981e-07,79.3959,449.494
rma10.mtx,46835,46835,2374001,coo seg,273,544,512,0.062464,1.49708e-07,76.0118,430.336
rma10.mtx,46835,46835,2374001,coo seg,243,544,576,0.0664576,1.5019e-07,71.4441,404.476
rma10.mtx,46835,46835,2374001,coo seg,219,544,640,0.0704512,1.50084e-07,67.3942,381.547
rma10.mtx,46835,46835,2374001,coo seg,199,544,704,0.076288,1.50838e-07,62.2379,352.355
rma10.mtx,46835,46835,2374001,coo seg,182,544,768,0.0806912,1.50008e-07,58.8416,333.128
rma10.mtx,46835,46835,2374001,coo seg,168,544,832,0.0579584,1.50513e-07,81.9209,463.789
rma10.mtx,46835,46835,2374001,coo seg,156,544,896,0.0586752,1.50777e-07,80.9201,458.123
rma10.mtx,46835,46835,2374001,coo seg,146,544,960,0.0620544,1.49595e-07,76.5135,433.176
rma10.mtx,46835,46835,2374001,coo seg,137,544,1024,0.0651264,1.49064e-07,72.9044,412.743
rma10.mtx,46835,46835,2374001,coo flat,4122,576,0,0.376525,7.85837e-08,12.6101,71.391
rma10.mtx,46835,46835,2374001,csr scalar,82,576,0,0.0872448,8.53888e-08,54.4216,208.736
rma10.mtx,46835,46835,2374001,csr vector,2602,576,0,0.0832512,1.50904e-07,57.0322,218.749
rma10.mtx,46835,46835,2374001,coo seg,2061,576,64,0.0659456,1.49301e-07,71.9988,407.616
rma10.mtx,46835,46835,2374001,coo seg,1031,576,128,0.0615424,1.5044e-07,77.1501,436.78
rma10.mtx,46835,46835,2374001,coo seg,687,576,192,0.0613376,1.49891e-07,77.4077,438.238
rma10.mtx,46835,46835,2374001,coo seg,516,576,256,0.0623616,1.49802e-07,76.1366,431.042
rma10.mtx,46835,46835,2374001,coo seg,413,576,320,0.0607232,1.49372e-07,78.1909,442.672
rma10.mtx,46835,46835,2374001,coo seg,344,576,384,0.066048,1.50431e-07,71.8871,406.984
rma10.mtx,46835,46835,2374001,coo seg,295,576,448,0.0603136,1.4981e-07,78.7219,445.679
rma10.mtx,46835,46835,2374001,coo seg,258,576,512,0.0610304,1.49708e-07,77.7973,440.444
rma10.mtx,46835,46835,2374001,coo seg,229,576,576,0.0672768,1.5019e-07,70.5741,399.55
rma10.mtx,46835,46835,2374001,coo seg,207,576,640,0.07168,1.50084e-07,66.2389,375.007
rma10.mtx,46835,46835,2374001,coo seg,188,576,704,0.0758784,1.50838e-07,62.5738,354.257
rma10.mtx,46835,46835,2374001,coo seg,172,576,768,0.0792576,1.50008e-07,59.906,339.153
rma10.mtx,46835,46835,2374001,coo seg,159,576,832,0.0584704,1.50513e-07,81.2035,459.728
rma10.mtx,46835,46835,2374001,coo seg,148,576,896,0.0596992,1.50777e-07,79.5321,450.265
rma10.mtx,46835,46835,2374001,coo seg,138,576,960,0.0626688,1.49595e-07,75.7634,428.929
rma10.mtx,46835,46835,2374001,coo seg,129,576,1024,0.0666624,1.49064e-07,71.2246,403.233
rma10.mtx,46835,46835,2374001,coo flat,3905,608,0,0.367411,7.99245e-08,12.9229,73.1618
rma10.mtx,46835,46835,2374001,csr scalar,78,608,0,0.0811008,8.53888e-08,58.5445,224.549
rma10.mtx,46835,46835,2374001,csr vector,2465,608,0,0.0818176,1.50904e-07,58.0316,222.582
rma10.mtx,46835,46835,2374001,coo seg,1953,608,64,0.0646144,1.49301e-07,73.4821,416.014
rma10.mtx,46835,46835,2374001,coo seg,977,608,128,0.0595968,1.5044e-07,79.6687,451.039
rma10.mtx,46835,46835,2374001,coo seg,651,608,192,0.0582656,1.49891e-07,81.4889,461.344
rma10.mtx,46835,46835,2374001,coo seg,489,608,256,0.057344,1.49802e-07,82.7986,468.758
rma10.mtx,46835,46835,2374001,coo seg,391,608,320,0.060928,1.49372e-07,77.9281,441.184
rma10.mtx,46835,46835,2374001,coo seg,326,608,384,0.0567296,1.50431e-07,83.6953,473.835
rma10.mtx,46835,46835,2374001,coo seg,279,608,448,0.060416,1.4981e-07,78.5885,444.923
rma10.mtx,46835,46835,2374001,coo seg,245,608,512,0.062464,1.49708e-07,76.0118,430.336
rma10.mtx,46835,46835,2374001,coo seg,217,608,576,0.068096,1.5019e-07,69.7251,394.744
rma10.mtx,46835,46835,2374001,coo seg,196,608,640,0.0707584,1.50084e-07,67.1016,379.891
rma10.mtx,46835,46835,2374001,coo seg,178,608,704,0.0761856,1.50838e-07,62.3215,352.829
rma10.mtx,46835,46835,2374001,coo seg,163,608,768,0.0572416,1.50008e-07,82.9467,469.597
rma10.mtx,46835,46835,2374001,coo seg,151,608,832,0.058368,1.50513e-07,81.346,460.534
rma10.mtx,46835,46835,2374001,coo seg,140,608,896,0.0613376,1.50777e-07,77.4077,438.238
rma10.mtx,46835,46835,2374001,coo seg,131,608,960,0.0647168,1.49595e-07,73.3658,415.355
rma10.mtx,46835,46835,2374001,coo seg,123,608,1024,0.0674816,1.49064e-07,70.3599,398.338
rma10.mtx,46835,46835,2374001,coo flat,3710,640,0,0.367309,8.46523e-08,12.9265,73.1822
rma10.mtx,46835,46835,2374001,csr scalar,74,640,0,0.0857088,8.53888e-08,55.3969,212.477
rma10.mtx,46835,46835,2374001,csr vector,2342,640,0,0.080896,1.50904e-07,58.6927,225.118
rma10.mtx,46835,46835,2374001,coo seg,1855,640,64,0.0628736,1.49301e-07,75.5166,427.532
rma10.mtx,46835,46835,2374001,coo seg,928,640,128,0.0581632,1.5044e-07,81.6324,462.156
rma10.mtx,46835,46835,2374001,coo seg,619,640,192,0.0580608,1.49891e-07,81.7764,462.971
rma10.mtx,46835,46835,2374001,coo seg,464,640,256,0.057344,1.49802e-07,82.7986,468.758
rma10.mtx,46835,46835,2374001,coo seg,371,640,320,0.0605184,1.49372e-07,78.4555,444.17
rma10.mtx,46835,46835,2374001,coo seg,310,640,384,0.0569344,1.50431e-07,83.3942,472.131
rma10.mtx,46835,46835,2374001,coo seg,265,640,448,0.0585728,1.4981e-07,81.0615,458.924
rma10.mtx,46835,46835,2374001,coo seg,232,640,512,0.0625664,1.49708e-07,75.8874,429.631
rma10.mtx,46835,46835,2374001,coo seg,207,640,576,0.0669696,1.5019e-07,70.8979,401.383
rma10.mtx,46835,46835,2374001,coo seg,186,640,640,0.0714752,1.50084e-07,66.4287,376.081
rma10.mtx,46835,46835,2374001,coo seg,169,640,704,0.0736256,1.50838e-07,64.4885,365.097
rma10.mtx,46835,46835,2374001,coo seg,155,640,768,0.055808,1.50008e-07,85.0774,481.66
rma10.mtx,46835,46835,2374001,coo seg,143,640,832,0.0589824,1.50513e-07,80.4986,455.737
rma10.mtx,46835,46835,2374001,coo seg,133,640,896,0.0617472,1.50777e-07,76.8942,435.331
rma10.mtx,46835,46835,2374001,coo seg,124,640,960,0.0643072,1.49595e-07,73.8331,418.001
rma10.mtx,46835,46835,2374001,coo seg,116,640,1024,0.0669696,1.49064e-07,70.8979,401.383
rma10.mtx,46835,46835,2374001,coo flat,3533,672,0,0.355226,9.42017e-08,13.3662,75.6716
rma10.mtx,46835,46835,2374001,csr scalar,70,672,0,0.0913408,8.53888e-08,51.9812,199.375
rma10.mtx,46835,46835,2374001,csr vector,2231,672,0,0.0811008,1.50904e-07,58.5444,224.549
rma10.mtx,46835,46835,2374001,coo seg,1767,672,64,0.0618496,1.49301e-07,76.7669,434.61
rma10.mtx,46835,46835,2374001,coo seg,884,672,128,0.057856,1.5044e-07,82.0658,464.61
rma10.mtx,46835,46835,2374001,coo seg,589,672,192,0.056832,1.49891e-07,83.5445,472.981
rma10.mtx,46835,46835,2374001,coo seg,442,672,256,0.0560128,1.49802e-07,84.7664,479.899
rma10.mtx,46835,46835,2374001,coo seg,354,672,320,0.0617472,1.49372e-07,76.8942,435.331
rma10.mtx,46835,46835,2374001,coo seg,295,672,384,0.0574464,1.50431e-07,82.651,467.923
rma10.mtx,46835,46835,2374001,coo seg,253,672,448,0.0594944,1.4981e-07,79.8059,451.815
rma10.mtx,46835,46835,2374001,coo seg,221,672,512,0.0630784,1.49708e-07,75.2714,426.144
rma10.mtx,46835,46835,2374001,coo seg,197,672,576,0.0674816,1.5019e-07,70.3599,398.338
rma10.mtx,46835,46835,2374001,coo seg,177,672,640,0.07168,1.50084e-07,66.2389,375.007
rma10.mtx,46835,46835,2374001,coo seg,161,672,704,0.0545792,1.50838e-07,86.9929,492.504
rma10.mtx,46835,46835,2374001,coo seg,148,672,768,0.056832,1.50008e-07,83.5445,472.981
rma10.mtx,46835,46835,2374001,coo seg,136,672,832,0.059904,1.50513e-07,79.2602,448.726
rma10.mtx,46835,46835,2374001,coo seg,127,672,896,0.0626688,1.50777e-07,75.7634,428.929
rma10.mtx,46835,46835,2374001,coo seg,118,672,960,0.0663552,1.49595e-07,71.5543,405.1
rma10.mtx,46835,46835,2374001,coo seg,111,672,1024,0.0641024,1.49064e-07,74.069,419.337
rma10.mtx,46835,46835,2374001,coo flat,3373,704,0,0.386867,8.62896e-08,12.273,69.4824
rma10.mtx,46835,46835,2374001,csr scalar,67,704,0,0.0934912,8.53888e-08,50.7855,194.79
rma10.mtx,46835,46835,2374001,csr vector,2129,704,0,0.0932864,1.50904e-07,50.897,195.217
rma10.mtx,46835,46835,2374001,coo seg,1687,704,64,0.0744448,1.49301e-07,63.7788,361.079
rma10.mtx,46835,46835,2374001,coo seg,844,704,128,0.0672768,1.5044e-07,70.5741,399.55
rma10.mtx,46835,46835,2374001,coo seg,563,704,192,0.0673792,1.49891e-07,70.4669,398.943
rma10.mtx,46835,46835,2374001,coo seg,422,704,256,0.0636928,1.49802e-07,74.5453,422.033
rma10.mtx,46835,46835,2374001,coo seg,338,704,320,0.0700416,1.49372e-07,67.7883,383.779
rma10.mtx,46835,46835,2374001,coo seg,282,704,384,0.0667648,1.50431e-07,71.1153,402.614
rma10.mtx,46835,46835,2374001,coo seg,241,704,448,0.0738304,1.4981e-07,64.3096,364.084
rma10.mtx,46835,46835,2374001,coo seg,211,704,512,0.0625664,1.49708e-07,75.8874,429.631
rma10.mtx,46835,46835,2374001,coo seg,188,704,576,0.067072,1.5019e-07,70.7896,400.77
rma10.mtx,46835,46835,2374001,coo seg,169,704,640,0.0713728,1.50084e-07,66.524,376.621
rma10.mtx,46835,46835,2374001,coo seg,154,704,704,0.0769024,1.50838e-07,61.7406,349.54
rma10.mtx,46835,46835,2374001,coo seg,141,704,768,0.0827392,1.50008e-07,57.3852,324.882
rma10.mtx,46835,46835,2374001,coo seg,130,704,832,0.0878592,1.50513e-07,54.041,305.949
rma10.mtx,46835,46835,2374001,coo seg,121,704,896,0.0910336,1.50777e-07,52.1566,295.281
rma10.mtx,46835,46835,2374001,coo seg,113,704,960,0.0892928,1.49595e-07,53.1734,301.037
rma10.mtx,46835,46835,2374001,coo seg,106,704,1024,0.0632832,1.49064e-07,75.0278,424.765
rma10.mtx,46835,46835,2374001,coo flat,3226,736,0,0.385536,8.86261e-08,12.3153,69.7223
rma10.mtx,46835,46835,2374001,csr scalar,64,736,0,0.0961536,8.53888e-08,49.3793,189.396
rma10.mtx,46835,46835,2374001,csr vector,2037,736,0,0.093184,1.50904e-07,50.953,195.432
rma10.mtx,46835,46835,2374001,coo seg,1613,736,64,0.0736256,1.49301e-07,64.4885,365.097
rma10.mtx,46835,46835,2374001,coo seg,807,736,128,0.0671744,1.5044e-07,70.6817,400.16
rma10.mtx,46835,46835,2374001,coo seg,538,736,192,0.0635904,1.49891e-07,74.6654,422.713
rma10.mtx,46835,46835,2374001,coo seg,404,736,256,0.0649216,1.49802e-07,73.1344,414.045
rma10.mtx,46835,46835,2374001,coo seg,323,736,320,0.061952,1.49372e-07,76.64,433.892
rma10.mtx,46835,46835,2374001,coo seg,269,736,384,0.0667648,1.50431e-07,71.1153,402.614
rma10.mtx,46835,46835,2374001,coo seg,231,736,448,0.0729088,1.4981e-07,65.1225,368.686
rma10.mtx,46835,46835,2374001,coo seg,202,736,512,0.0631808,1.49708e-07,75.1494,425.453
rma10.mtx,46835,46835,2374001,coo seg,180,736,576,0.0679936,1.5019e-07,69.8301,395.338
rma10.mtx,46835,46835,2374001,coo seg,162,736,640,0.07168,1.50084e-07,66.2389,375.007
rma10.mtx,46835,46835,2374001,coo seg,147,736,704,0.077824,1.50838e-07,61.0095,345.401
rma10.mtx,46835,46835,2374001,coo seg,135,736,768,0.08192,1.50008e-07,57.959,328.131
rma10.mtx,46835,46835,2374001,coo seg,125,736,832,0.0856064,1.50513e-07,55.4632,314.001
rma10.mtx,46835,46835,2374001,coo seg,116,736,896,0.0888832,1.50777e-07,53.4184,302.425
rma10.mtx,46835,46835,2374001,coo seg,108,736,960,0.0618496,1.49595e-07,76.7669,434.61
rma10.mtx,46835,46835,2374001,coo seg,101,736,1024,0.0642048,1.49064e-07,73.9509,418.668
rma10.mtx,46835,46835,2374001,coo flat,3092,768,0,0.37929,8.73297e-08,12.5181,70.8706
rma10.mtx,46835,46835,2374001,csr scalar,61,768,0,0.0991232,8.53888e-08,47.9,183.722
rma10.mtx,46835,46835,2374001,csr vector,1952,768,0,0.090624,1.50904e-07,52.3923,200.952
rma10.mtx,46835,46835,2374001,coo seg,1546,768,64,0.0718848,1.49301e-07,66.0501,373.938
rma10.mtx,46835,46835,2374001,coo seg,773,768,128,0.0641024,1.5044e-07,74.069,419.336
rma10.mtx,46835,46835,2374001,coo seg,516,768,192,0.0635904,1.49891e-07,74.6654,422.713
rma10.mtx,46835,46835,2374001,coo seg,387,768,256,0.0631808,1.49802e-07,75.1494,425.453
rma10.mtx,46835,46835,2374001,coo seg,310,768,320,0.0622592,1.49372e-07,76.2619,431.751
rma10.mtx,46835,46835,2374001,coo seg,258,768,384,0.06656,1.50431e-07,71.3342,403.853
rma10.mtx,46835,46835,2374001,coo seg,221,768,448,0.0594944,1.4981e-07,79.8059,451.815
rma10.mtx,46835,46835,2374001,coo seg,194,768,512,0.0636928,1.49708e-07,74.5453,422.033
rma10.mtx,46835,46835,2374001,coo seg,172,768,576,0.068096,1.5019e-07,69.7251,394.744
rma10.mtx,46835,46835,2374001,coo seg,155,768,640,0.0705536,1.50084e-07,67.2964,380.994
rma10.mtx,46835,46835,2374001,coo seg,141,768,704,0.0759808,1.50838e-07,62.4895,353.78
rma10.mtx,46835,46835,2374001,coo seg,129,768,768,0.0813056,1.50008e-07,58.397,330.61
rma10.mtx,46835,46835,2374001,coo seg,119,768,832,0.0879616,1.50513e-07,53.9781,305.593
rma10.mtx,46835,46835,2374001,coo seg,111,768,896,0.0613376,1.50777e-07,77.4077,438.238
rma10.mtx,46835,46835,2374001,coo seg,104,768,960,0.063488,1.49595e-07,74.7858,423.395
rma10.mtx,46835,46835,2374001,coo seg,97,768,1024,0.0651264,1.49064e-07,72.9044,412.743
rma10.mtx,46835,46835,2374001,coo flat,2968,800,0,0.38103,9.18908e-08,12.461,70.5468
rma10.mtx,46835,46835,2374001,csr scalar,59,800,0,0.100147,8.53888e-08,47.4102,181.843
rma10.mtx,46835,46835,2374001,csr vector,1874,800,0,0.0897024,1.50904e-07,52.9306,203.017
rma10.mtx,46835,46835,2374001,coo seg,1484,800,64,0.0703488,1.49301e-07,67.4923,382.103
rma10.mtx,46835,46835,2374001,coo seg,742,800,128,0.064512,1.5044e-07,73.5987,416.674
rma10.mtx,46835,46835,2374001,coo seg,495,800,192,0.062976,1.49891e-07,75.3938,426.837
rma10.mtx,46835,46835,2374001,coo seg,371,800,256,0.063488,1.49802e-07,74.7858,423.395
rma10.mtx,46835,46835,2374001,coo seg,297,800,320,0.0633856,1.49372e-07,74.9066,424.079
rma10.mtx,46835,46835,2374001,coo seg,248,800,384,0.0676864,1.50431e-07,70.1471,397.133
rma10.mtx,46835,46835,2374001,coo seg,212,800,448,0.059904,1.4981e-07,79.2602,448.726
rma10.mtx,46835,46835,2374001,coo seg,186,800,512,0.0648192,1.49708e-07,73.2499,414.699
rma10.mtx,46835,46835,2374001,coo seg,165,800,576,0.067072,1.5019e-07,70.7896,400.77
rma10.mtx,46835,46835,2374001,coo seg,149,800,640,0.0715776,1.50084e-07,66.3336,375.543
rma10.mtx,46835,46835,2374001,coo seg,135,800,704,0.0774144,1.50838e-07,61.3323,347.228
rma10.mtx,46835,46835,2374001,coo seg,124,800,768,0.0818176,1.50008e-07,58.0315,328.541
rma10.mtx,46835,46835,2374001,coo seg,115,800,832,0.0843776,1.50513e-07,56.2709,318.574
rma10.mtx,46835,46835,2374001,coo seg,106,800,896,0.0591872,1.50777e-07,80.2201,454.16
rma10.mtx,46835,46835,2374001,coo seg,99,800,960,0.0630784,1.49595e-07,75.2714,426.144
rma10.mtx,46835,46835,2374001,coo seg,93,800,1024,0.0695296,1.49064e-07,68.2875,386.605
rma10.mtx,46835,46835,2374001,coo flat,2854,832,0,0.378573,8.22165e-08,12.5418,71.0048
rma10.mtx,46835,46835,2374001,csr scalar,57,832,0,0.0828416,8.53888e-08,57.3142,219.831
rma10.mtx,46835,46835,2374001,csr vector,1802,832,0,0.0879616,1.50904e-07,53.9781,207.035
rma10.mtx,46835,46835,2374001,coo seg,1427,832,64,0.0697344,1.49301e-07,68.0869,385.469
rma10.mtx,46835,46835,2374001,coo seg,714,832,128,0.0627712,1.5044e-07,75.6398,428.229
rma10.mtx,46835,46835,2374001,coo seg,476,832,192,0.0628736,1.49891e-07,75.5166,427.532
rma10.mtx,46835,46835,2374001,coo seg,357,832,256,0.0641024,1.49802e-07,74.069,419.336
rma10.mtx,46835,46835,2374001,coo seg,286,832,320,0.0626688,1.49372e-07,75.7634,428.929
rma10.mtx,46835,46835,2374001,coo seg,238,832,384,0.0671744,1.50431e-07,70.6817,400.16
rma10.mtx,46835,46835,2374001,coo seg,204,832,448,0.0603136,1.4981e-07,78.7219,445.679
rma10.mtx,46835,46835,2374001,coo seg,179,832,512,0.0649216,1.49708e-07,73.1344,414.045
rma10.mtx,46835,46835,2374001,coo seg,159,832,576,0.0661504,1.5019e-07,71.7759,406.354
rma10.mtx,46835,46835,2374001,coo seg,143,832,640,0.0708608,1.50084e-07,67.0046,379.342
rma10.mtx,46835,46835,2374001,coo seg,130,832,704,0.078848,1.50838e-07,60.2172,340.915
rma10.mtx,46835,46835,2374001,coo seg,119,832,768,0.0828416,1.50008e-07,57.3142,324.48
rma10.mtx,46835,46835,2374001,coo seg,110,832,832,0.057856,1.50513e-07,82.0658,464.61
rma10.mtx,46835,46835,2374001,coo seg,102,832,896,0.059904,1.50777e-07,79.2602,448.726
rma10.mtx,46835,46835,2374001,coo seg,96,832,960,0.062976,1.49595e-07,75.3938,426.837
rma10.mtx,46835,46835,2374001,coo seg,90,832,1024,0.0663552,1.49064e-07,71.5543,405.1
rma10.mtx,46835,46835,2374001,coo flat,2748,864,0,0.372941,9.08661e-08,12.7312,72.0771
rma10.mtx,46835,46835,2374001,csr scalar,55,864,0,0.089088,8.53888e-08,53.2956,204.417
rma10.mtx,46835,46835,2374001,csr vector,1735,864,0,0.0869376,1.50904e-07,54.6139,209.473
rma10.mtx,46835,46835,2374001,coo seg,1374,864,64,0.0676864,1.49301e-07,70.1471,397.133
rma10.mtx,46835,46835,2374001,coo seg,687,864,128,0.062976,1.5044e-07,75.3938,426.837
rma10.mtx,46835,46835,2374001,coo seg,458,864,192,0.0626688,1.49891e-07,75.7634,428.929
rma10.mtx,46835,46835,2374001,coo seg,344,864,256,0.0642048,1.49802e-07,73.9509,418.668
rma10.mtx,46835,46835,2374001,coo seg,275,864,320,0.0607232,1.49372e-07,78.1909,442.672
rma10.mtx,46835,46835,2374001,coo seg,229,864,384,0.0674816,1.50431e-07,70.3599,398.338
rma10.mtx,46835,46835,2374001,coo seg,197,864,448,0.0610304,1.4981e-07,77.7973,440.444
rma10.mtx,46835,46835,2374001,coo seg,172,864,512,0.0656384,1.49708e-07,72.3357,409.524
rma10.mtx,46835,46835,2374001,coo seg,153,864,576,0.0674816,1.5019e-07,70.36,398.338
rma10.mtx,46835,46835,2374001,coo seg,138,864,640,0.0733184,1.50084e-07,64.7587,366.627
rma10.mtx,46835,46835,2374001,coo seg,125,864,704,0.0769024,1.50838e-07,61.7406,349.54
rma10.mtx,46835,46835,2374001,coo seg,115,864,768,0.0805888,1.50008e-07,58.9164,333.551
rma10.mtx,46835,46835,2374001,coo seg,106,864,832,0.0596992,1.50513e-07,79.5321,450.265
rma10.mtx,46835,46835,2374001,coo seg,99,864,896,0.0616448,1.50777e-07,77.0219,436.054
rma10.mtx,46835,46835,2374001,coo seg,92,864,960,0.0647168,1.49595e-07,73.3658,415.355
rma10.mtx,46835,46835,2374001,coo seg,86,864,1024,0.0656384,1.49064e-07,72.3357,409.524
rma10.mtx,46835,46835,2374001,coo flat,2650,896,0,0.371302,7.21357e-08,12.7874,72.3951
rma10.mtx,46835,46835,2374001,csr scalar,53,896,0,0.0941056,8.53888e-08,50.454,193.518
rma10.mtx,46835,46835,2374001,csr vector,1673,896,0,0.08448,1.50904e-07,56.2027,215.567
rma10.mtx,46835,46835,2374001,coo seg,1325,896,64,0.06656,1.49301e-07,71.3342,403.853
rma10.mtx,46835,46835,2374001,coo seg,663,896,128,0.0607232,1.5044e-07,78.1909,442.672
rma10.mtx,46835,46835,2374001,coo seg,442,896,192,0.0590848,1.49891e-07,80.3591,454.947
rma10.mtx,46835,46835,2374001,coo seg,332,896,256,0.0572416,1.49802e-07,82.9467,469.597
rma10.mtx,46835,46835,2374001,coo seg,265,896,320,0.0610304,1.49372e-07,77.7973,440.444
rma10.mtx,46835,46835,2374001,coo seg,221,896,384,0.0566272,1.50431e-07,83.8467,474.692
rma10.mtx,46835,46835,2374001,coo seg,190,896,448,0.0615424,1.4981e-07,77.1501,436.78
rma10.mtx,46835,46835,2374001,coo seg,166,896,512,0.0621568,1.49708e-07,76.3875,432.462
rma10.mtx,46835,46835,2374001,coo seg,148,896,576,0.06656,1.5019e-07,71.3342,403.853
rma10.mtx,46835,46835,2374001,coo seg,133,896,640,0.072192,1.50084e-07,65.7691,372.347
rma10.mtx,46835,46835,2374001,coo seg,121,896,704,0.078336,1.50838e-07,60.6107,343.143
rma10.mtx,46835,46835,2374001,coo seg,111,896,768,0.057344,1.50008e-07,82.7986,468.758
rma10.mtx,46835,46835,2374001,coo seg,102,896,832,0.059904,1.50513e-07,79.2602,448.726
rma10.mtx,46835,46835,2374001,coo seg,95,896,896,0.0626688,1.50777e-07,75.7634,428.929
rma10.mtx,46835,46835,2374001,coo seg,89,896,960,0.064,1.49595e-07,74.1875,420.007
rma10.mtx,46835,46835,2374001,coo seg,83,896,1024,0.067072,1.49064e-07,70.7896,400.77
rma10.mtx,46835,46835,2374001,coo flat,2559,928,0,0.365875,8.92691e-08,12.9771,73.469
rma10.mtx,46835,46835,2374001,csr scalar,51,928,0,0.0982016,8.53888e-08,48.3495,185.446
rma10.mtx,46835,46835,2374001,csr vector,1615,928,0,0.0846848,1.50904e-07,56.0668,215.046
rma10.mtx,46835,46835,2374001,coo seg,1280,928,64,0.0658432,1.49301e-07,72.1107,408.25
rma10.mtx,46835,46835,2374001,coo seg,640,928,128,0.0611328,1.5044e-07,77.667,439.706
rma10.mtx,46835,46835,2374001,coo seg,427,928,192,0.0591872,1.49891e-07,80.2201,454.16
rma10.mtx,46835,46835,2374001,coo seg,320,928,256,0.0586752,1.49802e-07,80.9201,458.123
rma10.mtx,46835,46835,2374001,coo seg,256,928,320,0.0616448,1.49372e-07,77.0219,436.054
rma10.mtx,46835,46835,2374001,coo seg,214,928,384,0.0569344,1.50431e-07,83.3942,472.131
rma10.mtx,46835,46835,2374001,coo seg,183,928,448,0.0625664,1.4981e-07,75.8874,429.631
rma10.mtx,46835,46835,2374001,coo seg,160,928,512,0.0616448,1.49708e-07,77.0219,436.054
rma10.mtx,46835,46835,2374001,coo seg,143,928,576,0.06912,1.5019e-07,68.6922,388.896
rma10.mtx,46835,46835,2374001,coo seg,128,928,640,0.0729088,1.50084e-07,65.1225,368.686
rma10.mtx,46835,46835,2374001,coo seg,117,928,704,0.0777216,1.50838e-07,61.0899,345.856
rma10.mtx,46835,46835,2374001,coo seg,107,928,768,0.0564224,1.50008e-07,84.151,476.415
rma10.mtx,46835,46835,2374001,coo seg,99,928,832,0.0608256,1.50513e-07,78.0593,441.927
rma10.mtx,46835,46835,2374001,coo seg,92,928,896,0.065024,1.50777e-07,73.0192,413.393
rma10.mtx,46835,46835,2374001,coo seg,86,928,960,0.0642048,1.49595e-07,73.9509,418.668
rma10.mtx,46835,46835,2374001,coo seg,80,928,1024,0.0671744,1.49064e-07,70.6817,400.16
rma10.mtx,46835,46835,2374001,coo flat,2473,960,0,0.360038,8.58634e-08,13.1875,74.66
rma10.mtx,46835,46835,2374001,csr scalar,49,960,0,0.101581,8.53888e-08,46.7411,179.277
rma10.mtx,46835,46835,2374001,csr vector,1562,960,0,0.0833536,1.50904e-07,56.9622,218.48
rma10.mtx,46835,46835,2374001,coo seg,1237,960,64,0.065024,1.49301e-07,73.0192,413.393
rma10.mtx,46835,46835,2374001,coo seg,619,960,128,0.0600064,1.5044e-07,79.1249,447.96
rma10.mtx,46835,46835,2374001,coo seg,413,960,192,0.0595968,1.49891e-07,79.6687,451.039
rma10.mtx,46835,46835,2374001,coo seg,310,960,256,0.0581632,1.49802e-07,81.6324,462.156
rma10.mtx,46835,46835,2374001,coo seg,248,960,320,0.0625664,1.49372e-07,75.8874,429.631
rma10.mtx,46835,46835,2374001,coo seg,207,960,384,0.056832,1.50431e-07,83.5445,472.981
rma10.mtx,46835,46835,2374001,coo seg,177,960,448,0.0625664,1.4981e-07,75.8874,429.631
rma10.mtx,46835,46835,2374001,coo seg,155,960,512,0.0620544,1.49708e-07,76.5135,433.176
rma10.mtx,46835,46835,2374001,coo seg,138,960,576,0.0694272,1.5019e-07,68.3882,387.175
rma10.mtx,46835,46835,2374001,coo seg,124,960,640,0.0736256,1.50084e-07,64.4885,365.097
rma10.mtx,46835,46835,2374001,coo seg,113,960,704,0.07424,1.50838e-07,63.9548,362.075
rma10.mtx,46835,46835,2374001,coo seg,104,960,768,0.0585728,1.50008e-07,81.0616,458.924
rma10.mtx,46835,46835,2374001,coo seg,96,960,832,0.0613376,1.50513e-07,77.4077,438.238
rma10.mtx,46835,46835,2374001,coo seg,89,960,896,0.0622592,1.50777e-07,76.2619,431.751
rma10.mtx,46835,46835,2374001,coo seg,83,960,960,0.0643072,1.49595e-07,73.8331,418.001
rma10.mtx,46835,46835,2374001,coo seg,78,960,1024,0.067584,1.49064e-07,70.2534,397.734
rma10.mtx,46835,46835,2374001,coo flat,2394,992,0,0.35625,9.13858e-08,13.3277,75.454
rma10.mtx,46835,46835,2374001,csr scalar,48,992,0,0.10793,8.53888e-08,43.9917,168.731
rma10.mtx,46835,46835,2374001,csr vector,1511,992,0,0.0827392,1.50904e-07,57.3852,220.103
rma10.mtx,46835,46835,2374001,coo seg,1197,992,64,0.0638976,1.49301e-07,74.3064,420.681
rma10.mtx,46835,46835,2374001,coo seg,599,992,128,0.0601088,1.5044e-07,78.9901,447.197
rma10.mtx,46835,46835,2374001,coo seg,399,992,192,0.0598016,1.49891e-07,79.3959,449.494
rma10.mtx,46835,46835,2374001,coo seg,300,992,256,0.0590848,1.49802e-07,80.3591,454.947
rma10.mtx,46835,46835,2374001,coo seg,240,992,320,0.062464,1.49372e-07,76.0118,430.336
rma10.mtx,46835,46835,2374001,coo seg,200,992,384,0.0582656,1.50431e-07,81.4889,461.344
rma10.mtx,46835,46835,2374001,coo seg,171,992,448,0.0630784,1.4981e-07,75.2714,426.144
rma10.mtx,46835,46835,2374001,coo seg,150,992,512,0.0628736,1.49708e-07,75.5166,427.532
rma10.mtx,46835,46835,2374001,coo seg,133,992,576,0.0695296,1.5019e-07,68.2875,386.605
rma10.mtx,46835,46835,2374001,coo seg,120,992,640,0.073728,1.50084e-07,64.3989,364.59
rma10.mtx,46835,46835,2374001,coo seg,109,992,704,0.0560128,1.50838e-07,84.7664,479.899
rma10.mtx,46835,46835,2374001,coo seg,100,992,768,0.0576512,1.50008e-07,82.3574,466.26
rma10.mtx,46835,46835,2374001,coo seg,93,992,832,0.0628736,1.50513e-07,75.5166,427.532
rma10.mtx,46835,46835,2374001,coo seg,86,992,896,0.067584,1.50777e-07,70.2534,397.734
rma10.mtx,46835,46835,2374001,coo seg,80,992,960,0.0658432,1.49595e-07,72.1107,408.25
rma10.mtx,46835,46835,2374001,coo seg,75,992,1024,0.069632,1.49064e-07,68.1871,386.036
rma10.mtx,46835,46835,2374001,coo flat,2319,1024,0,0.35072,8.00271e-08,13.5379,76.6437
rma10.mtx,46835,46835,2374001,csr scalar,46,1024,0,0.116019,8.53888e-08,40.9243,156.966
rma10.mtx,46835,46835,2374001,csr vector,1464,1024,0,0.0805888,1.50904e-07,58.9164,225.976
rma10.mtx,46835,46835,2374001,coo seg,1160,1024,64,0.0626688,1.49301e-07,75.7634,428.929
rma10.mtx,46835,46835,2374001,coo seg,580,1024,128,0.0594944,1.5044e-07,79.8059,451.815
rma10.mtx,46835,46835,2374001,coo seg,387,1024,192,0.0576512,1.49891e-07,82.3574,466.26
rma10.mtx,46835,46835,2374001,coo seg,290,1024,256,0.05888,1.49802e-07,80.6386,456.53
rma10.mtx,46835,46835,2374001,coo seg,232,1024,320,0.062976,1.49372e-07,75.3938,426.837
rma10.mtx,46835,46835,2374001,coo seg,194,1024,384,0.0582656,1.50431e-07,81.4889,461.344
rma10.mtx,46835,46835,2374001,coo seg,166,1024,448,0.0585728,1.4981e-07,81.0615,458.924
rma10.mtx,46835,46835,2374001,coo seg,145,1024,512,0.0628736,1.49708e-07,75.5166,427.532
rma10.mtx,46835,46835,2374001,coo seg,129,1024,576,0.0700416,1.5019e-07,67.7883,383.779
rma10.mtx,46835,46835,2374001,coo seg,116,1024,640,0.0738304,1.50084e-07,64.3096,364.084
rma10.mtx,46835,46835,2374001,coo seg,106,1024,704,0.0553984,1.50838e-07,85.7065,485.221
rma10.mtx,46835,46835,2374001,coo seg,97,1024,768,0.059392,1.50008e-07,79.9435,452.594
rma10.mtx,46835,46835,2374001,coo seg,90,1024,832,0.0620544,1.50513e-07,76.5135,433.176
rma10.mtx,46835,46835,2374001,coo seg,83,1024,896,0.0638976,1.50777e-07,74.3064,420.681
rma10.mtx,46835,46835,2374001,coo seg,78,1024,960,0.0661504,1.49595e-07,71.7759,406.354
rma10.mtx,46835,46835,2374001,coo seg,73,1024,1024,0.069632,1.49064e-07,68.1871,386.036
rma10.mtx,46835,46835,2374001,CuSparse,0,0,0,0.0441344,1.59856e-07,107.581,412.628
scircuit.mtx,170998,170998,958936,coo flat,29967,32,0,0.0589824,2.19548e-08,32.516,203.298
scircuit.mtx,170998,170998,958936,csr scalar,5344,32,0,0.0429056,7.87122e-08,44.6998,211.061
scircuit.mtx,170998,170998,958936,csr vector,170998,32,0,0.344576,7.51149e-08,5.56589,26.2807
scircuit.mtx,170998,170998,958936,coo seg,14984,32,64,0.0436224,6.17229e-08,43.9653,274.881
scircuit.mtx,170998,170998,958936,coo seg,7492,32,128,0.0349184,6.14687e-08,54.9244,343.4
scircuit.mtx,170998,170998,958936,coo seg,4995,32,192,0.033792,6.1277e-08,56.7552,354.847
scircuit.mtx,170998,170998,958936,coo seg,3746,32,256,0.036352,6.13198e-08,52.7584,329.857
scircuit.mtx,170998,170998,958936,coo seg,2997,32,320,0.033792,6.12823e-08,56.7552,354.847
scircuit.mtx,170998,170998,958936,coo seg,2498,32,384,0.0376832,6.12633e-08,50.8946,318.205
scircuit.mtx,170998,170998,958936,coo seg,2141,32,448,0.0411648,6.13093e-08,46.5901,291.292
scircuit.mtx,170998,170998,958936,coo seg,1873,32,512,0.0432128,6.11317e-08,44.382,277.487
scircuit.mtx,170998,170998,958936,coo seg,1665,32,576,0.0305152,6.11603e-08,62.8497,392.951
scircuit.mtx,170998,170998,958936,coo seg,1499,32,640,0.0326656,6.12511e-08,58.7123,367.083
scircuit.mtx,170998,170998,958936,coo seg,1363,32,704,0.0338944,6.13103e-08,56.5837,353.775
scircuit.mtx,170998,170998,958936,coo seg,1249,32,768,0.0355328,6.12156e-08,53.9747,337.462
scircuit.mtx,170998,170998,958936,coo seg,1153,32,832,0.0372736,6.12336e-08,51.4539,321.702
scircuit.mtx,170998,170998,958936,coo seg,1071,32,896,0.0391168,6.12583e-08,49.0294,306.543
scircuit.mtx,170998,170998,958936,coo seg,999,32,960,0.0398336,6.12656e-08,48.1471,301.027
scircuit.mtx,170998,170998,958936,coo seg,937,32,1024,0.0425984,6.11501e-08,45.0222,281.489
scircuit.mtx,170998,170998,958936,coo flat,14984,64,0,0.0492544,2.28161e-08,38.9381,243.45
scircuit.mtx,170998,170998,958936,csr scalar,2672,64,0,0.0448512,7.87122e-08,42.7608,201.905
scircuit.mtx,170998,170998,958936,csr vector,85499,64,0,0.137114,7.51149e-08,13.9875,66.0451
scircuit.mtx,170998,170998,958936,coo seg,7492,64,64,0.027648,6.17229e-08,69.3675,433.702
scircuit.mtx,170998,170998,958936,coo seg,3746,64,128,0.0273408,6.14687e-08,70.1469,438.575
scircuit.mtx,170998,170998,958936,coo seg,2498,64,192,0.0283648,6.1277e-08,67.6145,422.742
scircuit.mtx,170998,170998,958936,coo seg,1873,64,256,0.03072,6.13198e-08,62.4307,390.331
scircuit.mtx,170998,170998,958936,coo seg,1499,64,320,0.0270336,6.12823e-08,70.944,443.558
scircuit.mtx,170998,170998,958936,coo seg,1249,64,384,0.0278528,6.12633e-08,68.8574,430.513
scircuit.mtx,170998,170998,958936,coo seg,1071,64,448,0.0287744,6.13093e-08,66.652,416.724
scircuit.mtx,170998,170998,958936,coo seg,937,64,512,0.0295936,6.11317e-08,64.807,405.188
scircuit.mtx,170998,170998,958936,coo seg,833,64,576,0.0321536,6.11603e-08,59.6472,372.928
scircuit.mtx,170998,170998,958936,coo seg,750,64,640,0.0324608,6.12511e-08,59.0827,369.399
scircuit.mtx,170998,170998,958936,coo seg,682,64,704,0.0329728,6.13103e-08,58.1653,363.663
scircuit.mtx,170998,170998,958936,coo seg,625,64,768,0.0345088,6.12156e-08,55.5763,347.476
scircuit.mtx,170998,170998,958936,coo seg,577,64,832,0.03584,6.12336e-08,53.5121,334.57
scircuit.mtx,170998,170998,958936,coo seg,536,64,896,0.0375808,6.12583e-08,51.0333,319.072
scircuit.mtx,170998,170998,958936,coo seg,500,64,960,0.0390144,6.12656e-08,49.1581,307.348
scircuit.mtx,170998,170998,958936,coo seg,469,64,1024,0.0448512,6.11501e-08,42.7608,267.35
scircuit.mtx,170998,170998,958936,coo flat,9989,96,0,0.0497664,2.06121e-08,38.5375,240.945
scircuit.mtx,170998,170998,958936,csr scalar,1782,96,0,0.0456704,7.87122e-08,41.9938,198.283
scircuit.mtx,170998,170998,958936,csr vector,57000,96,0,0.123085,7.51149e-08,15.5817,73.5727
scircuit.mtx,170998,170998,958936,coo seg,4995,96,64,0.0275456,6.17229e-08,69.6254,435.314
scircuit.mtx,170998,170998,958936,coo seg,2498,96,128,0.0274432,6.14687e-08,69.8851,436.938
scircuit.mtx,170998,170998,958936,coo seg,1665,96,192,0.0273408,6.1277e-08,70.1469,438.575
scircuit.mtx,170998,170998,958936,coo seg,1249,96,256,0.0301056,6.13198e-08,63.7048,398.297
scircuit.mtx,170998,170998,958936,coo seg,999,96,320,0.0269312,6.12823e-08,71.2138,445.245
scircuit.mtx,170998,170998,958936,coo seg,833,96,384,0.0279552,6.12633e-08,68.6052,428.936
scircuit.mtx,170998,170998,958936,coo seg,714,96,448,0.028672,6.13093e-08,66.8901,418.212
scircuit.mtx,170998,170998,958936,coo seg,625,96,512,0.029184,6.11317e-08,65.7166,410.875
scircuit.mtx,170998,170998,958936,coo seg,555,96,576,0.0301056,6.11603e-08,63.7048,398.297
scircuit.mtx,170998,170998,958936,coo seg,500,96,640,0.0315392,6.12511e-08,60.8091,380.193
scircuit.mtx,170998,170998,958936,coo seg,455,96,704,0.0349184,6.13103e-08,54.9244,343.4
scircuit.mtx,170998,170998,958936,coo seg,417,96,768,0.0361472,6.12156e-08,53.0573,331.726
scircuit.mtx,170998,170998,958936,coo seg,385,96,832,0.0361472,6.12336e-08,53.0573,331.726
scircuit.mtx,170998,170998,958936,coo seg,357,96,896,0.0379904,6.12583e-08,50.4831,315.632
scircuit.mtx,170998,170998,958936,coo seg,333,96,960,0.0432128,6.12656e-08,44.382,277.487
scircuit.mtx,170998,170998,958936,coo seg,313,96,1024,0.0447488,6.11501e-08,42.8586,267.962
scircuit.mtx,170998,170998,958936,coo flat,7492,128,0,0.049664,2.20389e-08,38.6169,241.442
scircuit.mtx,170998,170998,958936,csr scalar,1336,128,0,0.0444416,7.87122e-08,43.1549,203.766
scircuit.mtx,170998,170998,958936,csr vector,42750,128,0,0.115405,7.51149e-08,16.6187,78.4689
scircuit.mtx,170998,170998,958936,coo seg,3746,128,64,0.0268288,6.17229e-08,71.4856,446.944
scircuit.mtx,170998,170998,958936,coo seg,1873,128,128,0.0272384,6.14687e-08,70.4106,440.223
scircuit.mtx,170998,170998,958936,coo seg,1249,128,192,0.0272384,6.1277e-08,70.4106,440.223
scircuit.mtx,170998,170998,958936,coo seg,937,128,256,0.0289792,6.13198e-08,66.181,413.779
scircuit.mtx,170998,170998,958936,coo seg,750,128,320,0.0268288,6.12823e-08,71.4856,446.944
scircuit.mtx,170998,170998,958936,coo seg,625,128,384,0.0273408,6.12633e-08,70.1469,438.575
scircuit.mtx,170998,170998,958936,coo seg,536,128,448,0.0282624,6.13093e-08,67.8595,424.273
scircuit.mtx,170998,170998,958936,coo seg,469,128,512,0.0299008,6.11317e-08,64.1412,401.025
scircuit.mtx,170998,170998,958936,coo seg,417,128,576,0.0308224,6.11603e-08,62.2233,389.035
scircuit.mtx,170998,170998,958936,coo seg,375,128,640,0.0338944,6.12511e-08,56.5837,353.775
scircuit.mtx,170998,170998,958936,coo seg,341,128,704,0.0324608,6.13103e-08,59.0827,369.399
scircuit.mtx,170998,170998,958936,coo seg,313,128,768,0.0369664,6.12156e-08,51.8815,324.375
scircuit.mtx,170998,170998,958936,coo seg,289,128,832,0.0376832,6.12336e-08,50.8946,318.205
scircuit.mtx,170998,170998,958936,coo seg,268,128,896,0.0415744,6.12583e-08,46.1311,288.422
scircuit.mtx,170998,170998,958936,coo seg,250,128,960,0.0415744,6.12656e-08,46.1311,288.422
scircuit.mtx,170998,170998,958936,coo seg,235,128,1024,0.0415744,6.11501e-08,46.1311,288.422
scircuit.mtx,170998,170998,958936,coo flat,5994,160,0,0.0508928,2.22344e-08,37.6845,235.612
scircuit.mtx,170998,170998,958936,csr scalar,1069,160,0,0.043008,7.87122e-08,44.5934,210.558
scircuit.mtx,170998,170998,958936,csr vector,34200,160,0,0.121549,7.51149e-08,15.7786,74.5025
scircuit.mtx,170998,170998,958936,coo seg,2997,160,64,0.0272384,6.17229e-08,70.4106,440.223
scircuit.mtx,170998,170998,958936,coo seg,1499,160,128,0.0270336,6.14687e-08,70.944,443.558
scircuit.mtx,170998,170998,958936,coo seg,999,160,192,0.0269312,6.1277e-08,71.2138,445.245
scircuit.mtx,170998,170998,958936,coo seg,750,160,256,0.0305152,6.13198e-08,62.8497,392.951
scircuit.mtx,170998,170998,958936,coo seg,600,160,320,0.0264192,6.12823e-08,72.5939,453.874
scircuit.mtx,170998,170998,958936,coo seg,500,160,384,0.0272384,6.12633e-08,70.4106,440.223
scircuit.mtx,170998,170998,958936,coo seg,429,160,448,0.02816,6.13093e-08,68.1062,425.816
scircuit.mtx,170998,170998,958936,coo seg,375,160,512,0.03072,6.11317e-08,62.4307,390.331
scircuit.mtx,170998,170998,958936,coo seg,333,160,576,0.0319488,6.11603e-08,60.0295,375.319
scircuit.mtx,170998,170998,958936,coo seg,300,160,640,0.0314368,6.12511e-08,61.0072,381.431
scircuit.mtx,170998,170998,958936,coo seg,273,160,704,0.0330752,6.13103e-08,57.9852,362.537
scircuit.mtx,170998,170998,958936,coo seg,250,160,768,0.0357376,6.12156e-08,53.6654,335.528
scircuit.mtx,170998,170998,958936,coo seg,231,160,832,0.0361472,6.12336e-08,53.0573,331.726
scircuit.mtx,170998,170998,958936,coo seg,215,160,896,0.0412672,6.12583e-08,46.4745,290.569
scircuit.mtx,170998,170998,958936,coo seg,200,160,960,0.0391168,6.12656e-08,49.0294,306.543
scircuit.mtx,170998,170998,958936,coo seg,188,160,1024,0.0412672,6.11501e-08,46.4745,290.569
scircuit.mtx,170998,170998,958936,coo flat,4995,192,0,0.0508928,2.19724e-08,37.6845,235.612
scircuit.mtx,170998,170998,958936,csr scalar,891,192,0,0.044544,7.87122e-08,43.0557,203.298
scircuit.mtx,170998,170998,958936,csr vector,28500,192,0,0.118682,7.51149e-08,16.1598,76.3024
scircuit.mtx,170998,170998,958936,coo seg,2498,192,64,0.0275456,6.17229e-08,69.6254,435.314
scircuit.mtx,170998,170998,958936,coo seg,1249,192,128,0.0269312,6.14687e-08,71.2138,445.245
scircuit.mtx,170998,170998,958936,coo seg,833,192,192,0.0268288,6.1277e-08,71.4856,446.944
scircuit.mtx,170998,170998,958936,coo seg,625,192,256,0.0304128,6.13198e-08,63.0613,394.274
scircuit.mtx,170998,170998,958936,coo seg,500,192,320,0.0262144,6.12823e-08,73.161,457.42
scircuit.mtx,170998,170998,958936,coo seg,417,192,384,0.0274432,6.12633e-08,69.8851,436.938
scircuit.mtx,170998,170998,958936,coo seg,357,192,448,0.0279552,6.13093e-08,68.6052,428.936
scircuit.mtx,170998,170998,958936,coo seg,313,192,512,0.0301056,6.11317e-08,63.7048,398.297
scircuit.mtx,170998,170998,958936,coo seg,278,192,576,0.031744,6.11603e-08,60.4168,377.74
scircuit.mtx,170998,170998,958936,coo seg,250,192,640,0.0328704,6.12511e-08,58.3465,364.796
scircuit.mtx,170998,170998,958936,coo seg,228,192,704,0.0328704,6.13103e-08,58.3465,364.796
scircuit.mtx,170998,170998,958936,coo seg,209,192,768,0.0382976,6.12156e-08,50.0781,313.1
scircuit.mtx,170998,170998,958936,coo seg,193,192,832,0.0393216,6.12336e-08,48.774,304.946
scircuit.mtx,170998,170998,958936,coo seg,179,192,896,0.0392192,6.12583e-08,48.9014,305.743
scircuit.mtx,170998,170998,958936,coo seg,167,192,960,0.04096,6.12656e-08,46.823,292.749
scircuit.mtx,170998,170998,958936,coo seg,157,192,1024,0.0459776,6.11501e-08,41.7132,260.8
scircuit.mtx,170998,170998,958936,coo flat,4281,224,0,0.0502784,2.24508e-08,38.1451,238.492
scircuit.mtx,170998,170998,958936,csr scalar,764,224,0,0.0457728,7.87122e-08,41.8998,197.84
scircuit.mtx,170998,170998,958936,csr vector,24429,224,0,0.11735,7.51149e-08,16.3431,77.1679
scircuit.mtx,170998,170998,958936,coo seg,2141,224,64,0.0274432,6.17229e-08,69.8851,436.938
scircuit.mtx,170998,170998,958936,coo seg,1071,224,128,0.0269312,6.14687e-08,71.2138,445.245
scircuit.mtx,170998,170998,958936,coo seg,714,224,192,0.0269312,6.1277e-08,71.2138,445.245
scircuit.mtx,170998,170998,958936,coo seg,536,224,256,0.0297984,6.13198e-08,64.3616,402.404
scircuit.mtx,170998,170998,958936,coo seg,429,224,320,0.026624,6.12823e-08,72.0355,450.382
scircuit.mtx,170998,170998,958936,coo seg,357,224,384,0.0273408,6.12633e-08,70.1469,438.575
scircuit.mtx,170998,170998,958936,coo seg,306,224,448,0.0294912,6.13093e-08,65.032,406.595
scircuit.mtx,170998,170998,958936,coo seg,268,224,512,0.0308224,6.11317e-08,62.2233,389.035
scircuit.mtx,170998,170998,958936,coo seg,238,224,576,0.0306176,6.11603e-08,62.6395,391.637
scircuit.mtx,170998,170998,958936,coo seg,215,224,640,0.03328,6.12511e-08,57.6284,360.306
scircuit.mtx,170998,170998,958936,coo seg,195,224,704,0.0328704,6.13103e-08,58.3465,364.796
scircuit.mtx,170998,170998,958936,coo seg,179,224,768,0.0360448,6.12156e-08,53.208,332.669
scircuit.mtx,170998,170998,958936,coo seg,165,224,832,0.0360448,6.12336e-08,53.208,332.669
scircuit.mtx,170998,170998,958936,coo seg,153,224,896,0.0381952,6.12583e-08,50.2124,313.939
scircuit.mtx,170998,170998,958936,coo seg,143,224,960,0.0444416,6.12656e-08,43.1549,269.814
scircuit.mtx,170998,170998,958936,coo seg,134,224,1024,0.0459776,6.11501e-08,41.7132,260.8
scircuit.mtx,170998,170998,958936,coo flat,3746,256,0,0.050176,2.08869e-08,38.2229,238.978
scircuit.mtx,170998,170998,958936,csr scalar,668,256,0,0.0444416,7.87122e-08,43.1549,203.766
scircuit.mtx,170998,170998,958936,csr vector,21375,256,0,0.108544,7.51149e-08,17.6691,83.4287
scircuit.mtx,170998,170998,958936,coo seg,1873,256,64,0.0267264,6.17229e-08,71.7595,448.657
scircuit.mtx,170998,170998,958936,coo seg,937,256,128,0.026624,6.14687e-08,72.0355,450.382
scircuit.mtx,170998,170998,958936,coo seg,625,256,192,0.0267264,6.1277e-08,71.7595,448.657
scircuit.mtx,170998,170998,958936,coo seg,469,256,256,0.0304128,6.13198e-08,63.0613,394.274
scircuit.mtx,170998,170998,958936,coo seg,375,256,320,0.0273408,6.12823e-08,70.1469,438.575
scircuit.mtx,170998,170998,958936,coo seg,313,256,384,0.0277504,6.12633e-08,69.1115,432.101
scircuit.mtx,170998,170998,958936,coo seg,268,256,448,0.0297984,6.13093e-08,64.3616,402.404
scircuit.mtx,170998,170998,958936,coo seg,235,256,512,0.029696,6.11317e-08,64.5835,403.791
scircuit.mtx,170998,170998,958936,coo seg,209,256,576,0.032768,6.11603e-08,58.5288,365.936
scircuit.mtx,170998,170998,958936,coo seg,188,256,640,0.0316416,6.12511e-08,60.6124,378.962
scircuit.mtx,170998,170998,958936,coo seg,171,256,704,0.0323584,6.13103e-08,59.2697,370.568
scircuit.mtx,170998,170998,958936,coo seg,157,256,768,0.0376832,6.12156e-08,50.8946,318.205
scircuit.mtx,170998,170998,958936,coo seg,145,256,832,0.0396288,6.12336e-08,48.3959,302.582
scircuit.mtx,170998,170998,958936,coo seg,134,256,896,0.0420864,6.12583e-08,45.5699,284.913
scircuit.mtx,170998,170998,958936,coo seg,125,256,960,0.0468992,6.12656e-08,40.8935,255.676
scircuit.mtx,170998,170998,958936,coo seg,118,256,1024,0.0411648,6.11501e-08,46.5901,291.292
scircuit.mtx,170998,170998,958936,coo flat,3330,288,0,0.0505856,2.28287e-08,37.9134,237.043
scircuit.mtx,170998,170998,958936,csr scalar,594,288,0,0.0463872,7.87122e-08,41.3449,195.219
scircuit.mtx,170998,170998,958936,csr vector,19000,288,0,0.117146,7.51149e-08,16.3717,77.3028
scircuit.mtx,170998,170998,958936,coo seg,1665,288,64,0.0272384,6.17229e-08,70.4106,440.223
scircuit.mtx,170998,170998,958936,coo seg,833,288,128,0.0270336,6.14687e-08,70.944,443.558
scircuit.mtx,170998,170998,958936,coo seg,555,288,192,0.0267264,6.1277e-08,71.7595,448.657
scircuit.mtx,170998,170998,958936,coo seg,417,288,256,0.029696,6.13198e-08,64.5835,403.791
scircuit.mtx,170998,170998,958936,coo seg,333,288,320,0.0269312,6.12823e-08,71.2138,445.245
scircuit.mtx,170998,170998,958936,coo seg,278,288,384,0.0279552,6.12633e-08,68.6052,428.936
scircuit.mtx,170998,170998,958936,coo seg,238,288,448,0.0287744,6.13093e-08,66.652,416.724
scircuit.mtx,170998,170998,958936,coo seg,209,288,512,0.0308224,6.11317e-08,62.2233,389.035
scircuit.mtx,170998,170998,958936,coo seg,185,288,576,0.0324608,6.11603e-08,59.0827,369.399
scircuit.mtx,170998,170998,958936,coo seg,167,288,640,0.0325632,6.12511e-08,58.8969,368.237
scircuit.mtx,170998,170998,958936,coo seg,152,288,704,0.0329728,6.13103e-08,58.1653,363.663
scircuit.mtx,170998,170998,958936,coo seg,139,288,768,0.03584,6.12156e-08,53.5121,334.57
scircuit.mtx,170998,170998,958936,coo seg,129,288,832,0.0410624,6.12336e-08,46.7063,292.018
scircuit.mtx,170998,170998,958936,coo seg,119,288,896,0.0384,6.12583e-08,49.9446,312.265
scircuit.mtx,170998,170998,958936,coo seg,111,288,960,0.0444416,6.12656e-08,43.1549,269.814
scircuit.mtx,170998,170998,958936,coo seg,105,288,1024,0.0470016,6.11501e-08,40.8044,255.119
scircuit.mtx,170998,170998,958936,coo flat,2997,320,0,0.0509952,2.11952e-08,37.6089,235.139
scircuit.mtx,170998,170998,958936,csr scalar,535,320,0,0.0442368,7.87122e-08,43.3547,204.709
scircuit.mtx,170998,170998,958936,csr vector,17100,320,0,0.118374,7.51149e-08,16.2017,76.5004
scircuit.mtx,170998,170998,958936,coo seg,1499,320,64,0.0277504,6.17229e-08,69.1115,432.101
scircuit.mtx,170998,170998,958936,coo seg,750,320,128,0.0275456,6.14687e-08,69.6254,435.314
scircuit.mtx,170998,170998,958936,coo seg,500,320,192,0.0268288,6.1277e-08,71.4856,446.944
scircuit.mtx,170998,170998,958936,coo seg,375,320,256,0.0310272,6.13198e-08,61.8126,386.467
scircuit.mtx,170998,170998,958936,coo seg,300,320,320,0.0270336,6.12823e-08,70.944,443.558
scircuit.mtx,170998,170998,958936,coo seg,250,320,384,0.0277504,6.12633e-08,69.1115,432.101
scircuit.mtx,170998,170998,958936,coo seg,215,320,448,0.0290816,6.13093e-08,65.948,412.322
scircuit.mtx,170998,170998,958936,coo seg,188,320,512,0.0290816,6.11317e-08,65.9479,412.322
scircuit.mtx,170998,170998,958936,coo seg,167,320,576,0.0310272,6.11603e-08,61.8126,386.467
scircuit.mtx,170998,170998,958936,coo seg,150,320,640,0.034816,6.12511e-08,55.0859,344.41
scircuit.mtx,170998,170998,958936,coo seg,137,320,704,0.033792,6.13103e-08,56.7552,354.847
scircuit.mtx,170998,170998,958936,coo seg,125,320,768,0.0407552,6.12156e-08,47.0583,294.22
scircuit.mtx,170998,170998,958936,coo seg,116,320,832,0.0403456,6.12336e-08,47.5361,297.207
scircuit.mtx,170998,170998,958936,coo seg,108,320,896,0.037376,6.12583e-08,51.3129,320.82
scircuit.mtx,170998,170998,958936,coo seg,100,320,960,0.0390144,6.12656e-08,49.1581,307.348
scircuit.mtx,170998,170998,958936,coo seg,94,320,1024,0.04608,6.11501e-08,41.6205,260.221
scircuit.mtx,170998,170998,958936,coo flat,2725,352,0,0.051712,2.24926e-08,37.0876,231.88
scircuit.mtx,170998,170998,958936,csr scalar,486,352,0,0.0423936,7.87122e-08,45.2397,213.61
scircuit.mtx,170998,170998,958936,csr vector,15546,352,0,0.124518,7.51149e-08,15.4023,72.7257
scircuit.mtx,170998,170998,958936,coo seg,1363,352,64,0.0279552,6.17229e-08,68.6052,428.936
scircuit.mtx,170998,170998,958936,coo seg,682,352,128,0.027648,6.14687e-08,69.3675,433.702
scircuit.mtx,170998,170998,958936,coo seg,455,352,192,0.0270336,6.1277e-08,70.944,443.558
scircuit.mtx,170998,170998,958936,coo seg,341,352,256,0.0304128,6.13198e-08,63.0613,394.274
scircuit.mtx,170998,170998,958936,coo seg,273,352,320,0.0267264,6.12823e-08,71.7595,448.657
scircuit.mtx,170998,170998,958936,coo seg,228,352,384,0.027648,6.12633e-08,69.3675,433.702
scircuit.mtx,170998,170998,958936,coo seg,195,352,448,0.0284672,6.13093e-08,67.3713,421.221
scircuit.mtx,170998,170998,958936,coo seg,171,352,512,0.0290816,6.11317e-08,65.9479,412.322
scircuit.mtx,170998,170998,958936,coo seg,152,352,576,0.0305152,6.11603e-08,62.8497,392.951
scircuit.mtx,170998,170998,958936,coo seg,137,352,640,0.0321536,6.12511e-08,59.6472,372.928
scircuit.mtx,170998,170998,958936,coo seg,124,352,704,0.038912,6.13103e-08,49.2874,308.156
scircuit.mtx,170998,170998,958936,coo seg,114,352,768,0.0349184,6.12156e-08,54.9244,343.4
scircuit.mtx,170998,170998,958936,coo seg,105,352,832,0.0393216,6.12336e-08,48.774,304.946
scircuit.mtx,170998,170998,958936,coo seg,98,352,896,0.0416768,6.12583e-08,46.0177,287.714
scircuit.mtx,170998,170998,958936,coo seg,91,352,960,0.0396288,6.12656e-08,48.3959,302.582
scircuit.mtx,170998,170998,958936,coo seg,86,352,1024,0.0463872,6.11501e-08,41.3449,258.498
scircuit.mtx,170998,170998,958936,coo flat,2498,384,0,0.0514048,2.06327e-08,37.3092,233.266
scircuit.mtx,170998,170998,958936,csr scalar,446,384,0,0.0410624,7.87122e-08,46.7063,220.535
scircuit.mtx,170998,170998,958936,csr vector,14250,384,0,0.116531,7.51149e-08,16.458,77.7104
scircuit.mtx,170998,170998,958936,coo seg,1249,384,64,0.027648,6.17229e-08,69.3675,433.702
scircuit.mtx,170998,170998,958936,coo seg,625,384,128,0.0277504,6.14687e-08,69.1115,432.101
scircuit.mtx,170998,170998,958936,coo seg,417,384,192,0.0268288,6.1277e-08,71.4856,446.944
scircuit.mtx,170998,170998,958936,coo seg,313,384,256,0.0303104,6.13198e-08,63.2744,395.606
scircuit.mtx,170998,170998,958936,coo seg,250,384,320,0.0274432,6.12823e-08,69.8851,436.938
scircuit.mtx,170998,170998,958936,coo seg,209,384,384,0.0287744,6.12633e-08,66.652,416.724
scircuit.mtx,170998,170998,958936,coo seg,179,384,448,0.0299008,6.13093e-08,64.1412,401.025
scircuit.mtx,170998,170998,958936,coo seg,157,384,512,0.0311296,6.11317e-08,61.6093,385.195
scircuit.mtx,170998,170998,958936,coo seg,139,384,576,0.0309248,6.11603e-08,62.0173,387.746
scircuit.mtx,170998,170998,958936,coo seg,125,384,640,0.0370688,6.12511e-08,51.7382,323.479
scircuit.mtx,170998,170998,958936,coo seg,114,384,704,0.0330752,6.13103e-08,57.9852,362.537
scircuit.mtx,170998,170998,958936,coo seg,105,384,768,0.0377856,6.12156e-08,50.7567,317.343
scircuit.mtx,170998,170998,958936,coo seg,97,384,832,0.0397312,6.12336e-08,48.2712,301.803
scircuit.mtx,170998,170998,958936,coo seg,90,384,896,0.0377856,6.12583e-08,50.7567,317.343
scircuit.mtx,170998,170998,958936,coo seg,84,384,960,0.045056,6.12656e-08,42.5664,266.135
scircuit.mtx,170998,170998,958936,coo seg,79,384,1024,0.042496,6.11501e-08,45.1306,282.167
scircuit.mtx,170998,170998,958936,coo flat,2306,416,0,0.0526336,2.22715e-08,36.4382,227.82
scircuit.mtx,170998,170998,958936,csr scalar,412,416,0,0.045056,7.87122e-08,42.5664,200.987
scircuit.mtx,170998,170998,958936,csr vector,13154,416,0,0.130048,7.51149e-08,14.7474,69.6334
scircuit.mtx,170998,170998,958936,coo seg,1153,416,64,0.0284672,6.17229e-08,67.3713,421.221
scircuit.mtx,170998,170998,958936,coo seg,577,416,128,0.0278528,6.14687e-08,68.8574,430.513
scircuit.mtx,170998,170998,958936,coo seg,385,416,192,0.0280576,6.1277e-08,68.3548,427.37
scircuit.mtx,170998,170998,958936,coo seg,289,416,256,0.030208,6.13198e-08,63.4889,396.947
scircuit.mtx,170998,170998,958936,coo seg,231,416,320,0.0320512,6.12823e-08,59.8378,374.12
scircuit.mtx,170998,170998,958936,coo seg,193,416,384,0.0290816,6.12633e-08,65.948,412.322
scircuit.mtx,170998,170998,958936,coo seg,165,416,448,0.0283648,6.13093e-08,67.6145,422.742
scircuit.mtx,170998,170998,958936,coo seg,145,416,512,0.0304128,6.11317e-08,63.0613,394.274
scircuit.mtx,170998,170998,958936,coo seg,129,416,576,0.0344064,6.11603e-08,55.7417,348.51
scircuit.mtx,170998,170998,958936,coo seg,116,416,640,0.0357376,6.12511e-08,53.6654,335.528
scircuit.mtx,170998,170998,958936,coo seg,105,416,704,0.0357376,6.13103e-08,53.6654,335.528
scircuit.mtx,170998,170998,958936,coo seg,97,416,768,0.0379904,6.12156e-08,50.4831,315.632
scircuit.mtx,170998,170998,958936,coo seg,89,416,832,0.0362496,6.12336e-08,52.9074,330.789
scircuit.mtx,170998,170998,958936,coo seg,83,416,896,0.0428032,6.12583e-08,44.8067,280.142
scircuit.mtx,170998,170998,958936,coo seg,77,416,960,0.044032,6.12656e-08,43.5563,272.324
scircuit.mtx,170998,170998,958936,coo seg,73,416,1024,0.0507904,6.11501e-08,37.7605,236.088
scircuit.mtx,170998,170998,958936,coo flat,2141,448,0,0.053248,2.01794e-08,36.0177,225.191
scircuit.mtx,170998,170998,958936,csr scalar,382,448,0,0.0441344,7.87122e-08,43.4553,205.184
scircuit.mtx,170998,170998,958936,csr vector,12215,448,0,0.124928,7.51149e-08,15.3518,72.4872
scircuit.mtx,170998,170998,958936,coo seg,1071,448,64,0.0279552,6.17229e-08,68.6052,428.936
scircuit.mtx,170998,170998,958936,coo seg,536,448,128,0.0279552,6.14687e-08,68.6052,428.936
scircuit.mtx,170998,170998,958936,coo seg,357,448,192,0.0272384,6.1277e-08,70.4106,440.223
scircuit.mtx,170998,170998,958936,coo seg,268,448,256,0.0304128,6.13198e-08,63.0613,394.274
scircuit.mtx,170998,170998,958936,coo seg,215,448,320,0.0270336,6.12823e-08,70.944,443.558
scircuit.mtx,170998,170998,958936,coo seg,179,448,384,0.0292864,6.12633e-08,65.4868,409.439
scircuit.mtx,170998,170998,958936,coo seg,153,448,448,0.028672,6.13093e-08,66.8901,418.212
scircuit.mtx,170998,170998,958936,coo seg,134,448,512,0.0315392,6.11317e-08,60.8092,380.193
scircuit.mtx,170998,170998,958936,coo seg,119,448,576,0.0324608,6.11603e-08,59.0827,369.399
scircuit.mtx,170998,170998,958936,coo seg,108,448,640,0.0320512,6.12511e-08,59.8378,374.119
scircuit.mtx,170998,170998,958936,coo seg,98,448,704,0.0361472,6.13103e-08,53.0573,331.726
scircuit.mtx,170998,170998,958936,coo seg,90,448,768,0.0345088,6.12156e-08,55.5763,347.476
scircuit.mtx,170998,170998,958936,coo seg,83,448,832,0.04096,6.12336e-08,46.823,292.749
scircuit.mtx,170998,170998,958936,coo seg,77,448,896,0.0438272,6.12583e-08,43.7599,273.597
scircuit.mtx,170998,170998,958936,coo seg,72,448,960,0.0473088,6.12656e-08,40.5394,253.462
scircuit.mtx,170998,170998,958936,coo seg,67,448,1024,0.0433152,6.11501e-08,44.2771,276.831
scircuit.mtx,170998,170998,958936,coo flat,1998,480,0,0.0516096,1.95957e-08,37.1611,232.34
scircuit.mtx,170998,170998,958936,csr scalar,357,480,0,0.0421888,7.87122e-08,45.4593,214.647
scircuit.mtx,170998,170998,958936,csr vector,11400,480,0,0.12247,7.51149e-08,15.6599,73.9418
scircuit.mtx,170998,170998,958936,coo seg,999,480,64,0.0279552,6.17229e-08,68.6052,428.936
scircuit.mtx,170998,170998,958936,coo seg,500,480,128,0.0274432,6.14687e-08,69.8851,436.938
scircuit.mtx,170998,170998,958936,coo seg,333,480,192,0.0273408,6.1277e-08,70.1469,438.575
scircuit.mtx,170998,170998,958936,coo seg,250,480,256,0.0305152,6.13198e-08,62.8497,392.951
scircuit.mtx,170998,170998,958936,coo seg,200,480,320,0.0267264,6.12823e-08,71.7595,448.657
scircuit.mtx,170998,170998,958936,coo seg,167,480,384,0.0272384,6.12633e-08,70.4106,440.223
scircuit.mtx,170998,170998,958936,coo seg,143,480,448,0.0299008,6.13093e-08,64.1412,401.025
scircuit.mtx,170998,170998,958936,coo seg,125,480,512,0.0334848,6.11317e-08,57.2759,358.102
scircuit.mtx,170998,170998,958936,coo seg,111,480,576,0.0321536,6.11603e-08,59.6472,372.928
scircuit.mtx,170998,170998,958936,coo seg,100,480,640,0.0320512,6.12511e-08,59.8378,374.119
scircuit.mtx,170998,170998,958936,coo seg,91,480,704,0.0334848,6.13103e-08,57.2759,358.102
scircuit.mtx,170998,170998,958936,coo seg,84,480,768,0.0392192,6.12156e-08,48.9014,305.743
scircuit.mtx,170998,170998,958936,coo seg,77,480,832,0.04096,6.12336e-08,46.823,292.749
scircuit.mtx,170998,170998,958936,coo seg,72,480,896,0.0447488,6.12583e-08,42.8586,267.962
scircuit.mtx,170998,170998,958936,coo seg,67,480,960,0.0421888,6.12656e-08,45.4593,284.222
scircuit.mtx,170998,170998,958936,coo seg,63,480,1024,0.0437248,6.11501e-08,43.8623,274.237
scircuit.mtx,170998,170998,958936,coo flat,1873,512,0,0.0521216,2.05123e-08,36.7961,230.058
scircuit.mtx,170998,170998,958936,csr scalar,334,512,0,0.041984,7.87122e-08,45.681,215.694
scircuit.mtx,170998,170998,958936,csr vector,10688,512,0,0.11479,7.51149e-08,16.7076,78.8889
scircuit.mtx,170998,170998,958936,coo seg,937,512,64,0.0273408,6.17229e-08,70.1469,438.575
scircuit.mtx,170998,170998,958936,coo seg,469,512,128,0.0272384,6.14687e-08,70.4106,440.223
scircuit.mtx,170998,170998,958936,coo seg,313,512,192,0.027136,6.1277e-08,70.6763,441.885
scircuit.mtx,170998,170998,958936,coo seg,235,512,256,0.0295936,6.13198e-08,64.807,405.188
scircuit.mtx,170998,170998,958936,coo seg,188,512,320,0.0280576,6.12823e-08,68.3548,427.37
scircuit.mtx,170998,170998,958936,coo seg,157,512,384,0.0287744,6.12633e-08,66.652,416.724
scircuit.mtx,170998,170998,958936,coo seg,134,512,448,0.0303104,6.13093e-08,63.2744,395.606
scircuit.mtx,170998,170998,958936,coo seg,118,512,512,0.0309248,6.11317e-08,62.0173,387.746
scircuit.mtx,170998,170998,958936,coo seg,105,512,576,0.032768,6.11603e-08,58.5288,365.936
scircuit.mtx,170998,170998,958936,coo seg,94,512,640,0.0336896,6.12511e-08,56.9277,355.925
scircuit.mtx,170998,170998,958936,coo seg,86,512,704,0.0366592,6.13103e-08,52.3162,327.093
scircuit.mtx,170998,170998,958936,coo seg,79,512,768,0.036352,6.12156e-08,52.7584,329.857
scircuit.mtx,170998,170998,958936,coo seg,73,512,832,0.044544,6.12336e-08,43.0557,269.194
scircuit.mtx,170998,170998,958936,coo seg,67,512,896,0.0401408,6.12583e-08,47.7786,298.723
scircuit.mtx,170998,170998,958936,coo seg,63,512,960,0.0421888,6.12656e-08,45.4593,284.222
scircuit.mtx,170998,170998,958936,coo seg,59,512,1024,0.043008,6.11501e-08,44.5934,278.808
scircuit.mtx,170998,170998,958936,coo flat,1763,544,0,0.053248,2.1421e-08,36.0177,225.191
scircuit.mtx,170998,170998,958936,csr scalar,315,544,0,0.0420864,7.87122e-08,45.5699,215.169
scircuit.mtx,170998,170998,958936,csr vector,10059,544,0,0.134554,7.51149e-08,14.2536,67.3017
scircuit.mtx,170998,170998,958936,coo seg,882,544,64,0.029184,6.17229e-08,65.7166,410.875
scircuit.mtx,170998,170998,958936,coo seg,441,544,128,0.0280576,6.14687e-08,68.3548,427.37
scircuit.mtx,170998,170998,958936,coo seg,294,544,192,0.0282624,6.1277e-08,67.8595,424.273
scircuit.mtx,170998,170998,958936,coo seg,221,544,256,0.0310272,6.13198e-08,61.8126,386.467
scircuit.mtx,170998,170998,958936,coo seg,177,544,320,0.0333824,6.12823e-08,57.4516,359.201
scircuit.mtx,170998,170998,958936,coo seg,147,544,384,0.0279552,6.12633e-08,68.6052,428.936
scircuit.mtx,170998,170998,958936,coo seg,126,544,448,0.0311296,6.13093e-08,61.6093,385.195
scircuit.mtx,170998,170998,958936,coo seg,111,544,512,0.029696,6.11317e-08,64.5835,403.791
scircuit.mtx,170998,170998,958936,coo seg,98,544,576,0.0311296,6.11603e-08,61.6093,385.195
scircuit.mtx,170998,170998,958936,coo seg,89,544,640,0.0319488,6.12511e-08,60.0295,375.319
scircuit.mtx,170998,170998,958936,coo seg,81,544,704,0.0347136,6.13103e-08,55.2484,345.426
scircuit.mtx,170998,170998,958936,coo seg,74,544,768,0.0362496,6.12156e-08,52.9074,330.789
scircuit.mtx,170998,170998,958936,coo seg,68,544,832,0.0390144,6.12336e-08,49.1581,307.348
scircuit.mtx,170998,170998,958936,coo seg,63,544,896,0.0406528,6.12583e-08,47.1769,294.961
scircuit.mtx,170998,170998,958936,coo seg,59,544,960,0.0421888,6.12656e-08,45.4593,284.222
scircuit.mtx,170998,170998,958936,coo seg,56,544,1024,0.0406528,6.11501e-08,47.1769,294.961
scircuit.mtx,170998,170998,958936,coo flat,1665,576,0,0.0530432,2.01898e-08,36.1568,226.061
scircuit.mtx,170998,170998,958936,csr scalar,297,576,0,0.0458752,7.87122e-08,41.8063,197.398
scircuit.mtx,170998,170998,958936,csr vector,9500,576,0,0.132096,7.51149e-08,14.5188,68.5538
scircuit.mtx,170998,170998,958936,coo seg,833,576,64,0.0287744,6.17229e-08,66.652,416.724
scircuit.mtx,170998,170998,958936,coo seg,417,576,128,0.0283648,6.14687e-08,67.6145,422.742
scircuit.mtx,170998,170998,958936,coo seg,278,576,192,0.0278528,6.1277e-08,68.8574,430.513
scircuit.mtx,170998,170998,958936,coo seg,209,576,256,0.0313344,6.13198e-08,61.2066,382.678
scircuit.mtx,170998,170998,958936,coo seg,167,576,320,0.0269312,6.12823e-08,71.2138,445.245
scircuit.mtx,170998,170998,958936,coo seg,139,576,384,0.0287744,6.12633e-08,66.652,416.724
scircuit.mtx,170998,170998,958936,coo seg,119,576,448,0.031232,6.13093e-08,61.4073,383.932
scircuit.mtx,170998,170998,958936,coo seg,105,576,512,0.0315392,6.11317e-08,60.8092,380.193
scircuit.mtx,170998,170998,958936,coo seg,93,576,576,0.0310272,6.11603e-08,61.8126,386.467
scircuit.mtx,170998,170998,958936,coo seg,84,576,640,0.0356352,6.12511e-08,53.8196,336.493
scircuit.mtx,170998,170998,958936,coo seg,76,576,704,0.0359424,6.13103e-08,53.3596,333.617
scircuit.mtx,170998,170998,958936,coo seg,70,576,768,0.0392192,6.12156e-08,48.9014,305.743
scircuit.mtx,170998,170998,958936,coo seg,65,576,832,0.0386048,6.12336e-08,49.6796,310.609
scircuit.mtx,170998,170998,958936,coo seg,60,576,896,0.0463872,6.12583e-08,41.3449,258.498
scircuit.mtx,170998,170998,958936,coo seg,56,576,960,0.0413696,6.12656e-08,46.3595,289.85
scircuit.mtx,170998,170998,958936,coo seg,53,576,1024,0.0411648,6.11501e-08,46.5901,291.292
scircuit.mtx,170998,170998,958936,coo flat,1578,608,0,0.053248,2.11696e-08,36.0177,225.191
scircuit.mtx,170998,170998,958936,csr scalar,282,608,0,0.044032,7.87122e-08,43.5563,205.661
scircuit.mtx,170998,170998,958936,csr vector,9000,608,0,0.130765,7.51149e-08,14.6666,69.2517
scircuit.mtx,170998,170998,958936,coo seg,789,608,64,0.0284672,6.17229e-08,67.3713,421.221
scircuit.mtx,170998,170998,958936,coo seg,395,608,128,0.0283648,6.14687e-08,67.6145,422.742
scircuit.mtx,170998,170998,958936,coo seg,263,608,192,0.0274432,6.1277e-08,69.8851,436.938
scircuit.mtx,170998,170998,958936,coo seg,198,608,256,0.031232,6.13198e-08,61.4073,383.933
scircuit.mtx,170998,170998,958936,coo seg,158,608,320,0.027648,6.12823e-08,69.3675,433.702
scircuit.mtx,170998,170998,958936,coo seg,132,608,384,0.0294912,6.12633e-08,65.032,406.595
scircuit.mtx,170998,170998,958936,coo seg,113,608,448,0.031232,6.13093e-08,61.4073,383.932
scircuit.mtx,170998,170998,958936,coo seg,99,608,512,0.0300032,6.11317e-08,63.9222,399.657
scircuit.mtx,170998,170998,958936,coo seg,88,608,576,0.0309248,6.11603e-08,62.0173,387.746
scircuit.mtx,170998,170998,958936,coo seg,79,608,640,0.0336896,6.12511e-08,56.9277,355.925
scircuit.mtx,170998,170998,958936,coo seg,72,608,704,0.039936,6.13103e-08,48.0236,300.255
scircuit.mtx,170998,170998,958936,coo seg,66,608,768,0.0421888,6.12156e-08,45.4593,284.222
scircuit.mtx,170998,170998,958936,coo seg,61,608,832,0.0395264,6.12336e-08,48.5213,303.366
scircuit.mtx,170998,170998,958936,coo seg,57,608,896,0.0432128,6.12583e-08,44.382,277.487
scircuit.mtx,170998,170998,958936,coo seg,53,608,960,0.0391168,6.12656e-08,49.0294,306.543
scircuit.mtx,170998,170998,958936,coo seg,50,608,1024,0.04096,6.11501e-08,46.823,292.749
scircuit.mtx,170998,170998,958936,coo flat,1499,640,0,0.0523264,2.11375e-08,36.6521,229.157
scircuit.mtx,170998,170998,958936,csr scalar,268,640,0,0.04608,7.87122e-08,41.6205,196.521
scircuit.mtx,170998,170998,958936,csr vector,8550,640,0,0.126157,7.51149e-08,15.2023,71.7812
scircuit.mtx,170998,170998,958936,coo seg,750,640,64,0.0280576,6.17229e-08,68.3548,427.37
scircuit.mtx,170998,170998,958936,coo seg,375,640,128,0.0284672,6.14687e-08,67.3713,421.221
scircuit.mtx,170998,170998,958936,coo seg,250,640,192,0.0279552,6.1277e-08,68.6052,428.936
scircuit.mtx,170998,170998,958936,coo seg,188,640,256,0.0308224,6.13198e-08,62.2233,389.035
scircuit.mtx,170998,170998,958936,coo seg,150,640,320,0.0277504,6.12823e-08,69.1115,432.101
scircuit.mtx,170998,170998,958936,coo seg,125,640,384,0.0316416,6.12633e-08,60.6124,378.962
scircuit.mtx,170998,170998,958936,coo seg,108,640,448,0.0293888,6.13093e-08,65.2586,408.012
scircuit.mtx,170998,170998,958936,coo seg,94,640,512,0.0310272,6.11317e-08,61.8126,386.467
scircuit.mtx,170998,170998,958936,coo seg,84,640,576,0.034304,6.11603e-08,55.9081,349.55
scircuit.mtx,170998,170998,958936,coo seg,75,640,640,0.03584,6.12511e-08,53.5121,334.57
scircuit.mtx,170998,170998,958936,coo seg,69,640,704,0.0364544,6.13103e-08,52.6102,328.931
scircuit.mtx,170998,170998,958936,coo seg,63,640,768,0.0380928,6.12156e-08,50.3474,314.783
scircuit.mtx,170998,170998,958936,coo seg,58,640,832,0.0458752,6.12336e-08,41.8063,261.383
scircuit.mtx,170998,170998,958936,coo seg,54,640,896,0.037376,6.12583e-08,51.3129,320.82
scircuit.mtx,170998,170998,958936,coo seg,50,640,960,0.0436224,6.12656e-08,43.9653,274.881
scircuit.mtx,170998,170998,958936,coo seg,47,640,1024,0.047104,6.11501e-08,40.7157,254.564
scircuit.mtx,170998,170998,958936,coo flat,1427,672,0,0.0520192,2.1663e-08,36.8685,230.511
scircuit.mtx,170998,170998,958936,csr scalar,255,672,0,0.0411648,7.87122e-08,46.5901,219.986
scircuit.mtx,170998,170998,958936,csr vector,8143,672,0,0.127181,7.51149e-08,15.0799,71.2032
scircuit.mtx,170998,170998,958936,coo seg,714,672,64,0.0282624,6.17229e-08,67.8595,424.273
scircuit.mtx,170998,170998,958936,coo seg,357,672,128,0.02816,6.14687e-08,68.1062,425.816
scircuit.mtx,170998,170998,958936,coo seg,238,672,192,0.0284672,6.1277e-08,67.3713,421.221
scircuit.mtx,170998,170998,958936,coo seg,179,672,256,0.0305152,6.13198e-08,62.8497,392.951
scircuit.mtx,170998,170998,958936,coo seg,143,672,320,0.0284672,6.12823e-08,67.3713,421.221
scircuit.mtx,170998,170998,958936,coo seg,119,672,384,0.0311296,6.12633e-08,61.6093,385.195
scircuit.mtx,170998,170998,958936,coo seg,102,672,448,0.0293888,6.13093e-08,65.2586,408.012
scircuit.mtx,170998,170998,958936,coo seg,90,672,512,0.0301056,6.11317e-08,63.7048,398.297
scircuit.mtx,170998,170998,958936,coo seg,80,672,576,0.0326656,6.11603e-08,58.7123,367.083
scircuit.mtx,170998,170998,958936,coo seg,72,672,640,0.0381952,6.12511e-08,50.2124,313.939
scircuit.mtx,170998,170998,958936,coo seg,65,672,704,0.0415744,6.13103e-08,46.1311,288.422
scircuit.mtx,170998,170998,958936,coo seg,60,672,768,0.0437248,6.12156e-08,43.8623,274.237
scircuit.mtx,170998,170998,958936,coo seg,55,672,832,0.03584,6.12336e-08,53.5121,334.57
scircuit.mtx,170998,170998,958936,coo seg,51,672,896,0.0433152,6.12583e-08,44.2771,276.831
scircuit.mtx,170998,170998,958936,coo seg,48,672,960,0.041984,6.12656e-08,45.681,285.608
scircuit.mtx,170998,170998,958936,coo seg,45,672,1024,0.0421888,6.11501e-08,45.4593,284.222
scircuit.mtx,170998,170998,958936,coo flat,1363,704,0,0.0534528,1.88913e-08,35.8797,224.328
scircuit.mtx,170998,170998,958936,csr scalar,243,704,0,0.040448,7.87122e-08,47.4157,223.885
scircuit.mtx,170998,170998,958936,csr vector,7773,704,0,0.152576,7.51149e-08,12.5699,59.352
scircuit.mtx,170998,170998,958936,coo seg,682,704,64,0.031744,6.17229e-08,60.4168,377.74
scircuit.mtx,170998,170998,958936,coo seg,341,704,128,0.030208,6.14687e-08,63.4889,396.947
scircuit.mtx,170998,170998,958936,coo seg,228,704,192,0.0313344,6.1277e-08,61.2066,382.678
scircuit.mtx,170998,170998,958936,coo seg,171,704,256,0.0315392,6.13198e-08,60.8092,380.193
scircuit.mtx,170998,170998,958936,coo seg,137,704,320,0.0351232,6.12823e-08,54.6041,341.398
scircuit.mtx,170998,170998,958936,coo seg,114,704,384,0.0349184,6.12633e-08,54.9244,343.4
scircuit.mtx,170998,170998,958936,coo seg,98,704,448,0.0306176,6.13093e-08,62.6395,391.637
scircuit.mtx,170998,170998,958936,coo seg,86,704,512,0.0324608,6.11317e-08,59.0827,369.399
scircuit.mtx,170998,170998,958936,coo seg,76,704,576,0.0334848,6.11603e-08,57.2759,358.102
scircuit.mtx,170998,170998,958936,coo seg,69,704,640,0.0352256,6.12511e-08,54.4454,340.405
scircuit.mtx,170998,170998,958936,coo seg,62,704,704,0.0372736,6.13103e-08,51.4539,321.702
scircuit.mtx,170998,170998,958936,coo seg,57,704,768,0.0422912,6.12156e-08,45.3492,283.534
scircuit.mtx,170998,170998,958936,coo seg,53,704,832,0.036352,6.12336e-08,52.7584,329.857
scircuit.mtx,170998,170998,958936,coo seg,49,704,896,0.037888,6.12583e-08,50.6195,316.485
scircuit.mtx,170998,170998,958936,coo seg,46,704,960,0.0402432,6.12656e-08,47.657,297.963
scircuit.mtx,170998,170998,958936,coo seg,43,704,1024,0.041984,6.11501e-08,45.681,285.608
scircuit.mtx,170998,170998,958936,coo flat,1303,736,0,0.0536576,1.95142e-08,35.7428,223.472
scircuit.mtx,170998,170998,958936,csr scalar,233,736,0,0.0432128,7.87122e-08,44.382,209.56
scircuit.mtx,170998,170998,958936,csr vector,7435,736,0,0.152064,7.51149e-08,12.6123,59.5518
scircuit.mtx,170998,170998,958936,coo seg,652,736,64,0.0311296,6.17229e-08,61.6093,385.195
scircuit.mtx,170998,170998,958936,coo seg,326,736,128,0.0295936,6.14687e-08,64.807,405.188
scircuit.mtx,170998,170998,958936,coo seg,218,736,192,0.0287744,6.1277e-08,66.652,416.724
scircuit.mtx,170998,170998,958936,coo seg,163,736,256,0.030208,6.13198e-08,63.4889,396.947
scircuit.mtx,170998,170998,958936,coo seg,131,736,320,0.034304,6.12823e-08,55.9081,349.55
scircuit.mtx,170998,170998,958936,coo seg,109,736,384,0.02816,6.12633e-08,68.1062,425.816
scircuit.mtx,170998,170998,958936,coo seg,94,736,448,0.0301056,6.13093e-08,63.7048,398.297
scircuit.mtx,170998,170998,958936,coo seg,82,736,512,0.0324608,6.11317e-08,59.0827,369.399
scircuit.mtx,170998,170998,958936,coo seg,73,736,576,0.03584,6.11603e-08,53.5121,334.57
scircuit.mtx,170998,170998,958936,coo seg,66,736,640,0.0393216,6.12511e-08,48.774,304.946
scircuit.mtx,170998,170998,958936,coo seg,60,736,704,0.0428032,6.13103e-08,44.8067,280.142
scircuit.mtx,170998,170998,958936,coo seg,55,736,768,0.034816,6.12156e-08,55.0859,344.41
scircuit.mtx,170998,170998,958936,coo seg,51,736,832,0.0407552,6.12336e-08,47.0583,294.22
scircuit.mtx,170998,170998,958936,coo seg,47,736,896,0.0432128,6.12583e-08,44.382,277.487
scircuit.mtx,170998,170998,958936,coo seg,44,736,960,0.04096,6.12656e-08,46.823,292.749
scircuit.mtx,170998,170998,958936,coo seg,41,736,1024,0.0484352,6.11501e-08,39.5966,247.567
scircuit.mtx,170998,170998,958936,coo flat,1249,768,0,0.0538624,2.08882e-08,35.6069,222.622
scircuit.mtx,170998,170998,958936,csr scalar,223,768,0,0.0436224,7.87122e-08,43.9653,207.593
scircuit.mtx,170998,170998,958936,csr vector,7125,768,0,0.14633,7.51149e-08,13.1065,61.8855
scircuit.mtx,170998,170998,958936,coo seg,625,768,64,0.0309248,6.17229e-08,62.0173,387.746
scircuit.mtx,170998,170998,958936,coo seg,313,768,128,0.0292864,6.14687e-08,65.4868,409.439
scircuit.mtx,170998,170998,958936,coo seg,209,768,192,0.029184,6.1277e-08,65.7166,410.875
scircuit.mtx,170998,170998,958936,coo seg,157,768,256,0.0305152,6.13198e-08,62.8497,392.951
scircuit.mtx,170998,170998,958936,coo seg,125,768,320,0.0349184,6.12823e-08,54.9244,343.4
scircuit.mtx,170998,170998,958936,coo seg,105,768,384,0.0290816,6.12633e-08,65.948,412.322
scircuit.mtx,170998,170998,958936,coo seg,90,768,448,0.0294912,6.13093e-08,65.032,406.595
scircuit.mtx,170998,170998,958936,coo seg,79,768,512,0.0319488,6.11317e-08,60.0295,375.319
scircuit.mtx,170998,170998,958936,coo seg,70,768,576,0.03584,6.11603e-08,53.5121,334.57
scircuit.mtx,170998,170998,958936,coo seg,63,768,640,0.036352,6.12511e-08,52.7584,329.857
scircuit.mtx,170998,170998,958936,coo seg,57,768,704,0.0416768,6.13103e-08,46.0177,287.714
scircuit.mtx,170998,170998,958936,coo seg,53,768,768,0.0351232,6.12156e-08,54.6041,341.398
scircuit.mtx,170998,170998,958936,coo seg,49,768,832,0.0366592,6.12336e-08,52.3162,327.093
scircuit.mtx,170998,170998,958936,coo seg,45,768,896,0.0392192,6.12583e-08,48.9014,305.743
scircuit.mtx,170998,170998,958936,coo seg,42,768,960,0.0413696,6.12656e-08,46.3595,289.85
scircuit.mtx,170998,170998,958936,coo seg,40,768,1024,0.0427008,6.11501e-08,44.9142,280.814
scircuit.mtx,170998,170998,958936,coo flat,1199,800,0,0.0541696,2.15916e-08,35.405,221.36
scircuit.mtx,170998,170998,958936,csr scalar,214,800,0,0.0442368,7.87122e-08,43.3547,204.709
scircuit.mtx,170998,170998,958936,csr vector,6840,800,0,0.148992,7.51149e-08,12.8723,60.7797
scircuit.mtx,170998,170998,958936,coo seg,600,800,64,0.0306176,6.17229e-08,62.6395,391.637
scircuit.mtx,170998,170998,958936,coo seg,300,800,128,0.0292864,6.14687e-08,65.4868,409.438
scircuit.mtx,170998,170998,958936,coo seg,200,800,192,0.0292864,6.1277e-08,65.4868,409.439
scircuit.mtx,170998,170998,958936,coo seg,150,800,256,0.0306176,6.13198e-08,62.6395,391.637
scircuit.mtx,170998,170998,958936,coo seg,120,800,320,0.0333824,6.12823e-08,57.4516,359.201
scircuit.mtx,170998,170998,958936,coo seg,100,800,384,0.0284672,6.12633e-08,67.3713,421.221
scircuit.mtx,170998,170998,958936,coo seg,86,800,448,0.0295936,6.13093e-08,64.807,405.188
scircuit.mtx,170998,170998,958936,coo seg,75,800,512,0.0335872,6.11317e-08,57.1013,357.01
scircuit.mtx,170998,170998,958936,coo seg,67,800,576,0.0356352,6.11603e-08,53.8196,336.493
scircuit.mtx,170998,170998,958936,coo seg,60,800,640,0.0402432,6.12511e-08,47.657,297.963
scircuit.mtx,170998,170998,958936,coo seg,55,800,704,0.03328,6.13103e-08,57.6284,360.306
scircuit.mtx,170998,170998,958936,coo seg,50,800,768,0.037888,6.12156e-08,50.6195,316.485
scircuit.mtx,170998,170998,958936,coo seg,47,800,832,0.0410624,6.12336e-08,46.7063,292.019
scircuit.mtx,170998,170998,958936,coo seg,43,800,896,0.0391168,6.12583e-08,49.0294,306.543
scircuit.mtx,170998,170998,958936,coo seg,40,800,960,0.0467968,6.12656e-08,40.983,256.235
scircuit.mtx,170998,170998,958936,coo seg,38,800,1024,0.0431104,6.11501e-08,44.4875,278.146
scircuit.mtx,170998,170998,958936,coo flat,1153,832,0,0.0535552,1.98264e-08,35.8111,223.899
scircuit.mtx,170998,170998,958936,csr scalar,206,832,0,0.0397312,7.87122e-08,48.2712,227.924
scircuit.mtx,170998,170998,958936,csr vector,6577,832,0,0.145818,7.51149e-08,13.1525,62.1028
scircuit.mtx,170998,170998,958936,coo seg,577,832,64,0.0300032,6.17229e-08,63.9222,399.657
scircuit.mtx,170998,170998,958936,coo seg,289,832,128,0.0290816,6.14687e-08,65.9479,412.322
scircuit.mtx,170998,170998,958936,coo seg,193,832,192,0.0295936,6.1277e-08,64.807,405.188
scircuit.mtx,170998,170998,958936,coo seg,145,832,256,0.0311296,6.13198e-08,61.6093,385.195
scircuit.mtx,170998,170998,958936,coo seg,116,832,320,0.0347136,6.12823e-08,55.2484,345.426
scircuit.mtx,170998,170998,958936,coo seg,97,832,384,0.0295936,6.12633e-08,64.807,405.188
scircuit.mtx,170998,170998,958936,coo seg,83,832,448,0.0320512,6.13093e-08,59.8378,374.119
scircuit.mtx,170998,170998,958936,coo seg,73,832,512,0.0354304,6.11317e-08,54.1307,338.438
scircuit.mtx,170998,170998,958936,coo seg,65,832,576,0.0355328,6.11603e-08,53.9747,337.462
scircuit.mtx,170998,170998,958936,coo seg,58,832,640,0.041984,6.12511e-08,45.681,285.608
scircuit.mtx,170998,170998,958936,coo seg,53,832,704,0.0339968,6.13103e-08,56.4133,352.709
scircuit.mtx,170998,170998,958936,coo seg,49,832,768,0.0352256,6.12156e-08,54.4454,340.405
scircuit.mtx,170998,170998,958936,coo seg,45,832,832,0.0374784,6.12336e-08,51.1727,319.944
scircuit.mtx,170998,170998,958936,coo seg,42,832,896,0.039424,6.12583e-08,48.6473,304.154
scircuit.mtx,170998,170998,958936,coo seg,39,832,960,0.0410624,6.12656e-08,46.7063,292.018
scircuit.mtx,170998,170998,958936,coo seg,37,832,1024,0.0429056,6.11501e-08,44.6998,279.474
scircuit.mtx,170998,170998,958936,coo flat,1110,864,0,0.0533504,1.8778e-08,35.9486,224.759
scircuit.mtx,170998,170998,958936,csr scalar,198,864,0,0.0405504,7.87122e-08,47.296,223.319
scircuit.mtx,170998,170998,958936,csr vector,6334,864,0,0.144896,7.51149e-08,13.2362,62.4978
scircuit.mtx,170998,170998,958936,coo seg,555,864,64,0.0297984,6.17229e-08,64.3616,402.403
scircuit.mtx,170998,170998,958936,coo seg,278,864,128,0.0290816,6.14687e-08,65.948,412.322
scircuit.mtx,170998,170998,958936,coo seg,185,864,192,0.0295936,6.1277e-08,64.807,405.188
scircuit.mtx,170998,170998,958936,coo seg,139,864,256,0.031232,6.13198e-08,61.4073,383.932
scircuit.mtx,170998,170998,958936,coo seg,111,864,320,0.027648,6.12823e-08,69.3675,433.702
scircuit.mtx,170998,170998,958936,coo seg,93,864,384,0.0285696,6.12633e-08,67.1298,419.711
scircuit.mtx,170998,170998,958936,coo seg,80,864,448,0.031232,6.13093e-08,61.4073,383.932
scircuit.mtx,170998,170998,958936,coo seg,70,864,512,0.0356352,6.11317e-08,53.8196,336.493
scircuit.mtx,170998,170998,958936,coo seg,62,864,576,0.0367616,6.11603e-08,52.1705,326.182
scircuit.mtx,170998,170998,958936,coo seg,56,864,640,0.0325632,6.12511e-08,58.8969,368.237
scircuit.mtx,170998,170998,958936,coo seg,51,864,704,0.0374784,6.13103e-08,51.1727,319.944
scircuit.mtx,170998,170998,958936,coo seg,47,864,768,0.0387072,6.12156e-08,49.5482,309.787
scircuit.mtx,170998,170998,958936,coo seg,43,864,832,0.0379904,6.12336e-08,50.4831,315.632
scircuit.mtx,170998,170998,958936,coo seg,40,864,896,0.0449536,6.12583e-08,42.6634,266.741
scircuit.mtx,170998,170998,958936,coo seg,37,864,960,0.0412672,6.12656e-08,46.4745,290.569
scircuit.mtx,170998,170998,958936,coo seg,35,864,1024,0.0427008,6.11501e-08,44.9142,280.814
scircuit.mtx,170998,170998,958936,coo flat,1071,896,0,0.0528384,1.9152e-08,36.2969,226.937
scircuit.mtx,170998,170998,958936,csr scalar,191,896,0,0.0392192,7.87122e-08,48.9014,230.899
scircuit.mtx,170998,170998,958936,csr vector,6108,896,0,0.141005,7.51149e-08,13.6015,64.2225
scircuit.mtx,170998,170998,958936,coo seg,536,896,64,0.029696,6.17229e-08,64.5835,403.791
scircuit.mtx,170998,170998,958936,coo seg,268,896,128,0.0294912,6.14687e-08,65.032,406.595
scircuit.mtx,170998,170998,958936,coo seg,179,896,192,0.0293888,6.1277e-08,65.2586,408.012
scircuit.mtx,170998,170998,958936,coo seg,134,896,256,0.0313344,6.13198e-08,61.2066,382.678
scircuit.mtx,170998,170998,958936,coo seg,108,896,320,0.0270336,6.12823e-08,70.944,443.558
scircuit.mtx,170998,170998,958936,coo seg,90,896,384,0.0289792,6.12633e-08,66.181,413.779
scircuit.mtx,170998,170998,958936,coo seg,77,896,448,0.0323584,6.13093e-08,59.2697,370.568
scircuit.mtx,170998,170998,958936,coo seg,67,896,512,0.0344064,6.11317e-08,55.7417,348.51
scircuit.mtx,170998,170998,958936,coo seg,60,896,576,0.0398336,6.11603e-08,48.1471,301.027
scircuit.mtx,170998,170998,958936,coo seg,54,896,640,0.0326656,6.12511e-08,58.7123,367.083
scircuit.mtx,170998,170998,958936,coo seg,49,896,704,0.0339968,6.13103e-08,56.4133,352.709
scircuit.mtx,170998,170998,958936,coo seg,45,896,768,0.0361472,6.12156e-08,53.0573,331.726
scircuit.mtx,170998,170998,958936,coo seg,42,896,832,0.0387072,6.12336e-08,49.5482,309.787
scircuit.mtx,170998,170998,958936,coo seg,39,896,896,0.0396288,6.12583e-08,48.3959,302.582
scircuit.mtx,170998,170998,958936,coo seg,36,896,960,0.04096,6.12656e-08,46.823,292.749
scircuit.mtx,170998,170998,958936,coo seg,34,896,1024,0.0434176,6.11501e-08,44.1727,276.178
scircuit.mtx,170998,170998,958936,coo flat,1034,928,0,0.0531456,2.08375e-08,36.0871,225.625
scircuit.mtx,170998,170998,958936,csr scalar,185,928,0,0.039936,7.87122e-08,48.0236,226.755
scircuit.mtx,170998,170998,958936,csr vector,5897,928,0,0.141926,7.51149e-08,13.5131,63.8055
scircuit.mtx,170998,170998,958936,coo seg,517,928,64,0.0293888,6.17229e-08,65.2586,408.012
scircuit.mtx,170998,170998,958936,coo seg,259,928,128,0.0288768,6.14687e-08,66.4157,415.246
scircuit.mtx,170998,170998,958936,coo seg,173,928,192,0.0295936,6.1277e-08,64.807,405.188
scircuit.mtx,170998,170998,958936,coo seg,130,928,256,0.0318464,6.13198e-08,60.2226,376.525
scircuit.mtx,170998,170998,958936,coo seg,104,928,320,0.0279552,6.12823e-08,68.6052,428.936
scircuit.mtx,170998,170998,958936,coo seg,87,928,384,0.0293888,6.12633e-08,65.2586,408.012
scircuit.mtx,170998,170998,958936,coo seg,74,928,448,0.032768,6.13093e-08,58.5288,365.936
scircuit.mtx,170998,170998,958936,coo seg,65,928,512,0.0371712,6.11317e-08,51.5956,322.588
scircuit.mtx,170998,170998,958936,coo seg,58,928,576,0.0412672,6.11603e-08,46.4745,290.569
scircuit.mtx,170998,170998,958936,coo seg,52,928,640,0.032768,6.12511e-08,58.5288,365.936
scircuit.mtx,170998,170998,958936,coo seg,47,928,704,0.0380928,6.13103e-08,50.3474,314.783
scircuit.mtx,170998,170998,958936,coo seg,44,928,768,0.036352,6.12156e-08,52.7584,329.857
scircuit.mtx,170998,170998,958936,coo seg,40,928,832,0.0438272,6.12336e-08,43.7599,273.597
scircuit.mtx,170998,170998,958936,coo seg,37,928,896,0.0396288,6.12583e-08,48.3959,302.582
scircuit.mtx,170998,170998,958936,coo seg,35,928,960,0.0416768,6.12656e-08,46.0177,287.714
scircuit.mtx,170998,170998,958936,coo seg,33,928,1024,0.0494592,6.11501e-08,38.7769,242.442
scircuit.mtx,170998,170998,958936,coo flat,999,960,0,0.0528384,2.16529e-08,36.2969,226.937
scircuit.mtx,170998,170998,958936,csr scalar,179,960,0,0.0413696,7.87122e-08,46.3595,218.897
scircuit.mtx,170998,170998,958936,csr vector,5700,960,0,0.138957,7.51149e-08,13.8019,65.1691
scircuit.mtx,170998,170998,958936,coo seg,500,960,64,0.029696,6.17229e-08,64.5835,403.791
scircuit.mtx,170998,170998,958936,coo seg,250,960,128,0.029184,6.14687e-08,65.7166,410.875
scircuit.mtx,170998,170998,958936,coo seg,167,960,192,0.0277504,6.1277e-08,69.1115,432.101
scircuit.mtx,170998,170998,958936,coo seg,125,960,256,0.0326656,6.13198e-08,58.7123,367.083
scircuit.mtx,170998,170998,958936,coo seg,100,960,320,0.027648,6.12823e-08,69.3675,433.702
scircuit.mtx,170998,170998,958936,coo seg,84,960,384,0.0308224,6.12633e-08,62.2233,389.035
scircuit.mtx,170998,170998,958936,coo seg,72,960,448,0.0339968,6.13093e-08,56.4133,352.709
scircuit.mtx,170998,170998,958936,coo seg,63,960,512,0.0357376,6.11317e-08,53.6654,335.528
scircuit.mtx,170998,170998,958936,coo seg,56,960,576,0.0314368,6.11603e-08,61.0072,381.431
scircuit.mtx,170998,170998,958936,coo seg,50,960,640,0.0344064,6.12511e-08,55.7417,348.51
scircuit.mtx,170998,170998,958936,coo seg,46,960,704,0.034816,6.13103e-08,55.0859,344.41
scircuit.mtx,170998,170998,958936,coo seg,42,960,768,0.0367616,6.12156e-08,52.1705,326.182
scircuit.mtx,170998,170998,958936,coo seg,39,960,832,0.0381952,6.12336e-08,50.2124,313.939
scircuit.mtx,170998,170998,958936,coo seg,36,960,896,0.0396288,6.12583e-08,48.3959,302.582
scircuit.mtx,170998,170998,958936,coo seg,34,960,960,0.0416768,6.12656e-08,46.0177,287.714
scircuit.mtx,170998,170998,958936,coo seg,32,960,1024,0.04352,6.11501e-08,44.0688,275.528
scircuit.mtx,170998,170998,958936,coo flat,967,992,0,0.053248,2.17281e-08,36.0177,225.191
scircuit.mtx,170998,170998,958936,csr scalar,173,992,0,0.042496,7.87122e-08,45.1307,213.095
scircuit.mtx,170998,170998,958936,csr vector,5517,992,0,0.137933,7.51149e-08,13.9044,65.6529
scircuit.mtx,170998,170998,958936,coo seg,484,992,64,0.0292864,6.17229e-08,65.4868,409.439
scircuit.mtx,170998,170998,958936,coo seg,242,992,128,0.0292864,6.14687e-08,65.4868,409.439
scircuit.mtx,170998,170998,958936,coo seg,162,992,192,0.027648,6.1277e-08,69.3675,433.702
scircuit.mtx,170998,170998,958936,coo seg,121,992,256,0.031744,6.13198e-08,60.4168,377.74
scircuit.mtx,170998,170998,958936,coo seg,97,992,320,0.028672,6.12823e-08,66.8901,418.212
scircuit.mtx,170998,170998,958936,coo seg,81,992,384,0.0309248,6.12633e-08,62.0173,387.746
scircuit.mtx,170998,170998,958936,coo seg,70,992,448,0.0342016,6.13093e-08,56.0755,350.597
scircuit.mtx,170998,170998,958936,coo seg,61,992,512,0.0375808,6.11317e-08,51.0333,319.072
scircuit.mtx,170998,170998,958936,coo seg,54,992,576,0.0321536,6.11603e-08,59.6472,372.928
scircuit.mtx,170998,170998,958936,coo seg,49,992,640,0.0329728,6.12511e-08,58.1653,363.663
scircuit.mtx,170998,170998,958936,coo seg,44,992,704,0.0355328,6.13103e-08,53.9747,337.462
scircuit.mtx,170998,170998,958936,coo seg,41,992,768,0.0420864,6.12156e-08,45.5699,284.913
scircuit.mtx,170998,170998,958936,coo seg,38,992,832,0.0386048,6.12336e-08,49.6796,310.609
scircuit.mtx,170998,170998,958936,coo seg,35,992,896,0.0398336,6.12583e-08,48.1471,301.027
scircuit.mtx,170998,170998,958936,coo seg,33,992,960,0.0475136,6.12656e-08,40.3647,252.369
scircuit.mtx,170998,170998,958936,coo seg,31,992,1024,0.04352,6.11501e-08,44.0687,275.528
scircuit.mtx,170998,170998,958936,coo flat,937,1024,0,0.0525312,2.0855e-08,36.5092,228.264
scircuit.mtx,170998,170998,958936,csr scalar,167,1024,0,0.0431104,7.87122e-08,44.4875,210.058
scircuit.mtx,170998,170998,958936,csr vector,5344,1024,0,0.131686,7.51149e-08,14.5639,68.767
scircuit.mtx,170998,170998,958936,coo seg,469,1024,64,0.0285696,6.17229e-08,67.1298,419.711
scircuit.mtx,170998,170998,958936,coo seg,235,1024,128,0.0289792,6.14687e-08,66.181,413.779
scircuit.mtx,170998,170998,958936,coo seg,157,1024,192,0.0277504,6.1277e-08,69.1115,432.101
scircuit.mtx,170998,170998,958936,coo seg,118,1024,256,0.0308224,6.13198e-08,62.2233,389.035
scircuit.mtx,170998,170998,958936,coo seg,94,1024,320,0.0279552,6.12823e-08,68.6052,428.936
scircuit.mtx,170998,170998,958936,coo seg,79,1024,384,0.0309248,6.12633e-08,62.0173,387.746
scircuit.mtx,170998,170998,958936,coo seg,67,1024,448,0.0345088,6.13093e-08,55.5763,347.476
scircuit.mtx,170998,170998,958936,coo seg,59,1024,512,0.0367616,6.11317e-08,52.1705,326.182
scircuit.mtx,170998,170998,958936,coo seg,53,1024,576,0.032256,6.11603e-08,59.4578,371.744
scircuit.mtx,170998,170998,958936,coo seg,47,1024,640,0.0361472,6.12511e-08,53.0573,331.726
scircuit.mtx,170998,170998,958936,coo seg,43,1024,704,0.036352,6.13103e-08,52.7584,329.857
scircuit.mtx,170998,170998,958936,coo seg,40,1024,768,0.0367616,6.12156e-08,52.1705,326.182
scircuit.mtx,170998,170998,958936,coo seg,37,1024,832,0.0379904,6.12336e-08,50.4831,315.632
scircuit.mtx,170998,170998,958936,coo seg,34,1024,896,0.040448,6.12583e-08,47.4157,296.454
scircuit.mtx,170998,170998,958936,coo seg,32,1024,960,0.0416768,6.12656e-08,46.0177,287.714
scircuit.mtx,170998,170998,958936,coo seg,30,1024,1024,0.0438272,6.11501e-08,43.7599,273.597
scircuit.mtx,170998,170998,958936,CuSparse,0,0,0,0.0310272,7.11371e-08,61.8126,291.863
shipsec1.mtx,140874,140874,7813404,coo flat,244169,32,0,1.40227,1.14154e-07,11.144,63.0203
shipsec1.mtx,140874,140874,7813404,csr scalar,4403,32,0,0.17367,6.95321e-08,89.9797,344.266
shipsec1.mtx,140874,140874,7813404,csr vector,140874,32,0,0.495821,1.45333e-07,31.517,120.585
shipsec1.mtx,140874,140874,7813404,coo seg,122085,32,64,0.287027,1.42454e-07,54.4436,307.884
shipsec1.mtx,140874,140874,7813404,coo seg,61043,32,128,0.248218,1.33768e-07,62.9561,356.023
shipsec1.mtx,140874,140874,7813404,coo seg,40695,32,192,0.235827,1.34218e-07,66.2638,374.729
shipsec1.mtx,140874,140874,7813404,coo seg,30522,32,256,0.230707,1.29365e-07,67.7344,383.045
shipsec1.mtx,140874,140874,7813404,coo seg,24417,32,320,0.228147,1.28695e-07,68.4944,387.343
shipsec1.mtx,140874,140874,7813404,coo seg,20348,32,384,0.227738,1.29932e-07,68.6176,388.04
shipsec1.mtx,140874,140874,7813404,coo seg,17441,32,448,0.224256,1.27068e-07,69.6829,394.064
shipsec1.mtx,140874,140874,7813404,coo seg,15261,32,512,0.225792,1.27915e-07,69.2089,391.383
shipsec1.mtx,140874,140874,7813404,coo seg,13565,32,576,0.225485,1.31438e-07,69.3031,391.916
shipsec1.mtx,140874,140874,7813404,coo seg,12209,32,640,0.222003,1.28189e-07,70.39,398.063
shipsec1.mtx,140874,140874,7813404,coo seg,11099,32,704,0.23296,1.28962e-07,67.0794,379.341
shipsec1.mtx,140874,140874,7813404,coo seg,10174,32,768,0.224461,1.28288e-07,69.6193,393.704
shipsec1.mtx,140874,140874,7813404,coo seg,9392,32,832,0.234906,1.30048e-07,66.5238,376.199
shipsec1.mtx,140874,140874,7813404,coo seg,8721,32,896,0.220467,1.26814e-07,70.8804,400.836
shipsec1.mtx,140874,140874,7813404,coo seg,8139,32,960,0.229581,1.27477e-07,68.0667,384.924
shipsec1.mtx,140874,140874,7813404,coo seg,7631,32,1024,0.23767,1.27599e-07,65.7499,371.822
shipsec1.mtx,140874,140874,7813404,coo flat,122085,64,0,1.05769,1.07786e-07,14.7745,83.5512
shipsec1.mtx,140874,140874,7813404,csr scalar,2202,64,0,0.193434,6.95321e-08,80.7864,309.092
shipsec1.mtx,140874,140874,7813404,csr vector,70437,64,0,0.248627,1.45333e-07,62.8524,240.476
shipsec1.mtx,140874,140874,7813404,coo seg,61043,64,64,0.183603,1.42518e-07,85.1119,481.316
shipsec1.mtx,140874,140874,7813404,coo seg,30522,64,128,0.164045,1.33768e-07,95.2594,538.701
shipsec1.mtx,140874,140874,7813404,coo seg,20348,64,192,0.156365,1.34218e-07,99.9381,565.16
shipsec1.mtx,140874,140874,7813404,coo seg,15261,64,256,0.155341,1.29365e-07,100.597,568.886
shipsec1.mtx,140874,140874,7813404,coo seg,12209,64,320,0.155341,1.28695e-07,100.597,568.886
shipsec1.mtx,140874,140874,7813404,coo seg,10174,64,384,0.155034,1.29932e-07,100.796,570.013
shipsec1.mtx,140874,140874,7813404,coo seg,8721,64,448,0.156058,1.27068e-07,100.135,566.273
shipsec1.mtx,140874,140874,7813404,coo seg,7631,64,512,0.159642,1.27915e-07,97.8868,553.56
shipsec1.mtx,140874,140874,7813404,coo seg,6783,64,576,0.157696,1.31438e-07,99.0945,560.39
shipsec1.mtx,140874,140874,7813404,coo seg,6105,64,640,0.16087,1.28189e-07,97.1391,549.332
shipsec1.mtx,140874,140874,7813404,coo seg,5550,64,704,0.170394,1.28962e-07,91.7101,518.63
shipsec1.mtx,140874,140874,7813404,coo seg,5087,64,768,0.157798,1.28288e-07,99.0302,560.026
shipsec1.mtx,140874,140874,7813404,coo seg,4696,64,832,0.163738,1.30048e-07,95.4381,539.712
shipsec1.mtx,140874,140874,7813404,coo seg,4361,64,896,0.165274,1.26814e-07,94.5512,534.696
shipsec1.mtx,140874,140874,7813404,coo seg,4070,64,960,0.170906,1.27477e-07,91.4353,517.076
shipsec1.mtx,140874,140874,7813404,coo seg,3816,64,1024,0.174899,1.27599e-07,89.3475,505.269
shipsec1.mtx,140874,140874,7813404,coo flat,81390,96,0,1.0752,1.03898e-07,14.5339,82.1905
shipsec1.mtx,140874,140874,7813404,csr scalar,1468,96,0,0.191795,6.95321e-08,81.4765,311.732
shipsec1.mtx,140874,140874,7813404,csr vector,46958,96,0,0.238285,1.45333e-07,65.5804,250.913
shipsec1.mtx,140874,140874,7813404,coo seg,40695,96,64,0.178176,1.42525e-07,87.7043,495.977
shipsec1.mtx,140874,140874,7813404,coo seg,20348,96,128,0.162406,1.33768e-07,96.2204,544.136
shipsec1.mtx,140874,140874,7813404,coo seg,13565,96,192,0.156058,1.34218e-07,100.135,566.273
shipsec1.mtx,140874,140874,7813404,coo seg,10174,96,256,0.154214,1.29365e-07,101.332,573.041
shipsec1.mtx,140874,140874,7813404,coo seg,8139,96,320,0.154214,1.28695e-07,101.332,573.041
shipsec1.mtx,140874,140874,7813404,coo seg,6783,96,384,0.154112,1.29932e-07,101.399,573.422
shipsec1.mtx,140874,140874,7813404,coo seg,5814,96,448,0.155238,1.27068e-07,100.663,569.261
shipsec1.mtx,140874,140874,7813404,coo seg,5087,96,512,0.157286,1.27915e-07,99.3526,561.849
shipsec1.mtx,140874,140874,7813404,coo seg,4522,96,576,0.156877,1.31438e-07,99.612,563.316
shipsec1.mtx,140874,140874,7813404,coo seg,4070,96,640,0.158618,1.28189e-07,98.5188,557.134
shipsec1.mtx,140874,140874,7813404,coo seg,3700,96,704,0.168653,1.28962e-07,92.6567,523.983
shipsec1.mtx,140874,140874,7813404,coo seg,3392,96,768,0.156262,1.28288e-07,100.004,565.531
shipsec1.mtx,140874,140874,7813404,coo seg,3131,96,832,0.163328,1.30048e-07,95.6775,541.066
shipsec1.mtx,140874,140874,7813404,coo seg,2907,96,896,0.163533,1.26814e-07,95.5576,540.388
shipsec1.mtx,140874,140874,7813404,coo seg,2713,96,960,0.168346,1.27477e-07,92.8258,524.939
shipsec1.mtx,140874,140874,7813404,coo seg,2544,96,1024,0.173158,1.27599e-07,90.2457,510.349
shipsec1.mtx,140874,140874,7813404,coo flat,61043,128,0,1.07479,1.06609e-07,14.5394,82.2218
shipsec1.mtx,140874,140874,7813404,csr scalar,1101,128,0,0.198963,6.95321e-08,78.5412,300.502
shipsec1.mtx,140874,140874,7813404,csr vector,35219,128,0,0.223437,1.45333e-07,69.9384,267.587
shipsec1.mtx,140874,140874,7813404,coo seg,30522,128,64,0.175923,1.42538e-07,88.8274,502.328
shipsec1.mtx,140874,140874,7813404,coo seg,15261,128,128,0.161485,1.33768e-07,96.7695,547.242
shipsec1.mtx,140874,140874,7813404,coo seg,10174,128,192,0.155443,1.34218e-07,100.531,568.511
shipsec1.mtx,140874,140874,7813404,coo seg,7631,128,256,0.1536,1.29365e-07,101.737,575.333
shipsec1.mtx,140874,140874,7813404,coo seg,6105,128,320,0.153805,1.28695e-07,101.602,574.567
shipsec1.mtx,140874,140874,7813404,coo seg,5087,128,384,0.153293,1.29932e-07,101.941,576.486
shipsec1.mtx,140874,140874,7813404,coo seg,4361,128,448,0.154522,1.27068e-07,101.13,571.902
shipsec1.mtx,140874,140874,7813404,coo seg,3816,128,512,0.156672,1.27915e-07,99.7422,564.052
shipsec1.mtx,140874,140874,7813404,coo seg,3392,128,576,0.156058,1.31438e-07,100.135,566.273
shipsec1.mtx,140874,140874,7813404,coo seg,3053,128,640,0.158003,1.28189e-07,98.9018,559.3
shipsec1.mtx,140874,140874,7813404,coo seg,2775,128,704,0.168653,1.28962e-07,92.6567,523.983
shipsec1.mtx,140874,140874,7813404,coo seg,2544,128,768,0.155955,1.28288e-07,100.201,566.645
shipsec1.mtx,140874,140874,7813404,coo seg,2348,128,832,0.162304,1.30048e-07,96.2811,544.479
shipsec1.mtx,140874,140874,7813404,coo seg,2181,128,896,0.162918,1.26814e-07,95.918,542.426
shipsec1.mtx,140874,140874,7813404,coo seg,2035,128,960,0.168653,1.27477e-07,92.6567,523.983
shipsec1.mtx,140874,140874,7813404,coo seg,1908,128,1024,0.172954,1.27599e-07,90.3526,510.953
shipsec1.mtx,140874,140874,7813404,coo flat,48834,160,0,1.11278,1.10387e-07,14.043,79.4147
shipsec1.mtx,140874,140874,7813404,csr scalar,881,160,0,0.193024,6.95321e-08,80.9578,309.748
shipsec1.mtx,140874,140874,7813404,csr vector,28175,160,0,0.231834,1.45333e-07,67.4053,257.895
shipsec1.mtx,140874,140874,7813404,coo seg,24417,160,64,0.177869,1.42488e-07,87.8558,496.834
shipsec1.mtx,140874,140874,7813404,coo seg,12209,160,128,0.162202,1.33768e-07,96.3419,544.823
shipsec1.mtx,140874,140874,7813404,coo seg,8139,160,192,0.157184,1.34218e-07,99.4173,562.215
shipsec1.mtx,140874,140874,7813404,coo seg,6105,160,256,0.156262,1.29365e-07,100.004,565.531
shipsec1.mtx,140874,140874,7813404,coo seg,4884,160,320,0.156979,1.28695e-07,99.547,562.948
shipsec1.mtx,140874,140874,7813404,coo seg,4070,160,384,0.158413,1.29932e-07,98.6461,557.854
shipsec1.mtx,140874,140874,7813404,coo seg,3489,160,448,0.159949,1.27068e-07,97.6988,552.497
shipsec1.mtx,140874,140874,7813404,coo seg,3053,160,512,0.156774,1.27915e-07,99.677,563.684
shipsec1.mtx,140874,140874,7813404,coo seg,2713,160,576,0.164352,1.31438e-07,95.0813,537.695
shipsec1.mtx,140874,140874,7813404,coo seg,2442,160,640,0.158208,1.28189e-07,98.7738,558.576
shipsec1.mtx,140874,140874,7813404,coo seg,2220,160,704,0.167936,1.28962e-07,93.0522,526.219
shipsec1.mtx,140874,140874,7813404,coo seg,2035,160,768,0.170394,1.28288e-07,91.7101,518.63
shipsec1.mtx,140874,140874,7813404,coo seg,1879,160,832,0.162918,1.30048e-07,95.918,542.426
shipsec1.mtx,140874,140874,7813404,coo seg,1745,160,896,0.162611,1.26814e-07,96.0992,543.451
shipsec1.mtx,140874,140874,7813404,coo seg,1628,160,960,0.167629,1.27477e-07,93.2227,527.184
shipsec1.mtx,140874,140874,7813404,coo seg,1527,160,1024,0.172442,1.27599e-07,90.6209,512.47
shipsec1.mtx,140874,140874,7813404,coo flat,40695,192,0,1.13746,1.07897e-07,13.7383,77.6917
shipsec1.mtx,140874,140874,7813404,csr scalar,734,192,0,0.196301,6.95321e-08,79.6064,304.577
shipsec1.mtx,140874,140874,7813404,csr vector,23479,192,0,0.21975,1.45333e-07,71.1116,272.076
shipsec1.mtx,140874,140874,7813404,coo seg,20348,192,64,0.177152,1.42493e-07,88.2113,498.844
shipsec1.mtx,140874,140874,7813404,coo seg,10174,192,128,0.162202,1.33768e-07,96.3419,544.823
shipsec1.mtx,140874,140874,7813404,coo seg,6783,192,192,0.157901,1.34218e-07,98.966,559.663
shipsec1.mtx,140874,140874,7813404,coo seg,5087,192,256,0.156774,1.29365e-07,99.677,563.684
shipsec1.mtx,140874,140874,7813404,coo seg,4070,192,320,0.157082,1.28695e-07,99.4821,562.581
shipsec1.mtx,140874,140874,7813404,coo seg,3392,192,384,0.159027,1.29932e-07,98.265,555.699
shipsec1.mtx,140874,140874,7813404,coo seg,2907,192,448,0.160154,1.27068e-07,97.5739,551.79
shipsec1.mtx,140874,140874,7813404,coo seg,2544,192,512,0.157082,1.27915e-07,99.4821,562.581
shipsec1.mtx,140874,140874,7813404,coo seg,2261,192,576,0.164557,1.31438e-07,94.963,537.025
shipsec1.mtx,140874,140874,7813404,coo seg,2035,192,640,0.158003,1.28189e-07,98.9018,559.3
shipsec1.mtx,140874,140874,7813404,coo seg,1850,192,704,0.168243,1.28962e-07,92.8823,525.259
shipsec1.mtx,140874,140874,7813404,coo seg,1696,192,768,0.170394,1.28288e-07,91.7101,518.63
shipsec1.mtx,140874,140874,7813404,coo seg,1566,192,832,0.162714,1.30048e-07,96.0387,543.109
shipsec1.mtx,140874,140874,7813404,coo seg,1454,192,896,0.162202,1.26814e-07,96.3419,544.823
shipsec1.mtx,140874,140874,7813404,coo seg,1357,192,960,0.167629,1.27477e-07,93.2227,527.184
shipsec1.mtx,140874,140874,7813404,coo seg,1272,192,1024,0.171827,1.27599e-07,90.9449,514.303
shipsec1.mtx,140874,140874,7813404,coo flat,34882,224,0,1.11596,1.04938e-07,14.0031,79.1888
shipsec1.mtx,140874,140874,7813404,csr scalar,629,224,0,0.194765,6.95321e-08,80.2342,306.979
shipsec1.mtx,140874,140874,7813404,csr vector,20125,224,0,0.226816,1.45333e-07,68.8964,263.6
shipsec1.mtx,140874,140874,7813404,coo seg,17441,224,64,0.175718,1.42535e-07,88.931,502.914
shipsec1.mtx,140874,140874,7813404,coo seg,8721,224,128,0.163533,1.33768e-07,95.5576,540.388
shipsec1.mtx,140874,140874,7813404,coo seg,5814,224,192,0.156774,1.34218e-07,99.677,563.684
shipsec1.mtx,140874,140874,7813404,coo seg,4361,224,256,0.154522,1.29365e-07,101.13,571.902
shipsec1.mtx,140874,140874,7813404,coo seg,3489,224,320,0.155238,1.28695e-07,100.663,569.261
shipsec1.mtx,140874,140874,7813404,coo seg,2907,224,384,0.153907,1.29932e-07,101.534,574.185
shipsec1.mtx,140874,140874,7813404,coo seg,2492,224,448,0.155546,1.27068e-07,100.464,568.137
shipsec1.mtx,140874,140874,7813404,coo seg,2181,224,512,0.156877,1.27915e-07,99.612,563.316
shipsec1.mtx,140874,140874,7813404,coo seg,1938,224,576,0.156365,1.31438e-07,99.9381,565.16
shipsec1.mtx,140874,140874,7813404,coo seg,1745,224,640,0.158413,1.28189e-07,98.6461,557.854
shipsec1.mtx,140874,140874,7813404,coo seg,1586,224,704,0.169472,1.28962e-07,92.2088,521.45
shipsec1.mtx,140874,140874,7813404,coo seg,1454,224,768,0.157082,1.28288e-07,99.4821,562.581
shipsec1.mtx,140874,140874,7813404,coo seg,1342,224,832,0.162406,1.30048e-07,96.2204,544.136
shipsec1.mtx,140874,140874,7813404,coo seg,1246,224,896,0.163123,1.26814e-07,95.7976,541.745
shipsec1.mtx,140874,140874,7813404,coo seg,1163,224,960,0.168141,1.27477e-07,92.9388,525.578
shipsec1.mtx,140874,140874,7813404,coo seg,1091,224,1024,0.172749,1.27599e-07,90.4597,511.559
shipsec1.mtx,140874,140874,7813404,coo flat,30522,256,0,1.12814,1.08053e-07,13.8518,78.3335
shipsec1.mtx,140874,140874,7813404,csr scalar,551,256,0,0.201728,6.95321e-08,77.4647,296.383
shipsec1.mtx,140874,140874,7813404,csr vector,17610,256,0,0.209818,1.45333e-07,74.4781,284.956
shipsec1.mtx,140874,140874,7813404,coo seg,15261,256,64,0.173466,1.42495e-07,90.0859,509.445
shipsec1.mtx,140874,140874,7813404,coo seg,7631,256,128,0.16128,1.33768e-07,96.8924,547.936
shipsec1.mtx,140874,140874,7813404,coo seg,5087,256,192,0.15616,1.34218e-07,100.069,565.902
shipsec1.mtx,140874,140874,7813404,coo seg,3816,256,256,0.153702,1.29365e-07,101.669,574.95
shipsec1.mtx,140874,140874,7813404,coo seg,3053,256,320,0.154419,1.28695e-07,101.197,572.281
shipsec1.mtx,140874,140874,7813404,coo seg,2544,256,384,0.153395,1.29932e-07,101.873,576.101
shipsec1.mtx,140874,140874,7813404,coo seg,2181,256,448,0.154726,1.27068e-07,100.996,571.145
shipsec1.mtx,140874,140874,7813404,coo seg,1908,256,512,0.156774,1.27915e-07,99.677,563.684
shipsec1.mtx,140874,140874,7813404,coo seg,1696,256,576,0.156877,1.31438e-07,99.612,563.316
shipsec1.mtx,140874,140874,7813404,coo seg,1527,256,640,0.158413,1.28189e-07,98.6461,557.854
shipsec1.mtx,140874,140874,7813404,coo seg,1388,256,704,0.169779,1.28962e-07,92.042,520.507
shipsec1.mtx,140874,140874,7813404,coo seg,1272,256,768,0.156672,1.28288e-07,99.7422,564.052
shipsec1.mtx,140874,140874,7813404,coo seg,1174,256,832,0.162202,1.30048e-07,96.3419,544.823
shipsec1.mtx,140874,140874,7813404,coo seg,1091,256,896,0.162406,1.26814e-07,96.2204,544.136
shipsec1.mtx,140874,140874,7813404,coo seg,1018,256,960,0.168038,1.27477e-07,92.9955,525.899
shipsec1.mtx,140874,140874,7813404,coo seg,954,256,1024,0.172851,1.27599e-07,90.4061,511.256
shipsec1.mtx,140874,140874,7813404,coo flat,27130,288,0,1.14125,1.10212e-07,13.6927,77.4338
shipsec1.mtx,140874,140874,7813404,csr scalar,490,288,0,0.200806,6.95321e-08,77.8203,297.743
shipsec1.mtx,140874,140874,7813404,csr vector,15653,288,0,0.225075,1.45333e-07,69.4293,265.639
shipsec1.mtx,140874,140874,7813404,coo seg,13565,288,64,0.175411,1.42536e-07,89.0867,503.794
shipsec1.mtx,140874,140874,7813404,coo seg,6783,288,128,0.163635,1.33768e-07,95.4978,540.05
shipsec1.mtx,140874,140874,7813404,coo seg,4522,288,192,0.157286,1.34218e-07,99.3526,561.849
shipsec1.mtx,140874,140874,7813404,coo seg,3392,288,256,0.154829,1.29365e-07,100.93,570.767
shipsec1.mtx,140874,140874,7813404,coo seg,2713,288,320,0.155443,1.28695e-07,100.531,568.511
shipsec1.mtx,140874,140874,7813404,coo seg,2261,288,384,0.154624,1.29932e-07,101.063,571.523
shipsec1.mtx,140874,140874,7813404,coo seg,1938,288,448,0.155443,1.27068e-07,100.531,568.511
shipsec1.mtx,140874,140874,7813404,coo seg,1696,288,512,0.156979,1.27915e-07,99.547,562.948
shipsec1.mtx,140874,140874,7813404,coo seg,1508,288,576,0.157491,1.31438e-07,99.2234,561.118
shipsec1.mtx,140874,140874,7813404,coo seg,1357,288,640,0.158515,1.28189e-07,98.5824,557.493
shipsec1.mtx,140874,140874,7813404,coo seg,1234,288,704,0.170086,1.28962e-07,91.8757,519.566
shipsec1.mtx,140874,140874,7813404,coo seg,1131,288,768,0.157696,1.28288e-07,99.0945,560.39
shipsec1.mtx,140874,140874,7813404,coo seg,1044,288,832,0.162816,1.30048e-07,95.9783,542.767
shipsec1.mtx,140874,140874,7813404,coo seg,969,288,896,0.162714,1.26814e-07,96.0387,543.109
shipsec1.mtx,140874,140874,7813404,coo seg,905,288,960,0.16896,1.27477e-07,92.4882,523.03
shipsec1.mtx,140874,140874,7813404,coo seg,848,288,1024,0.173568,1.27599e-07,90.0328,509.144
shipsec1.mtx,140874,140874,7813404,coo flat,24417,320,0,1.16603,1.07641e-07,13.4017,75.7882
shipsec1.mtx,140874,140874,7813404,csr scalar,441,320,0,0.199782,6.95321e-08,78.2191,299.27
shipsec1.mtx,140874,140874,7813404,csr vector,14088,320,0,0.228045,1.45333e-07,68.5252,262.18
shipsec1.mtx,140874,140874,7813404,coo seg,12209,320,64,0.180019,1.42493e-07,86.8064,490.899
shipsec1.mtx,140874,140874,7813404,coo seg,6105,320,128,0.164147,1.33768e-07,95.2,538.365
shipsec1.mtx,140874,140874,7813404,coo seg,4070,320,192,0.159437,1.34218e-07,98.0126,554.271
shipsec1.mtx,140874,140874,7813404,coo seg,3053,320,256,0.157696,1.29365e-07,99.0945,560.39
shipsec1.mtx,140874,140874,7813404,coo seg,2442,320,320,0.158515,1.28695e-07,98.5824,557.493
shipsec1.mtx,140874,140874,7813404,coo seg,2035,320,384,0.160154,1.29932e-07,97.5739,551.79
shipsec1.mtx,140874,140874,7813404,coo seg,1745,320,448,0.161178,1.27068e-07,96.954,548.285
shipsec1.mtx,140874,140874,7813404,coo seg,1527,320,512,0.157696,1.27915e-07,99.0945,560.39
shipsec1.mtx,140874,140874,7813404,coo seg,1357,320,576,0.166195,1.31438e-07,94.0268,531.731
shipsec1.mtx,140874,140874,7813404,coo seg,1221,320,640,0.158925,1.28189e-07,98.3283,556.057
shipsec1.mtx,140874,140874,7813404,coo seg,1110,320,704,0.168448,1.28962e-07,92.7693,524.62
shipsec1.mtx,140874,140874,7813404,coo seg,1018,320,768,0.171418,1.28288e-07,91.1622,515.532
shipsec1.mtx,140874,140874,7813404,coo seg,940,320,832,0.164045,1.30048e-07,95.2594,538.701
shipsec1.mtx,140874,140874,7813404,coo seg,873,320,896,0.163123,1.26814e-07,95.7976,541.745
shipsec1.mtx,140874,140874,7813404,coo seg,814,320,960,0.167424,1.27477e-07,93.3367,527.829
shipsec1.mtx,140874,140874,7813404,coo seg,764,320,1024,0.172442,1.27599e-07,90.6209,512.47
shipsec1.mtx,140874,140874,7813404,coo flat,22198,352,0,1.19429,1.06543e-07,13.0846,73.9947
shipsec1.mtx,140874,140874,7813404,csr scalar,401,352,0,0.206029,6.95321e-08,75.8477,290.196
shipsec1.mtx,140874,140874,7813404,csr vector,12807,352,0,0.24023,1.45333e-07,65.0492,248.881
shipsec1.mtx,140874,140874,7813404,coo seg,11099,352,64,0.189133,1.42542e-07,82.6235,467.244
shipsec1.mtx,140874,140874,7813404,coo seg,5550,352,128,0.169882,1.33768e-07,91.9865,520.193
shipsec1.mtx,140874,140874,7813404,coo seg,3700,352,192,0.164557,1.34218e-07,94.963,537.025
shipsec1.mtx,140874,140874,7813404,coo seg,2775,352,256,0.16343,1.29365e-07,95.6175,540.727
shipsec1.mtx,140874,140874,7813404,coo seg,2220,352,320,0.163635,1.28695e-07,95.4978,540.05
shipsec1.mtx,140874,140874,7813404,coo seg,1850,352,384,0.162202,1.29932e-07,96.3419,544.823
shipsec1.mtx,140874,140874,7813404,coo seg,1586,352,448,0.162509,1.27068e-07,96.1598,543.793
shipsec1.mtx,140874,140874,7813404,coo seg,1388,352,512,0.161792,1.27915e-07,96.5858,546.202
shipsec1.mtx,140874,140874,7813404,coo seg,1234,352,576,0.16599,1.31438e-07,94.1429,532.387
shipsec1.mtx,140874,140874,7813404,coo seg,1110,352,640,0.162202,1.28189e-07,96.3419,544.823
shipsec1.mtx,140874,140874,7813404,coo seg,1009,352,704,0.167936,1.28962e-07,93.0522,526.219
shipsec1.mtx,140874,140874,7813404,coo seg,925,352,768,0.171725,1.28288e-07,90.9991,514.609
shipsec1.mtx,140874,140874,7813404,coo seg,854,352,832,0.182067,1.30048e-07,85.8299,485.377
shipsec1.mtx,140874,140874,7813404,coo seg,793,352,896,0.16384,1.26814e-07,95.3785,539.375
shipsec1.mtx,140874,140874,7813404,coo seg,740,352,960,0.167424,1.27477e-07,93.3367,527.829
shipsec1.mtx,140874,140874,7813404,coo seg,694,352,1024,0.171418,1.27599e-07,91.1622,515.532
shipsec1.mtx,140874,140874,7813404,coo flat,20348,384,0,1.19183,1.08509e-07,13.1116,74.1472
shipsec1.mtx,140874,140874,7813404,csr scalar,367,384,0,0.208282,6.95321e-08,75.0273,287.057
shipsec1.mtx,140874,140874,7813404,csr vector,11740,384,0,0.222618,1.45333e-07,70.1957,268.572
shipsec1.mtx,140874,140874,7813404,coo seg,10174,384,64,0.180429,1.42508e-07,86.6093,489.784
shipsec1.mtx,140874,140874,7813404,coo seg,5087,384,128,0.165069,1.33768e-07,94.6685,535.36
shipsec1.mtx,140874,140874,7813404,coo seg,3392,384,192,0.160051,1.34218e-07,97.6363,552.143
shipsec1.mtx,140874,140874,7813404,coo seg,2544,384,256,0.158618,1.29365e-07,98.5188,557.134
shipsec1.mtx,140874,140874,7813404,coo seg,2035,384,320,0.159539,1.28695e-07,97.9496,553.915
shipsec1.mtx,140874,140874,7813404,coo seg,1696,384,384,0.160154,1.29932e-07,97.5739,551.79
shipsec1.mtx,140874,140874,7813404,coo seg,1454,384,448,0.16128,1.27068e-07,96.8924,547.936
shipsec1.mtx,140874,140874,7813404,coo seg,1272,384,512,0.157901,1.27915e-07,98.966,559.663
shipsec1.mtx,140874,140874,7813404,coo seg,1131,384,576,0.166298,1.31438e-07,93.9689,531.404
shipsec1.mtx,140874,140874,7813404,coo seg,1018,384,640,0.160358,1.28189e-07,97.4493,551.085
shipsec1.mtx,140874,140874,7813404,coo seg,925,384,704,0.169574,1.28962e-07,92.1531,521.135
shipsec1.mtx,140874,140874,7813404,coo seg,848,384,768,0.172134,1.28288e-07,90.7826,513.385
shipsec1.mtx,140874,140874,7813404,coo seg,783,384,832,0.165171,1.30048e-07,94.6098,535.028
shipsec1.mtx,140874,140874,7813404,coo seg,727,384,896,0.16425,1.26814e-07,95.1406,538.03
shipsec1.mtx,140874,140874,7813404,coo seg,679,384,960,0.167834,1.27477e-07,93.1089,526.541
shipsec1.mtx,140874,140874,7813404,coo seg,636,384,1024,0.172442,1.27599e-07,90.6209,512.47
shipsec1.mtx,140874,140874,7813404,coo flat,18783,416,0,1.20709,1.05533e-07,12.9458,73.21
shipsec1.mtx,140874,140874,7813404,csr scalar,339,416,0,0.202138,6.95321e-08,77.3078,295.783
shipsec1.mtx,140874,140874,7813404,csr vector,10837,416,0,0.247501,1.45333e-07,63.1384,241.57
shipsec1.mtx,140874,140874,7813404,coo seg,9392,416,64,0.197018,1.42449e-07,79.3168,448.545
shipsec1.mtx,140874,140874,7813404,coo seg,4696,416,128,0.175104,1.33768e-07,89.243,504.678
shipsec1.mtx,140874,140874,7813404,coo seg,3131,416,192,0.169677,1.34218e-07,92.0975,520.821
shipsec1.mtx,140874,140874,7813404,coo seg,2348,416,256,0.166605,1.29365e-07,93.7957,530.424
shipsec1.mtx,140874,140874,7813404,coo seg,1879,416,320,0.167117,1.28695e-07,93.5083,528.799
shipsec1.mtx,140874,140874,7813404,coo seg,1566,416,384,0.165786,1.29932e-07,94.2591,533.045
shipsec1.mtx,140874,140874,7813404,coo seg,1342,416,448,0.165581,1.27068e-07,94.3757,533.704
shipsec1.mtx,140874,140874,7813404,coo seg,1174,416,512,0.170701,1.27915e-07,91.545,517.696
shipsec1.mtx,140874,140874,7813404,coo seg,1044,416,576,0.166707,1.31438e-07,93.7381,530.098
shipsec1.mtx,140874,140874,7813404,coo seg,940,416,640,0.174797,1.28189e-07,89.3998,505.565
shipsec1.mtx,140874,140874,7813404,coo seg,854,416,704,0.169677,1.28962e-07,92.0975,520.821
shipsec1.mtx,140874,140874,7813404,coo seg,783,416,768,0.171315,1.28288e-07,91.2167,515.84
shipsec1.mtx,140874,140874,7813404,coo seg,723,416,832,0.181965,1.30048e-07,85.8782,485.65
shipsec1.mtx,140874,140874,7813404,coo seg,671,416,896,0.164045,1.26814e-07,95.2594,538.701
shipsec1.mtx,140874,140874,7813404,coo seg,627,416,960,0.168448,1.27477e-07,92.7693,524.62
shipsec1.mtx,140874,140874,7813404,coo seg,587,416,1024,0.170803,1.27599e-07,91.4901,517.386
shipsec1.mtx,140874,140874,7813404,coo flat,17441,448,0,1.21733,1.05854e-07,12.8369,72.5942
shipsec1.mtx,140874,140874,7813404,csr scalar,315,448,0,0.207258,6.95321e-08,75.398,288.476
shipsec1.mtx,140874,140874,7813404,csr vector,10063,448,0,0.238592,1.45333e-07,65.4959,250.59
shipsec1.mtx,140874,140874,7813404,coo seg,8721,448,64,0.189235,1.42468e-07,82.5788,466.991
shipsec1.mtx,140874,140874,7813404,coo seg,4361,448,128,0.170598,1.33768e-07,91.6,518.007
shipsec1.mtx,140874,140874,7813404,coo seg,2907,448,192,0.165478,1.34218e-07,94.4341,534.035
shipsec1.mtx,140874,140874,7813404,coo seg,2181,448,256,0.162714,1.29365e-07,96.0387,543.109
shipsec1.mtx,140874,140874,7813404,coo seg,1745,448,320,0.16343,1.28695e-07,95.6175,540.727
shipsec1.mtx,140874,140874,7813404,coo seg,1454,448,384,0.162611,1.29932e-07,96.0992,543.451
shipsec1.mtx,140874,140874,7813404,coo seg,1246,448,448,0.163123,1.27068e-07,95.7976,541.745
shipsec1.mtx,140874,140874,7813404,coo seg,1091,448,512,0.161485,1.27915e-07,96.7695,547.242
shipsec1.mtx,140874,140874,7813404,coo seg,969,448,576,0.167322,1.31438e-07,93.3938,528.152
shipsec1.mtx,140874,140874,7813404,coo seg,873,448,640,0.162304,1.28189e-07,96.2811,544.479
shipsec1.mtx,140874,140874,7813404,coo seg,793,448,704,0.169472,1.28962e-07,92.2088,521.45
shipsec1.mtx,140874,140874,7813404,coo seg,727,448,768,0.172134,1.28288e-07,90.7826,513.385
shipsec1.mtx,140874,140874,7813404,coo seg,671,448,832,0.163635,1.30048e-07,95.4978,540.05
shipsec1.mtx,140874,140874,7813404,coo seg,623,448,896,0.165683,1.26814e-07,94.3174,533.375
shipsec1.mtx,140874,140874,7813404,coo seg,582,448,960,0.16855,1.27477e-07,92.713,524.301
shipsec1.mtx,140874,140874,7813404,coo seg,546,448,1024,0.172134,1.27599e-07,90.7826,513.385
shipsec1.mtx,140874,140874,7813404,coo flat,16278,480,0,1.18262,1.0396e-07,13.2137,74.7251
shipsec1.mtx,140874,140874,7813404,csr scalar,294,480,0,0.21033,6.95321e-08,74.2968,284.262
shipsec1.mtx,140874,140874,7813404,csr vector,9392,480,0,0.231424,1.45333e-07,67.5246,258.352
shipsec1.mtx,140874,140874,7813404,coo seg,8139,480,64,0.182886,1.42512e-07,85.4454,483.203
shipsec1.mtx,140874,140874,7813404,coo seg,4070,480,128,0.167117,1.33768e-07,93.5083,528.799
shipsec1.mtx,140874,140874,7813404,coo seg,2713,480,192,0.16128,1.34218e-07,96.8924,547.936
shipsec1.mtx,140874,140874,7813404,coo seg,2035,480,256,0.159539,1.29365e-07,97.9496,553.915
shipsec1.mtx,140874,140874,7813404,coo seg,1628,480,320,0.160461,1.28695e-07,97.3871,550.734
shipsec1.mtx,140874,140874,7813404,coo seg,1357,480,384,0.161587,1.29932e-07,96.7082,546.895
shipsec1.mtx,140874,140874,7813404,coo seg,1163,480,448,0.162509,1.27068e-07,96.1598,543.793
shipsec1.mtx,140874,140874,7813404,coo seg,1018,480,512,0.159437,1.27915e-07,98.0126,554.271
shipsec1.mtx,140874,140874,7813404,coo seg,905,480,576,0.167117,1.31438e-07,93.5083,528.799
shipsec1.mtx,140874,140874,7813404,coo seg,814,480,640,0.160154,1.28189e-07,97.5739,551.79
shipsec1.mtx,140874,140874,7813404,coo seg,740,480,704,0.169677,1.28962e-07,92.0975,520.821
shipsec1.mtx,140874,140874,7813404,coo seg,679,480,768,0.172442,1.28288e-07,90.6209,512.47
shipsec1.mtx,140874,140874,7813404,coo seg,627,480,832,0.164659,1.30048e-07,94.9039,536.691
shipsec1.mtx,140874,140874,7813404,coo seg,582,480,896,0.16425,1.26814e-07,95.1406,538.03
shipsec1.mtx,140874,140874,7813404,coo seg,543,480,960,0.16937,1.27477e-07,92.2645,521.765
shipsec1.mtx,140874,140874,7813404,coo seg,509,480,1024,0.173261,1.27599e-07,90.1924,510.047
shipsec1.mtx,140874,140874,7813404,coo flat,15261,512,0,1.17043,1.08266e-07,13.3513,75.5031
shipsec1.mtx,140874,140874,7813404,csr scalar,276,512,0,0.210637,6.95321e-08,74.1884,283.848
shipsec1.mtx,140874,140874,7813404,csr vector,8805,512,0,0.219034,1.45333e-07,71.3443,272.966
shipsec1.mtx,140874,140874,7813404,coo seg,7631,512,64,0.177254,1.42498e-07,88.1603,498.556
shipsec1.mtx,140874,140874,7813404,coo seg,3816,512,128,0.16343,1.33768e-07,95.6175,540.727
shipsec1.mtx,140874,140874,7813404,coo seg,2544,512,192,0.157798,1.34218e-07,99.0302,560.026
shipsec1.mtx,140874,140874,7813404,coo seg,1908,512,256,0.155546,1.29365e-07,100.464,568.137
shipsec1.mtx,140874,140874,7813404,coo seg,1527,512,320,0.156058,1.28695e-07,100.135,566.273
shipsec1.mtx,140874,140874,7813404,coo seg,1272,512,384,0.154726,1.29932e-07,100.996,571.145
shipsec1.mtx,140874,140874,7813404,coo seg,1091,512,448,0.155955,1.27068e-07,100.201,566.645
shipsec1.mtx,140874,140874,7813404,coo seg,954,512,512,0.158515,1.27915e-07,98.5824,557.493
shipsec1.mtx,140874,140874,7813404,coo seg,848,512,576,0.158925,1.31438e-07,98.3283,556.057
shipsec1.mtx,140874,140874,7813404,coo seg,764,512,640,0.159232,1.28189e-07,98.1386,554.984
shipsec1.mtx,140874,140874,7813404,coo seg,694,512,704,0.171622,1.28962e-07,91.0534,514.916
shipsec1.mtx,140874,140874,7813404,coo seg,636,512,768,0.157798,1.28288e-07,99.0302,560.026
shipsec1.mtx,140874,140874,7813404,coo seg,587,512,832,0.163123,1.30048e-07,95.7976,541.745
shipsec1.mtx,140874,140874,7813404,coo seg,546,512,896,0.163328,1.26814e-07,95.6775,541.066
shipsec1.mtx,140874,140874,7813404,coo seg,509,512,960,0.169472,1.27477e-07,92.2088,521.45
shipsec1.mtx,140874,140874,7813404,coo seg,477,512,1024,0.173773,1.27599e-07,89.9267,508.544
shipsec1.mtx,140874,140874,7813404,coo flat,14363,544,0,1.23945,1.03603e-07,12.6079,71.2987
shipsec1.mtx,140874,140874,7813404,csr scalar,259,544,0,0.199475,6.95321e-08,78.3396,299.73
shipsec1.mtx,140874,140874,7813404,csr vector,8287,544,0,0.254464,1.45333e-07,61.4107,234.96
shipsec1.mtx,140874,140874,7813404,coo seg,7182,544,64,0.20224,1.4253e-07,77.2686,436.962
shipsec1.mtx,140874,140874,7813404,coo seg,3591,544,128,0.180531,1.33768e-07,86.5602,489.506
shipsec1.mtx,140874,140874,7813404,coo seg,2394,544,192,0.173978,1.34218e-07,89.8208,507.946
shipsec1.mtx,140874,140874,7813404,coo seg,1796,544,256,0.172032,1.29365e-07,90.8366,513.69
shipsec1.mtx,140874,140874,7813404,coo seg,1437,544,320,0.170496,1.28695e-07,91.655,518.318
shipsec1.mtx,140874,140874,7813404,coo seg,1197,544,384,0.173568,1.29932e-07,90.0328,509.144
shipsec1.mtx,140874,140874,7813404,coo seg,1026,544,448,0.174797,1.27068e-07,89.3998,505.565
shipsec1.mtx,140874,140874,7813404,coo seg,898,544,512,0.171725,1.27915e-07,90.9991,514.609
shipsec1.mtx,140874,140874,7813404,coo seg,798,544,576,0.171315,1.31438e-07,91.2167,515.84
shipsec1.mtx,140874,140874,7813404,coo seg,719,544,640,0.17623,1.28189e-07,88.6726,501.453
shipsec1.mtx,140874,140874,7813404,coo seg,653,544,704,0.172134,1.28962e-07,90.7826,513.385
shipsec1.mtx,140874,140874,7813404,coo seg,599,544,768,0.171418,1.28288e-07,91.1622,515.532
shipsec1.mtx,140874,140874,7813404,coo seg,553,544,832,0.182579,1.30048e-07,85.5892,484.016
shipsec1.mtx,140874,140874,7813404,coo seg,513,544,896,0.188416,1.26814e-07,82.9378,469.022
shipsec1.mtx,140874,140874,7813404,coo seg,479,544,960,0.170803,1.27477e-07,91.4901,517.386
shipsec1.mtx,140874,140874,7813404,coo seg,449,544,1024,0.173773,1.27599e-07,89.9267,508.544
shipsec1.mtx,140874,140874,7813404,coo flat,13565,576,0,1.23607,1.00451e-07,12.6423,71.4937
shipsec1.mtx,140874,140874,7813404,csr scalar,245,576,0,0.202138,6.95321e-08,77.3078,295.783
shipsec1.mtx,140874,140874,7813404,csr vector,7827,576,0,0.243712,1.45333e-07,64.12,245.326
shipsec1.mtx,140874,140874,7813404,coo seg,6783,576,64,0.195379,1.42516e-07,79.9819,452.306
shipsec1.mtx,140874,140874,7813404,coo seg,3392,576,128,0.176333,1.33768e-07,88.6211,501.161
shipsec1.mtx,140874,140874,7813404,coo seg,2261,576,192,0.169882,1.34218e-07,91.9865,520.193
shipsec1.mtx,140874,140874,7813404,coo seg,1696,576,256,0.168243,1.29365e-07,92.8823,525.259
shipsec1.mtx,140874,140874,7813404,coo seg,1357,576,320,0.16937,1.28695e-07,92.2645,521.765
shipsec1.mtx,140874,140874,7813404,coo seg,1131,576,384,0.168038,1.29932e-07,92.9955,525.899
shipsec1.mtx,140874,140874,7813404,coo seg,969,576,448,0.167014,1.27068e-07,93.5656,529.123
shipsec1.mtx,140874,140874,7813404,coo seg,848,576,512,0.170803,1.27915e-07,91.4901,517.386
shipsec1.mtx,140874,140874,7813404,coo seg,754,576,576,0.168243,1.31438e-07,92.8823,525.259
shipsec1.mtx,140874,140874,7813404,coo seg,679,576,640,0.175206,1.28189e-07,89.1908,504.383
shipsec1.mtx,140874,140874,7813404,coo seg,617,576,704,0.17111,1.28962e-07,91.3259,516.457
shipsec1.mtx,140874,140874,7813404,coo seg,566,576,768,0.172851,1.28288e-07,90.4061,511.256
shipsec1.mtx,140874,140874,7813404,coo seg,522,576,832,0.183194,1.30048e-07,85.3022,482.392
shipsec1.mtx,140874,140874,7813404,coo seg,485,576,896,0.166502,1.26814e-07,93.8534,530.75
shipsec1.mtx,140874,140874,7813404,coo seg,453,576,960,0.172646,1.27477e-07,90.5134,511.862
shipsec1.mtx,140874,140874,7813404,coo seg,424,576,1024,0.171315,1.27599e-07,91.2167,515.84
shipsec1.mtx,140874,140874,7813404,coo flat,12851,608,0,1.21784,1.01368e-07,12.8315,72.5637
shipsec1.mtx,140874,140874,7813404,csr scalar,232,608,0,0.204186,6.95321e-08,76.5324,292.816
shipsec1.mtx,140874,140874,7813404,csr vector,7415,608,0,0.242586,1.45333e-07,64.4177,246.465
shipsec1.mtx,140874,140874,7813404,coo seg,6426,608,64,0.190259,1.42491e-07,82.1343,464.478
shipsec1.mtx,140874,140874,7813404,coo seg,3213,608,128,0.173056,1.33768e-07,90.2991,510.651
shipsec1.mtx,140874,140874,7813404,coo seg,2142,608,192,0.167014,1.34218e-07,93.5656,529.123
shipsec1.mtx,140874,140874,7813404,coo seg,1607,608,256,0.163635,1.29365e-07,95.4978,540.05
shipsec1.mtx,140874,140874,7813404,coo seg,1286,608,320,0.163328,1.28695e-07,95.6775,541.066
shipsec1.mtx,140874,140874,7813404,coo seg,1071,608,384,0.164045,1.29932e-07,95.2594,538.701
shipsec1.mtx,140874,140874,7813404,coo seg,918,608,448,0.163738,1.27068e-07,95.4381,539.712
shipsec1.mtx,140874,140874,7813404,coo seg,804,608,512,0.163328,1.27915e-07,95.6775,541.066
shipsec1.mtx,140874,140874,7813404,coo seg,714,608,576,0.168448,1.31438e-07,92.7693,524.62
shipsec1.mtx,140874,140874,7813404,coo seg,643,608,640,0.164557,1.28189e-07,94.963,537.025
shipsec1.mtx,140874,140874,7813404,coo seg,585,608,704,0.170189,1.28962e-07,91.8204,519.254
shipsec1.mtx,140874,140874,7813404,coo seg,536,608,768,0.173363,1.28288e-07,90.1391,509.746
shipsec1.mtx,140874,140874,7813404,coo seg,495,608,832,0.165069,1.30048e-07,94.6684,535.36
shipsec1.mtx,140874,140874,7813404,coo seg,459,608,896,0.168448,1.26814e-07,92.7693,524.62
shipsec1.mtx,140874,140874,7813404,coo seg,429,608,960,0.168448,1.27477e-07,92.7693,524.62
shipsec1.mtx,140874,140874,7813404,coo seg,402,608,1024,0.174899,1.27599e-07,89.3475,505.269
shipsec1.mtx,140874,140874,7813404,coo flat,12209,640,0,1.20904,1.06387e-07,12.925,73.0922
shipsec1.mtx,140874,140874,7813404,csr scalar,221,640,0,0.208998,6.95321e-08,74.77,286.073
shipsec1.mtx,140874,140874,7813404,csr vector,7044,640,0,0.232448,1.45333e-07,67.2271,257.214
shipsec1.mtx,140874,140874,7813404,coo seg,6105,640,64,0.185037,1.4247e-07,84.4524,477.587
shipsec1.mtx,140874,140874,7813404,coo seg,3053,640,128,0.169472,1.33768e-07,92.2088,521.45
shipsec1.mtx,140874,140874,7813404,coo seg,2035,640,192,0.16343,1.34218e-07,95.6175,540.727
shipsec1.mtx,140874,140874,7813404,coo seg,1527,640,256,0.161178,1.29365e-07,96.954,548.284
shipsec1.mtx,140874,140874,7813404,coo seg,1221,640,320,0.16169,1.28695e-07,96.647,546.548
shipsec1.mtx,140874,140874,7813404,coo seg,1018,640,384,0.162816,1.29932e-07,95.9783,542.767
shipsec1.mtx,140874,140874,7813404,coo seg,873,640,448,0.162816,1.27068e-07,95.9783,542.767
shipsec1.mtx,140874,140874,7813404,coo seg,764,640,512,0.159642,1.27915e-07,97.8868,553.56
shipsec1.mtx,140874,140874,7813404,coo seg,679,640,576,0.167936,1.31438e-07,93.0522,526.219
shipsec1.mtx,140874,140874,7813404,coo seg,611,640,640,0.159334,1.28189e-07,98.0755,554.627
shipsec1.mtx,140874,140874,7813404,coo seg,555,640,704,0.170291,1.28962e-07,91.7652,518.942
shipsec1.mtx,140874,140874,7813404,coo seg,509,640,768,0.173056,1.28288e-07,90.2991,510.651
shipsec1.mtx,140874,140874,7813404,coo seg,470,640,832,0.166605,1.30048e-07,93.7957,530.424
shipsec1.mtx,140874,140874,7813404,coo seg,437,640,896,0.162406,1.26814e-07,96.2204,544.136
shipsec1.mtx,140874,140874,7813404,coo seg,407,640,960,0.169677,1.27477e-07,92.0975,520.821
shipsec1.mtx,140874,140874,7813404,coo seg,382,640,1024,0.174592,1.27599e-07,89.5047,506.158
shipsec1.mtx,140874,140874,7813404,coo flat,11628,672,0,1.17596,1.04914e-07,13.2885,75.148
shipsec1.mtx,140874,140874,7813404,csr scalar,210,672,0,0.211354,6.95321e-08,73.9368,282.885
shipsec1.mtx,140874,140874,7813404,csr vector,6709,672,0,0.230195,1.45333e-07,67.885,259.731
shipsec1.mtx,140874,140874,7813404,coo seg,5814,672,64,0.181146,1.42472e-07,86.2666,487.846
shipsec1.mtx,140874,140874,7813404,coo seg,2907,672,128,0.165581,1.33768e-07,94.3757,533.704
shipsec1.mtx,140874,140874,7813404,coo seg,1938,672,192,0.160666,1.34218e-07,97.2629,550.032
shipsec1.mtx,140874,140874,7813404,coo seg,1454,672,256,0.157901,1.29365e-07,98.966,559.663
shipsec1.mtx,140874,140874,7813404,coo seg,1163,672,320,0.157798,1.28695e-07,99.0302,560.026
shipsec1.mtx,140874,140874,7813404,coo seg,969,672,384,0.158515,1.29932e-07,98.5824,557.493
shipsec1.mtx,140874,140874,7813404,coo seg,831,672,448,0.156774,1.27068e-07,99.677,563.684
shipsec1.mtx,140874,140874,7813404,coo seg,727,672,512,0.159539,1.27915e-07,97.9496,553.915
shipsec1.mtx,140874,140874,7813404,coo seg,646,672,576,0.15913,1.31438e-07,98.2018,555.341
shipsec1.mtx,140874,140874,7813404,coo seg,582,672,640,0.16169,1.28189e-07,96.647,546.548
shipsec1.mtx,140874,140874,7813404,coo seg,529,672,704,0.171315,1.28962e-07,91.2167,515.84
shipsec1.mtx,140874,140874,7813404,coo seg,485,672,768,0.158106,1.28288e-07,98.8378,558.938
shipsec1.mtx,140874,140874,7813404,coo seg,448,672,832,0.165478,1.30048e-07,94.4341,534.035
shipsec1.mtx,140874,140874,7813404,coo seg,416,672,896,0.164966,1.26814e-07,94.7272,535.692
shipsec1.mtx,140874,140874,7813404,coo seg,388,672,960,0.170906,1.27477e-07,91.4353,517.076
shipsec1.mtx,140874,140874,7813404,coo seg,364,672,1024,0.173363,1.27599e-07,90.1391,509.746
shipsec1.mtx,140874,140874,7813404,coo flat,11099,704,0,1.27242,9.06937e-08,12.2811,69.4511
shipsec1.mtx,140874,140874,7813404,csr scalar,201,704,0,0.211251,6.95321e-08,73.9726,283.022
shipsec1.mtx,140874,140874,7813404,csr vector,6404,704,0,0.277709,1.45333e-07,56.2705,215.293
shipsec1.mtx,140874,140874,7813404,coo seg,5550,704,64,0.226099,1.42519e-07,69.1148,390.851
shipsec1.mtx,140874,140874,7813404,coo seg,2775,704,128,0.198451,1.33768e-07,78.7438,445.304
shipsec1.mtx,140874,140874,7813404,coo seg,1850,704,192,0.190976,1.34218e-07,81.826,462.734
shipsec1.mtx,140874,140874,7813404,coo seg,1388,704,256,0.188006,1.29365e-07,83.1185,470.044
shipsec1.mtx,140874,140874,7813404,coo seg,1110,704,320,0.185139,1.28695e-07,84.4057,477.323
shipsec1.mtx,140874,140874,7813404,coo seg,925,704,384,0.187085,1.29932e-07,83.5279,472.359
shipsec1.mtx,140874,140874,7813404,coo seg,793,704,448,0.188826,1.27068e-07,82.7579,468.004
shipsec1.mtx,140874,140874,7813404,coo seg,694,704,512,0.187597,1.27915e-07,83.3,471.07
shipsec1.mtx,140874,140874,7813404,coo seg,617,704,576,0.186368,1.31438e-07,83.8492,474.176
shipsec1.mtx,140874,140874,7813404,coo seg,555,704,640,0.179814,1.28189e-07,86.9052,491.458
shipsec1.mtx,140874,140874,7813404,coo seg,505,704,704,0.189645,1.28962e-07,82.4004,465.983
shipsec1.mtx,140874,140874,7813404,coo seg,463,704,768,0.19671,1.28288e-07,79.4407,449.245
shipsec1.mtx,140874,140874,7813404,coo seg,427,704,832,0.183194,1.30048e-07,85.3022,482.392
shipsec1.mtx,140874,140874,7813404,coo seg,397,704,896,0.189542,1.26814e-07,82.4449,466.234
shipsec1.mtx,140874,140874,7813404,coo seg,370,704,960,0.198246,1.27477e-07,78.8252,445.764
shipsec1.mtx,140874,140874,7813404,coo seg,347,704,1024,0.204595,1.27599e-07,76.3792,431.932
shipsec1.mtx,140874,140874,7813404,coo flat,10617,736,0,1.27222,9.32191e-08,12.2831,69.4623
shipsec1.mtx,140874,140874,7813404,csr scalar,192,736,0,0.208794,6.95321e-08,74.8433,286.354
shipsec1.mtx,140874,140874,7813404,csr vector,6125,736,0,0.275763,1.45333e-07,56.6675,216.812
shipsec1.mtx,140874,140874,7813404,coo seg,5309,736,64,0.220672,1.42476e-07,70.8146,400.464
shipsec1.mtx,140874,140874,7813404,coo seg,2655,736,128,0.195994,1.33768e-07,79.7312,450.888
shipsec1.mtx,140874,140874,7813404,coo seg,1770,736,192,0.187904,1.34218e-07,83.1638,470.3
shipsec1.mtx,140874,140874,7813404,coo seg,1328,736,256,0.183603,1.29365e-07,85.1119,481.316
shipsec1.mtx,140874,140874,7813404,coo seg,1062,736,320,0.182477,1.28695e-07,85.6372,484.287
shipsec1.mtx,140874,140874,7813404,coo seg,885,736,384,0.180838,1.29932e-07,86.4131,488.675
shipsec1.mtx,140874,140874,7813404,coo seg,759,736,448,0.181146,1.27068e-07,86.2666,487.846
shipsec1.mtx,140874,140874,7813404,coo seg,664,736,512,0.177152,1.27915e-07,88.2113,498.844
shipsec1.mtx,140874,140874,7813404,coo seg,590,736,576,0.185549,1.31438e-07,84.2194,476.269
shipsec1.mtx,140874,140874,7813404,coo seg,531,736,640,0.181146,1.28189e-07,86.2666,487.846
shipsec1.mtx,140874,140874,7813404,coo seg,483,736,704,0.189133,1.28962e-07,82.6235,467.244
shipsec1.mtx,140874,140874,7813404,coo seg,443,736,768,0.176026,1.28288e-07,88.7758,502.036
shipsec1.mtx,140874,140874,7813404,coo seg,409,736,832,0.186163,1.30048e-07,83.9415,474.697
shipsec1.mtx,140874,140874,7813404,coo seg,380,736,896,0.188723,1.26814e-07,82.8028,468.258
shipsec1.mtx,140874,140874,7813404,coo seg,354,736,960,0.197427,1.27477e-07,79.1523,447.614
shipsec1.mtx,140874,140874,7813404,coo seg,332,736,1024,0.174592,1.27599e-07,89.5047,506.158
shipsec1.mtx,140874,140874,7813404,coo flat,10174,768,0,1.2629,9.91196e-08,12.3738,69.9749
shipsec1.mtx,140874,140874,7813404,csr scalar,184,768,0,0.2048,6.95321e-08,76.3028,291.937
shipsec1.mtx,140874,140874,7813404,csr vector,5870,768,0,0.261734,1.45333e-07,59.7048,228.433
shipsec1.mtx,140874,140874,7813404,coo seg,5087,768,64,0.214733,1.42502e-07,72.7733,411.54
shipsec1.mtx,140874,140874,7813404,coo seg,2544,768,128,0.191078,1.33768e-07,81.7822,462.487
shipsec1.mtx,140874,140874,7813404,coo seg,1696,768,192,0.183398,1.34218e-07,85.2069,481.854
shipsec1.mtx,140874,140874,7813404,coo seg,1272,768,256,0.180224,1.29365e-07,86.7077,490.341
shipsec1.mtx,140874,140874,7813404,coo seg,1018,768,320,0.181453,1.28695e-07,86.1205,487.02
shipsec1.mtx,140874,140874,7813404,coo seg,848,768,384,0.179507,1.29932e-07,87.0539,492.299
shipsec1.mtx,140874,140874,7813404,coo seg,727,768,448,0.176947,1.27068e-07,88.3134,499.421
shipsec1.mtx,140874,140874,7813404,coo seg,636,768,512,0.177562,1.27915e-07,88.0078,497.693
shipsec1.mtx,140874,140874,7813404,coo seg,566,768,576,0.185856,1.31438e-07,84.0802,475.482
shipsec1.mtx,140874,140874,7813404,coo seg,509,768,640,0.180941,1.28189e-07,86.3642,488.398
shipsec1.mtx,140874,140874,7813404,coo seg,463,768,704,0.190054,1.28962e-07,82.2228,464.978
shipsec1.mtx,140874,140874,7813404,coo seg,424,768,768,0.177254,1.28288e-07,88.1603,498.556
shipsec1.mtx,140874,140874,7813404,coo seg,392,768,832,0.181146,1.30048e-07,86.2666,487.846
shipsec1.mtx,140874,140874,7813404,coo seg,364,768,896,0.188109,1.26814e-07,83.0732,469.788
shipsec1.mtx,140874,140874,7813404,coo seg,340,768,960,0.19712,1.27477e-07,79.2756,448.312
shipsec1.mtx,140874,140874,7813404,coo seg,318,768,1024,0.175206,1.27599e-07,89.1908,504.383
shipsec1.mtx,140874,140874,7813404,coo flat,9767,800,0,1.26034,9.91714e-08,12.3989,70.117
shipsec1.mtx,140874,140874,7813404,csr scalar,177,800,0,0.208998,6.95321e-08,74.77,286.073
shipsec1.mtx,140874,140874,7813404,csr vector,5635,800,0,0.264806,1.45333e-07,59.0122,225.783
shipsec1.mtx,140874,140874,7813404,coo seg,4884,800,64,0.210739,1.42514e-07,74.1524,419.339
shipsec1.mtx,140874,140874,7813404,coo seg,2442,800,128,0.188314,1.33768e-07,82.9829,469.277
shipsec1.mtx,140874,140874,7813404,coo seg,1628,800,192,0.180634,1.34218e-07,86.5111,489.229
shipsec1.mtx,140874,140874,7813404,coo seg,1221,800,256,0.176742,1.29365e-07,88.4157,500
shipsec1.mtx,140874,140874,7813404,coo seg,977,800,320,0.17664,1.28695e-07,88.467,500.29
shipsec1.mtx,140874,140874,7813404,coo seg,814,800,384,0.17664,1.29932e-07,88.467,500.29
shipsec1.mtx,140874,140874,7813404,coo seg,698,800,448,0.177254,1.27068e-07,88.1603,498.556
shipsec1.mtx,140874,140874,7813404,coo seg,611,800,512,0.172851,1.27915e-07,90.4061,511.256
shipsec1.mtx,140874,140874,7813404,coo seg,543,800,576,0.17367,1.31438e-07,89.9797,508.844
shipsec1.mtx,140874,140874,7813404,coo seg,489,800,640,0.177459,1.28189e-07,88.0586,497.98
shipsec1.mtx,140874,140874,7813404,coo seg,444,800,704,0.173978,1.28962e-07,89.8208,507.946
shipsec1.mtx,140874,140874,7813404,coo seg,407,800,768,0.1792,1.28288e-07,87.2032,493.143
shipsec1.mtx,140874,140874,7813404,coo seg,376,800,832,0.181658,1.30048e-07,86.0234,486.471
shipsec1.mtx,140874,140874,7813404,coo seg,349,800,896,0.189952,1.26814e-07,82.2671,465.229
shipsec1.mtx,140874,140874,7813404,coo seg,326,800,960,0.17193,1.27477e-07,90.8907,513.996
shipsec1.mtx,140874,140874,7813404,coo seg,306,800,1024,0.178586,1.27599e-07,87.5032,494.839
shipsec1.mtx,140874,140874,7813404,coo flat,9392,832,0,1.25297,9.93119e-08,12.4718,70.5296
shipsec1.mtx,140874,140874,7813404,csr scalar,170,832,0,0.221491,6.95321e-08,70.5527,269.938
shipsec1.mtx,140874,140874,7813404,csr vector,5419,832,0,0.257229,1.45333e-07,60.7506,232.434
shipsec1.mtx,140874,140874,7813404,coo seg,4696,832,64,0.20695,1.4248e-07,75.5099,427.016
shipsec1.mtx,140874,140874,7813404,coo seg,2348,832,128,0.184013,1.33768e-07,84.9224,480.245
shipsec1.mtx,140874,140874,7813404,coo seg,1566,832,192,0.17705,1.34218e-07,88.2623,499.132
shipsec1.mtx,140874,140874,7813404,coo seg,1174,832,256,0.17367,1.29365e-07,89.9797,508.844
shipsec1.mtx,140874,140874,7813404,coo seg,940,832,320,0.172749,1.28695e-07,90.4597,511.559
shipsec1.mtx,140874,140874,7813404,coo seg,783,832,384,0.169779,1.29932e-07,92.042,520.507
shipsec1.mtx,140874,140874,7813404,coo seg,671,832,448,0.168448,1.27068e-07,92.7693,524.62
shipsec1.mtx,140874,140874,7813404,coo seg,587,832,512,0.17367,1.27915e-07,89.9797,508.844
shipsec1.mtx,140874,140874,7813404,coo seg,522,832,576,0.17367,1.31438e-07,89.9797,508.844
shipsec1.mtx,140874,140874,7813404,coo seg,470,832,640,0.178074,1.28189e-07,87.7548,496.262
shipsec1.mtx,140874,140874,7813404,coo seg,427,832,704,0.173978,1.28962e-07,89.8208,507.946
shipsec1.mtx,140874,140874,7813404,coo seg,392,832,768,0.172134,1.28288e-07,90.7826,513.385
shipsec1.mtx,140874,140874,7813404,coo seg,362,832,832,0.184115,1.30048e-07,84.8752,479.978
shipsec1.mtx,140874,140874,7813404,coo seg,336,832,896,0.165171,1.26814e-07,94.6097,535.028
shipsec1.mtx,140874,140874,7813404,coo seg,314,832,960,0.172749,1.27477e-07,90.4597,511.559
shipsec1.mtx,140874,140874,7813404,coo seg,294,832,1024,0.178586,1.27599e-07,87.5032,494.839
shipsec1.mtx,140874,140874,7813404,coo flat,9044,864,0,1.23658,9.46626e-08,12.6371,71.4641
shipsec1.mtx,140874,140874,7813404,csr scalar,164,864,0,0.233165,6.95321e-08,67.0204,256.423
shipsec1.mtx,140874,140874,7813404,csr vector,5218,864,0,0.253133,1.45333e-07,61.7336,236.195
shipsec1.mtx,140874,140874,7813404,coo seg,4522,864,64,0.201216,1.42438e-07,77.6618,439.186
shipsec1.mtx,140874,140874,7813404,coo seg,2261,864,128,0.18176,1.33768e-07,85.975,486.197
shipsec1.mtx,140874,140874,7813404,coo seg,1508,864,192,0.174694,1.34218e-07,89.4523,505.862
shipsec1.mtx,140874,140874,7813404,coo seg,1131,864,256,0.173056,1.29365e-07,90.2991,510.651
shipsec1.mtx,140874,140874,7813404,coo seg,905,864,320,0.172954,1.28695e-07,90.3526,510.953
shipsec1.mtx,140874,140874,7813404,coo seg,754,864,384,0.170496,1.29932e-07,91.655,518.318
shipsec1.mtx,140874,140874,7813404,coo seg,646,864,448,0.169472,1.27068e-07,92.2088,521.45
shipsec1.mtx,140874,140874,7813404,coo seg,566,864,512,0.174694,1.27915e-07,89.4523,505.862
shipsec1.mtx,140874,140874,7813404,coo seg,503,864,576,0.169165,1.31438e-07,92.3762,522.397
shipsec1.mtx,140874,140874,7813404,coo seg,453,864,640,0.178995,1.28189e-07,87.303,493.707
shipsec1.mtx,140874,140874,7813404,coo seg,412,864,704,0.177152,1.28962e-07,88.2113,498.844
shipsec1.mtx,140874,140874,7813404,coo seg,377,864,768,0.173568,1.28288e-07,90.0328,509.144
shipsec1.mtx,140874,140874,7813404,coo seg,348,864,832,0.185344,1.30048e-07,84.3125,476.796
shipsec1.mtx,140874,140874,7813404,coo seg,323,864,896,0.167834,1.26814e-07,93.1089,526.541
shipsec1.mtx,140874,140874,7813404,coo seg,302,864,960,0.175616,1.27477e-07,88.9828,503.207
shipsec1.mtx,140874,140874,7813404,coo seg,283,864,1024,0.180224,1.27599e-07,86.7077,490.341
shipsec1.mtx,140874,140874,7813404,coo flat,8721,896,0,1.2244,9.9069e-08,12.7629,72.1753
shipsec1.mtx,140874,140874,7813404,csr scalar,158,896,0,0.253338,6.95321e-08,61.6837,236.004
shipsec1.mtx,140874,140874,7813404,csr vector,5032,896,0,0.245862,1.45333e-07,63.5592,243.18
shipsec1.mtx,140874,140874,7813404,coo seg,4361,896,64,0.197632,1.42444e-07,79.0702,447.15
shipsec1.mtx,140874,140874,7813404,coo seg,2181,896,128,0.178688,1.33768e-07,87.453,494.556
shipsec1.mtx,140874,140874,7813404,coo seg,1454,896,192,0.172032,1.34218e-07,90.8366,513.69
shipsec1.mtx,140874,140874,7813404,coo seg,1091,896,256,0.168858,1.29365e-07,92.5443,523.347
shipsec1.mtx,140874,140874,7813404,coo seg,873,896,320,0.168448,1.28695e-07,92.7693,524.62
shipsec1.mtx,140874,140874,7813404,coo seg,727,896,384,0.16599,1.29932e-07,94.1428,532.387
shipsec1.mtx,140874,140874,7813404,coo seg,623,896,448,0.170496,1.27068e-07,91.655,518.318
shipsec1.mtx,140874,140874,7813404,coo seg,546,896,512,0.163328,1.27915e-07,95.6775,541.066
shipsec1.mtx,140874,140874,7813404,coo seg,485,896,576,0.169882,1.31438e-07,91.9865,520.193
shipsec1.mtx,140874,140874,7813404,coo seg,437,896,640,0.164045,1.28189e-07,95.2594,538.701
shipsec1.mtx,140874,140874,7813404,coo seg,397,896,704,0.177357,1.28962e-07,88.1094,498.268
shipsec1.mtx,140874,140874,7813404,coo seg,364,896,768,0.175002,1.28288e-07,89.2952,504.974
shipsec1.mtx,140874,140874,7813404,coo seg,336,896,832,0.164045,1.30048e-07,95.2594,538.701
shipsec1.mtx,140874,140874,7813404,coo seg,312,896,896,0.16855,1.26814e-07,92.713,524.301
shipsec1.mtx,140874,140874,7813404,coo seg,291,896,960,0.176333,1.27477e-07,88.6211,501.161
shipsec1.mtx,140874,140874,7813404,coo seg,273,896,1024,0.171008,1.27599e-07,91.3806,516.766
shipsec1.mtx,140874,140874,7813404,coo flat,8420,928,0,1.20965,1.09412e-07,12.9184,73.0551
shipsec1.mtx,140874,140874,7813404,csr scalar,152,928,0,0.248218,6.95321e-08,62.9561,240.872
shipsec1.mtx,140874,140874,7813404,csr vector,4858,928,0,0.245555,1.45333e-07,63.6387,243.484
shipsec1.mtx,140874,140874,7813404,coo seg,4210,928,64,0.193843,1.42493e-07,80.6157,455.89
shipsec1.mtx,140874,140874,7813404,coo seg,2105,928,128,0.176538,1.33768e-07,88.5183,500.58
shipsec1.mtx,140874,140874,7813404,coo seg,1404,928,192,0.169574,1.34218e-07,92.1531,521.135
shipsec1.mtx,140874,140874,7813404,coo seg,1053,928,256,0.1664,1.29365e-07,93.9111,531.077
shipsec1.mtx,140874,140874,7813404,coo seg,842,928,320,0.167834,1.28695e-07,93.1089,526.541
shipsec1.mtx,140874,140874,7813404,coo seg,702,928,384,0.166605,1.29932e-07,93.7957,530.424
shipsec1.mtx,140874,140874,7813404,coo seg,602,928,448,0.165171,1.27068e-07,94.6098,535.028
shipsec1.mtx,140874,140874,7813404,coo seg,527,928,512,0.165069,1.27915e-07,94.6685,535.36
shipsec1.mtx,140874,140874,7813404,coo seg,468,928,576,0.171418,1.31438e-07,91.1622,515.532
shipsec1.mtx,140874,140874,7813404,coo seg,421,928,640,0.166093,1.28189e-07,94.0848,532.059
shipsec1.mtx,140874,140874,7813404,coo seg,383,928,704,0.170189,1.28962e-07,91.8204,519.254
shipsec1.mtx,140874,140874,7813404,coo seg,351,928,768,0.176845,1.28288e-07,88.3645,499.71
shipsec1.mtx,140874,140874,7813404,coo seg,324,928,832,0.16599,1.30048e-07,94.1429,532.387
shipsec1.mtx,140874,140874,7813404,coo seg,301,928,896,0.171315,1.26814e-07,91.2167,515.84
shipsec1.mtx,140874,140874,7813404,coo seg,281,928,960,0.172646,1.27477e-07,90.5134,511.862
shipsec1.mtx,140874,140874,7813404,coo seg,264,928,1024,0.173158,1.27599e-07,90.2457,510.349
shipsec1.mtx,140874,140874,7813404,coo flat,8139,960,0,1.19091,1.03746e-07,13.1217,74.2046
shipsec1.mtx,140874,140874,7813404,csr scalar,147,960,0,0.262144,6.95321e-08,59.6115,228.076
shipsec1.mtx,140874,140874,7813404,csr vector,4696,960,0,0.239104,1.45333e-07,65.3557,250.053
shipsec1.mtx,140874,140874,7813404,coo seg,4070,960,64,0.191386,1.42472e-07,81.6509,461.744
shipsec1.mtx,140874,140874,7813404,coo seg,2035,960,128,0.173875,1.33768e-07,89.8737,508.245
shipsec1.mtx,140874,140874,7813404,coo seg,1357,960,192,0.168038,1.34218e-07,92.9955,525.899
shipsec1.mtx,140874,140874,7813404,coo seg,1018,960,256,0.165786,1.29365e-07,94.2591,533.045
shipsec1.mtx,140874,140874,7813404,coo seg,814,960,320,0.164762,1.28695e-07,94.845,536.358
shipsec1.mtx,140874,140874,7813404,coo seg,679,960,384,0.1664,1.29932e-07,93.9111,531.077
shipsec1.mtx,140874,140874,7813404,coo seg,582,960,448,0.166298,1.27068e-07,93.9689,531.404
shipsec1.mtx,140874,140874,7813404,coo seg,509,960,512,0.166195,1.27915e-07,94.0268,531.731
shipsec1.mtx,140874,140874,7813404,coo seg,453,960,576,0.172134,1.31438e-07,90.7826,513.385
shipsec1.mtx,140874,140874,7813404,coo seg,407,960,640,0.167219,1.28189e-07,93.451,528.475
shipsec1.mtx,140874,140874,7813404,coo seg,370,960,704,0.172134,1.28962e-07,90.7826,513.385
shipsec1.mtx,140874,140874,7813404,coo seg,340,960,768,0.177562,1.28288e-07,88.0078,497.693
shipsec1.mtx,140874,140874,7813404,coo seg,314,960,832,0.167219,1.30048e-07,93.451,528.475
shipsec1.mtx,140874,140874,7813404,coo seg,291,960,896,0.171725,1.26814e-07,90.9991,514.609
shipsec1.mtx,140874,140874,7813404,coo seg,272,960,960,0.169062,1.27477e-07,92.4322,522.713
shipsec1.mtx,140874,140874,7813404,coo seg,255,960,1024,0.174797,1.27599e-07,89.3998,505.565
shipsec1.mtx,140874,140874,7813404,coo flat,7877,992,0,1.17504,1.02845e-07,13.299,75.207
shipsec1.mtx,140874,140874,7813404,csr scalar,143,992,0,0.273203,6.95321e-08,57.1985,218.844
shipsec1.mtx,140874,140874,7813404,csr vector,4545,992,0,0.236851,1.45333e-07,65.9773,252.432
shipsec1.mtx,140874,140874,7813404,coo seg,3939,992,64,0.187699,1.42536e-07,83.2545,470.813
shipsec1.mtx,140874,140874,7813404,coo seg,1970,992,128,0.172237,1.33768e-07,90.7286,513.08
shipsec1.mtx,140874,140874,7813404,coo seg,1313,992,192,0.165683,1.34218e-07,94.3174,533.374
shipsec1.mtx,140874,140874,7813404,coo seg,985,992,256,0.162816,1.29365e-07,95.9783,542.767
shipsec1.mtx,140874,140874,7813404,coo seg,788,992,320,0.164045,1.28695e-07,95.2594,538.701
shipsec1.mtx,140874,140874,7813404,coo seg,657,992,384,0.160768,1.29932e-07,97.201,549.681
shipsec1.mtx,140874,140874,7813404,coo seg,563,992,448,0.1664,1.27068e-07,93.9111,531.077
shipsec1.mtx,140874,140874,7813404,coo seg,493,992,512,0.160563,1.27915e-07,97.325,550.383
shipsec1.mtx,140874,140874,7813404,coo seg,438,992,576,0.160051,1.31438e-07,97.6363,552.143
shipsec1.mtx,140874,140874,7813404,coo seg,394,992,640,0.167629,1.28189e-07,93.2227,527.184
shipsec1.mtx,140874,140874,7813404,coo seg,359,992,704,0.174285,1.28962e-07,89.6625,507.05
shipsec1.mtx,140874,140874,7813404,coo seg,329,992,768,0.159027,1.28288e-07,98.265,555.699
shipsec1.mtx,140874,140874,7813404,coo seg,303,992,832,0.169984,1.30048e-07,91.9311,519.879
shipsec1.mtx,140874,140874,7813404,coo seg,282,992,896,0.173158,1.26814e-07,90.2457,510.349
shipsec1.mtx,140874,140874,7813404,coo seg,263,992,960,0.170598,1.27477e-07,91.6,518.007
shipsec1.mtx,140874,140874,7813404,coo seg,247,992,1024,0.176947,1.27599e-07,88.3134,499.421
shipsec1.mtx,140874,140874,7813404,coo flat,7631,1024,0,1.15784,9.96278e-08,13.4966,76.3244
shipsec1.mtx,140874,140874,7813404,csr scalar,138,1024,0,0.283546,6.95321e-08,55.1121,210.861
shipsec1.mtx,140874,140874,7813404,csr vector,4403,1024,0,0.231731,1.45333e-07,67.4351,258.009
shipsec1.mtx,140874,140874,7813404,coo seg,3816,1024,64,0.184422,1.42478e-07,84.7338,479.178
shipsec1.mtx,140874,140874,7813404,coo seg,1908,1024,128,0.169472,1.33768e-07,92.2088,521.45
shipsec1.mtx,140874,140874,7813404,coo seg,1272,1024,192,0.16343,1.34218e-07,95.6175,540.727
shipsec1.mtx,140874,140874,7813404,coo seg,954,1024,256,0.160461,1.29365e-07,97.3871,550.734
shipsec1.mtx,140874,140874,7813404,coo seg,764,1024,320,0.160563,1.28695e-07,97.325,550.383
shipsec1.mtx,140874,140874,7813404,coo seg,636,1024,384,0.161178,1.29932e-07,96.954,548.285
shipsec1.mtx,140874,140874,7813404,coo seg,546,1024,448,0.158413,1.27068e-07,98.6461,557.854
shipsec1.mtx,140874,140874,7813404,coo seg,477,1024,512,0.161382,1.27915e-07,96.8309,547.589
shipsec1.mtx,140874,140874,7813404,coo seg,424,1024,576,0.161075,1.31438e-07,97.0156,548.633
shipsec1.mtx,140874,140874,7813404,coo seg,382,1024,640,0.160768,1.28189e-07,97.201,549.681
shipsec1.mtx,140874,140874,7813404,coo seg,347,1024,704,0.175206,1.28962e-07,89.1908,504.383
shipsec1.mtx,140874,140874,7813404,coo seg,318,1024,768,0.159539,1.28288e-07,97.9496,553.915
shipsec1.mtx,140874,140874,7813404,coo seg,294,1024,832,0.170496,1.30048e-07,91.655,518.318
shipsec1.mtx,140874,140874,7813404,coo seg,273,1024,896,0.163328,1.26814e-07,95.6775,541.066
shipsec1.mtx,140874,140874,7813404,coo seg,255,1024,960,0.172442,1.27477e-07,90.6209,512.47
shipsec1.mtx,140874,140874,7813404,coo seg,239,1024,1024,0.178586,1.27599e-07,87.5032,494.839
shipsec1.mtx,140874,140874,7813404,CuSparse,0,0,0,0.106394,1.41829e-07,146.877,561.959
webbase-1M.mtx,1000005,1000005,3105536,coo flat,97048,32,0,0.492954,5.51595e-07,12.5997,85.5206
webbase-1M.mtx,1000005,1000005,3105536,csr scalar,31251,32,0,0.651469,6.85972e-08,9.53395,52.6717
webbase-1M.mtx,1000005,1000005,3105536,csr vector,1000005,32,0,1.8774,6.31447e-07,3.30833,18.2774
webbase-1M.mtx,1000005,1000005,3105536,coo seg,48524,32,64,0.139776,6.16142e-07,44.4359,301.609
webbase-1M.mtx,1000005,1000005,3105536,coo seg,24262,32,128,0.128614,6.39781e-07,48.2922,327.784
webbase-1M.mtx,1000005,1000005,3105536,coo seg,16175,32,192,0.128512,6.30394e-07,48.3307,328.045
webbase-1M.mtx,1000005,1000005,3105536,coo seg,12131,32,256,0.128614,6.19503e-07,48.2922,327.784
webbase-1M.mtx,1000005,1000005,3105536,coo seg,9705,32,320,0.131584,6.16298e-07,47.2023,320.386
webbase-1M.mtx,1000005,1000005,3105536,coo seg,8088,32,384,0.132198,6.30364e-07,46.983,318.897
webbase-1M.mtx,1000005,1000005,3105536,coo seg,6932,32,448,0.129024,6.176e-07,48.1389,326.743
webbase-1M.mtx,1000005,1000005,3105536,coo seg,6066,32,512,0.136499,6.36325e-07,45.5026,308.849
webbase-1M.mtx,1000005,1000005,3105536,coo seg,5392,32,576,0.137626,6.41685e-07,45.1302,306.322
webbase-1M.mtx,1000005,1000005,3105536,coo seg,4853,32,640,0.133632,6.48363e-07,46.4789,315.476
webbase-1M.mtx,1000005,1000005,3105536,coo seg,4412,32,704,0.141619,6.24483e-07,43.8576,297.683
webbase-1M.mtx,1000005,1000005,3105536,coo seg,4044,32,768,0.147763,6.35676e-07,42.034,285.306
webbase-1M.mtx,1000005,1000005,3105536,coo seg,3733,32,832,0.151757,6.5166e-07,40.9278,277.798
webbase-1M.mtx,1000005,1000005,3105536,coo seg,3466,32,896,0.132198,6.156e-07,46.983,318.897
webbase-1M.mtx,1000005,1000005,3105536,coo seg,3235,32,960,0.138035,6.46393e-07,44.9963,305.413
webbase-1M.mtx,1000005,1000005,3105536,coo seg,3033,32,1024,0.142438,6.45189e-07,43.6053,295.971
webbase-1M.mtx,1000005,1000005,3105536,coo flat,48524,64,0,0.346931,5.39964e-07,17.9029,121.516
webbase-1M.mtx,1000005,1000005,3105536,csr scalar,15626,64,0,0.686182,6.85972e-08,9.05163,50.0071
webbase-1M.mtx,1000005,1000005,3105536,csr vector,500003,64,0,0.900198,6.31447e-07,6.89967,38.1182
webbase-1M.mtx,1000005,1000005,3105536,coo seg,24262,64,64,0.0971776,6.07308e-07,63.9146,433.821
webbase-1M.mtx,1000005,1000005,3105536,coo seg,12131,64,128,0.092672,6.39854e-07,67.0221,454.913
webbase-1M.mtx,1000005,1000005,3105536,coo seg,8088,64,192,0.0971776,6.28255e-07,63.9146,433.821
webbase-1M.mtx,1000005,1000005,3105536,coo seg,6066,64,256,0.0999424,6.17191e-07,62.1465,421.82
webbase-1M.mtx,1000005,1000005,3105536,coo seg,4853,64,320,0.0979968,6.14083e-07,63.3803,430.194
webbase-1M.mtx,1000005,1000005,3105536,coo seg,4044,64,384,0.104755,6.29256e-07,59.2913,402.44
webbase-1M.mtx,1000005,1000005,3105536,coo seg,3466,64,448,0.100045,6.22207e-07,62.0829,421.388
webbase-1M.mtx,1000005,1000005,3105536,coo seg,3033,64,512,0.102195,6.37016e-07,60.7766,412.521
webbase-1M.mtx,1000005,1000005,3105536,coo seg,2696,64,576,0.108032,6.40403e-07,57.4929,390.233
webbase-1M.mtx,1000005,1000005,3105536,coo seg,2427,64,640,0.112538,6.47442e-07,55.1911,374.61
webbase-1M.mtx,1000005,1000005,3105536,coo seg,2206,64,704,0.118272,6.29122e-07,52.5152,356.447
webbase-1M.mtx,1000005,1000005,3105536,coo seg,2022,64,768,0.124006,6.43635e-07,50.0867,339.964
webbase-1M.mtx,1000005,1000005,3105536,coo seg,1867,64,832,0.12841,6.55446e-07,48.3692,328.306
webbase-1M.mtx,1000005,1000005,3105536,coo seg,1733,64,896,0.09984,6.16763e-07,62.2103,422.253
webbase-1M.mtx,1000005,1000005,3105536,coo seg,1618,64,960,0.102093,6.50899e-07,60.8375,412.935
webbase-1M.mtx,1000005,1000005,3105536,coo seg,1517,64,1024,0.102195,6.40912e-07,60.7766,412.521
webbase-1M.mtx,1000005,1000005,3105536,coo flat,32350,96,0,0.343552,5.23199e-07,18.079,122.711
webbase-1M.mtx,1000005,1000005,3105536,csr scalar,10417,96,0,0.678502,6.85972e-08,9.15409,50.5731
webbase-1M.mtx,1000005,1000005,3105536,csr vector,333335,96,0,0.89385,6.31447e-07,6.94868,38.389
webbase-1M.mtx,1000005,1000005,3105536,coo seg,16175,96,64,0.0968704,6.11657e-07,64.1173,435.197
webbase-1M.mtx,1000005,1000005,3105536,coo seg,8088,96,128,0.0953344,6.63429e-07,65.1504,442.208
webbase-1M.mtx,1000005,1000005,3105536,coo seg,5392,96,192,0.096768,6.35599e-07,64.1852,435.657
webbase-1M.mtx,1000005,1000005,3105536,coo seg,4044,96,256,0.0991232,6.1703e-07,62.6601,425.306
webbase-1M.mtx,1000005,1000005,3105536,coo seg,3235,96,320,0.0978944,6.12573e-07,63.4466,430.645
webbase-1M.mtx,1000005,1000005,3105536,coo seg,2696,96,384,0.103834,6.29464e-07,59.8176,406.012
webbase-1M.mtx,1000005,1000005,3105536,coo seg,2311,96,448,0.0995328,6.18333e-07,62.4023,423.556
webbase-1M.mtx,1000005,1000005,3105536,coo seg,2022,96,512,0.102195,6.37624e-07,60.7766,412.521
webbase-1M.mtx,1000005,1000005,3105536,coo seg,1798,96,576,0.107315,6.39438e-07,57.8769,392.84
webbase-1M.mtx,1000005,1000005,3105536,coo seg,1618,96,640,0.11223,6.49559e-07,55.3422,375.635
webbase-1M.mtx,1000005,1000005,3105536,coo seg,1471,96,704,0.117248,6.20889e-07,52.9738,359.56
webbase-1M.mtx,1000005,1000005,3105536,coo seg,1348,96,768,0.123187,6.42952e-07,50.4198,342.225
webbase-1M.mtx,1000005,1000005,3105536,coo seg,1245,96,832,0.129638,6.50008e-07,47.9107,325.194
webbase-1M.mtx,1000005,1000005,3105536,coo seg,1156,96,896,0.099328,6.20864e-07,62.5309,424.429
webbase-1M.mtx,1000005,1000005,3105536,coo seg,1079,96,960,0.102093,6.49562e-07,60.8375,412.935
webbase-1M.mtx,1000005,1000005,3105536,coo seg,1011,96,1024,0.102298,6.42814e-07,60.7157,412.108
webbase-1M.mtx,1000005,1000005,3105536,coo flat,24262,128,0,0.34089,6.83834e-07,18.2202,123.67
webbase-1M.mtx,1000005,1000005,3105536,csr scalar,7813,128,0,0.690176,6.85972e-08,8.99926,49.7177
webbase-1M.mtx,1000005,1000005,3105536,csr vector,250002,128,0,0.874189,6.31447e-07,7.10496,39.2524
webbase-1M.mtx,1000005,1000005,3105536,coo seg,12131,128,64,0.0944128,6.32451e-07,65.7863,446.525
webbase-1M.mtx,1000005,1000005,3105536,coo seg,6066,128,128,0.0948224,6.5574e-07,65.5022,444.596
webbase-1M.mtx,1000005,1000005,3105536,coo seg,4044,128,192,0.0964608,6.29465e-07,64.3896,437.045
webbase-1M.mtx,1000005,1000005,3105536,coo seg,3033,128,256,0.0989184,6.2265e-07,62.7899,426.186
webbase-1M.mtx,1000005,1000005,3105536,coo seg,2427,128,320,0.0973824,6.21618e-07,63.7802,432.909
webbase-1M.mtx,1000005,1000005,3105536,coo seg,2022,128,384,0.104448,6.34402e-07,59.4657,403.624
webbase-1M.mtx,1000005,1000005,3105536,coo seg,1733,128,448,0.0994304,6.14938e-07,62.4665,423.992
webbase-1M.mtx,1000005,1000005,3105536,coo seg,1517,128,512,0.101376,6.35312e-07,61.2677,415.855
webbase-1M.mtx,1000005,1000005,3105536,coo seg,1348,128,576,0.107315,6.39013e-07,57.8769,392.84
webbase-1M.mtx,1000005,1000005,3105536,coo seg,1214,128,640,0.11223,6.47972e-07,55.3422,375.635
webbase-1M.mtx,1000005,1000005,3105536,coo seg,1103,128,704,0.117965,6.20431e-07,52.6519,357.375
webbase-1M.mtx,1000005,1000005,3105536,coo seg,1011,128,768,0.124006,6.39855e-07,50.0867,339.964
webbase-1M.mtx,1000005,1000005,3105536,coo seg,934,128,832,0.129229,6.46836e-07,48.0626,326.225
webbase-1M.mtx,1000005,1000005,3105536,coo seg,867,128,896,0.0995328,6.21312e-07,62.4023,423.556
webbase-1M.mtx,1000005,1000005,3105536,coo seg,809,128,960,0.101683,6.54046e-07,61.0826,414.598
webbase-1M.mtx,1000005,1000005,3105536,coo seg,759,128,1024,0.10199,6.4134e-07,60.8986,413.35
webbase-1M.mtx,1000005,1000005,3105536,coo flat,19410,160,0,0.347955,6.68681e-07,17.8502,121.158
webbase-1M.mtx,1000005,1000005,3105536,csr scalar,6251,160,0,0.663654,6.85972e-08,9.3589,51.7046
webbase-1M.mtx,1000005,1000005,3105536,csr vector,200001,160,0,0.927949,6.31447e-07,6.69334,36.9783
webbase-1M.mtx,1000005,1000005,3105536,coo seg,9705,160,64,0.0975872,5.88972e-07,63.6464,432
webbase-1M.mtx,1000005,1000005,3105536,coo seg,4853,160,128,0.0966656,6.70422e-07,64.2532,436.119
webbase-1M.mtx,1000005,1000005,3105536,coo seg,3235,160,192,0.0968704,6.29994e-07,64.1173,435.197
webbase-1M.mtx,1000005,1000005,3105536,coo seg,2427,160,256,0.0974848,6.14117e-07,63.7132,432.454
webbase-1M.mtx,1000005,1000005,3105536,coo seg,1941,160,320,0.0985088,6.13888e-07,63.0509,427.959
webbase-1M.mtx,1000005,1000005,3105536,coo seg,1618,160,384,0.103014,6.25346e-07,60.2932,409.241
webbase-1M.mtx,1000005,1000005,3105536,coo seg,1387,160,448,0.110285,6.20419e-07,56.3185,382.262
webbase-1M.mtx,1000005,1000005,3105536,coo seg,1214,160,512,0.101478,6.29932e-07,61.2059,415.435
webbase-1M.mtx,1000005,1000005,3105536,coo seg,1079,160,576,0.106291,6.39834e-07,58.4345,396.624
webbase-1M.mtx,1000005,1000005,3105536,coo seg,971,160,640,0.111411,6.47494e-07,55.7491,378.397
webbase-1M.mtx,1000005,1000005,3105536,coo seg,883,160,704,0.116736,6.17579e-07,53.2061,361.137
webbase-1M.mtx,1000005,1000005,3105536,coo seg,809,160,768,0.122778,6.43316e-07,50.588,343.366
webbase-1M.mtx,1000005,1000005,3105536,coo seg,747,160,832,0.130458,6.54262e-07,47.6099,323.152
webbase-1M.mtx,1000005,1000005,3105536,coo seg,694,160,896,0.132301,6.23246e-07,46.9466,318.65
webbase-1M.mtx,1000005,1000005,3105536,coo seg,647,160,960,0.101888,6.47123e-07,60.9598,413.765
webbase-1M.mtx,1000005,1000005,3105536,coo seg,607,160,1024,0.102298,6.41939e-07,60.7157,412.108
webbase-1M.mtx,1000005,1000005,3105536,coo flat,16175,192,0,0.361165,5.46549e-07,17.1973,116.727
webbase-1M.mtx,1000005,1000005,3105536,csr scalar,5209,192,0,0.680346,6.85972e-08,9.12929,50.4361
webbase-1M.mtx,1000005,1000005,3105536,csr vector,166668,192,0,0.929075,6.31447e-07,6.68522,36.9335
webbase-1M.mtx,1000005,1000005,3105536,coo seg,8088,192,64,0.0969728,6.16945e-07,64.0496,434.737
webbase-1M.mtx,1000005,1000005,3105536,coo seg,4044,192,128,0.0960512,6.4675e-07,64.6642,438.908
webbase-1M.mtx,1000005,1000005,3105536,coo seg,2696,192,192,0.097792,6.32421e-07,63.5131,431.095
webbase-1M.mtx,1000005,1000005,3105536,coo seg,2022,192,256,0.0976896,6.19838e-07,63.5797,431.547
webbase-1M.mtx,1000005,1000005,3105536,coo seg,1618,192,320,0.098304,6.14273e-07,63.1823,428.85
webbase-1M.mtx,1000005,1000005,3105536,coo seg,1348,192,384,0.103526,6.32198e-07,59.9951,407.217
webbase-1M.mtx,1000005,1000005,3105536,coo seg,1156,192,448,0.110387,6.24186e-07,56.2662,381.907
webbase-1M.mtx,1000005,1000005,3105536,coo seg,1011,192,512,0.101274,6.37197e-07,61.3296,416.275
webbase-1M.mtx,1000005,1000005,3105536,coo seg,899,192,576,0.106496,6.45492e-07,58.3221,395.862
webbase-1M.mtx,1000005,1000005,3105536,coo seg,809,192,640,0.111206,6.47112e-07,55.8518,379.094
webbase-1M.mtx,1000005,1000005,3105536,coo seg,736,192,704,0.116838,6.19641e-07,53.1595,360.82
webbase-1M.mtx,1000005,1000005,3105536,coo seg,674,192,768,0.12329,6.41944e-07,50.3779,341.94
webbase-1M.mtx,1000005,1000005,3105536,coo seg,623,192,832,0.130458,6.47268e-07,47.6099,323.152
webbase-1M.mtx,1000005,1000005,3105536,coo seg,578,192,896,0.134656,6.19836e-07,46.1255,313.077
webbase-1M.mtx,1000005,1000005,3105536,coo seg,540,192,960,0.101683,6.5279e-07,61.0826,414.598
webbase-1M.mtx,1000005,1000005,3105536,coo seg,506,192,1024,0.102093,6.41524e-07,60.8375,412.935
webbase-1M.mtx,1000005,1000005,3105536,coo flat,13864,224,0,0.335462,5.89149e-07,18.515,125.67
webbase-1M.mtx,1000005,1000005,3105536,csr scalar,4465,224,0,0.686592,6.85972e-08,9.04623,49.9772
webbase-1M.mtx,1000005,1000005,3105536,csr vector,142858,224,0,0.899277,6.31447e-07,6.90674,38.1573
webbase-1M.mtx,1000005,1000005,3105536,coo seg,6932,224,64,0.0974848,6.40712e-07,63.7132,432.454
webbase-1M.mtx,1000005,1000005,3105536,coo seg,3466,224,128,0.0951296,6.46646e-07,65.2906,443.161
webbase-1M.mtx,1000005,1000005,3105536,coo seg,2311,224,192,0.0968704,6.29437e-07,64.1173,435.197
webbase-1M.mtx,1000005,1000005,3105536,coo seg,1733,224,256,0.0986112,6.32331e-07,62.9855,427.514
webbase-1M.mtx,1000005,1000005,3105536,coo seg,1387,224,320,0.0966656,6.07089e-07,64.2532,436.119
webbase-1M.mtx,1000005,1000005,3105536,coo seg,1156,224,384,0.103424,6.25776e-07,60.0545,407.62
webbase-1M.mtx,1000005,1000005,3105536,coo seg,991,224,448,0.0990208,6.19127e-07,62.7249,425.746
webbase-1M.mtx,1000005,1000005,3105536,coo seg,867,224,512,0.102195,6.31122e-07,60.7766,412.521
webbase-1M.mtx,1000005,1000005,3105536,coo seg,771,224,576,0.10711,6.42707e-07,57.9876,393.591
webbase-1M.mtx,1000005,1000005,3105536,coo seg,694,224,640,0.111718,6.45887e-07,55.5958,377.357
webbase-1M.mtx,1000005,1000005,3105536,coo seg,631,224,704,0.118579,6.19562e-07,52.3791,355.523
webbase-1M.mtx,1000005,1000005,3105536,coo seg,578,224,768,0.124928,6.48787e-07,49.7172,337.456
webbase-1M.mtx,1000005,1000005,3105536,coo seg,534,224,832,0.13097,6.55151e-07,47.4238,321.889
webbase-1M.mtx,1000005,1000005,3105536,coo seg,496,224,896,0.0992256,6.18671e-07,62.5955,424.867
webbase-1M.mtx,1000005,1000005,3105536,coo seg,463,224,960,0.101786,6.49303e-07,61.0211,414.181
webbase-1M.mtx,1000005,1000005,3105536,coo seg,434,224,1024,0.102298,6.39983e-07,60.7157,412.108
webbase-1M.mtx,1000005,1000005,3105536,coo flat,12131,256,0,0.333414,6.41295e-07,18.6287,126.442
webbase-1M.mtx,1000005,1000005,3105536,csr scalar,3907,256,0,0.656384,6.85972e-08,9.46256,52.2773
webbase-1M.mtx,1000005,1000005,3105536,csr vector,125001,256,0,0.8832,6.31447e-07,7.03246,38.8519
webbase-1M.mtx,1000005,1000005,3105536,coo seg,6066,256,64,0.0940032,6.312e-07,66.073,448.471
webbase-1M.mtx,1000005,1000005,3105536,coo seg,3033,256,128,0.0950272,6.37319e-07,65.361,443.638
webbase-1M.mtx,1000005,1000005,3105536,coo seg,2022,256,192,0.0969728,6.22829e-07,64.0496,434.737
webbase-1M.mtx,1000005,1000005,3105536,coo seg,1517,256,256,0.0985088,6.2408e-07,63.0509,427.959
webbase-1M.mtx,1000005,1000005,3105536,coo seg,1214,256,320,0.0968704,6.15357e-07,64.1173,435.197
webbase-1M.mtx,1000005,1000005,3105536,coo seg,1011,256,384,0.104038,6.26343e-07,59.6998,405.213
webbase-1M.mtx,1000005,1000005,3105536,coo seg,867,256,448,0.0992256,6.18615e-07,62.5955,424.867
webbase-1M.mtx,1000005,1000005,3105536,coo seg,759,256,512,0.100762,6.31506e-07,61.6413,418.39
webbase-1M.mtx,1000005,1000005,3105536,coo seg,674,256,576,0.107008,6.37482e-07,58.0431,393.968
webbase-1M.mtx,1000005,1000005,3105536,coo seg,607,256,640,0.112845,6.53481e-07,55.0408,373.59
webbase-1M.mtx,1000005,1000005,3105536,coo seg,552,256,704,0.11817,6.22765e-07,52.5607,356.756
webbase-1M.mtx,1000005,1000005,3105536,coo seg,506,256,768,0.124723,6.47469e-07,49.7989,338.01
webbase-1M.mtx,1000005,1000005,3105536,coo seg,467,256,832,0.131686,6.56242e-07,47.1656,320.137
webbase-1M.mtx,1000005,1000005,3105536,coo seg,434,256,896,0.0992256,6.10556e-07,62.5955,424.867
webbase-1M.mtx,1000005,1000005,3105536,coo seg,405,256,960,0.101888,6.49609e-07,60.9598,413.765
webbase-1M.mtx,1000005,1000005,3105536,coo seg,380,256,1024,0.10199,6.4153e-07,60.8986,413.35
webbase-1M.mtx,1000005,1000005,3105536,coo flat,10784,288,0,0.333619,7.9939e-07,18.6173,126.365
webbase-1M.mtx,1000005,1000005,3105536,csr scalar,3473,288,0,0.653824,6.85972e-08,9.49961,52.482
webbase-1M.mtx,1000005,1000005,3105536,csr vector,111112,288,0,0.905933,6.31447e-07,6.856,37.877
webbase-1M.mtx,1000005,1000005,3105536,coo seg,5392,288,64,0.0966656,6.08136e-07,64.2532,436.119
webbase-1M.mtx,1000005,1000005,3105536,coo seg,2696,288,128,0.0948224,6.50627e-07,65.5022,444.596
webbase-1M.mtx,1000005,1000005,3105536,coo seg,1798,288,192,0.0964608,6.32443e-07,64.3896,437.045
webbase-1M.mtx,1000005,1000005,3105536,coo seg,1348,288,256,0.0984064,6.22245e-07,63.1165,428.404
webbase-1M.mtx,1000005,1000005,3105536,coo seg,1079,288,320,0.0975872,6.17607e-07,63.6464,432
webbase-1M.mtx,1000005,1000005,3105536,coo seg,899,288,384,0.103731,6.31695e-07,59.8766,406.413
webbase-1M.mtx,1000005,1000005,3105536,coo seg,771,288,448,0.099328,6.2138e-07,62.5309,424.429
webbase-1M.mtx,1000005,1000005,3105536,coo seg,674,288,512,0.10199,6.28596e-07,60.8986,413.35
webbase-1M.mtx,1000005,1000005,3105536,coo seg,600,288,576,0.10752,6.45796e-07,57.7667,392.092
webbase-1M.mtx,1000005,1000005,3105536,coo seg,540,288,640,0.11305,6.49525e-07,54.9411,372.913
webbase-1M.mtx,1000005,1000005,3105536,coo seg,491,288,704,0.117658,6.27466e-07,52.7894,358.308
webbase-1M.mtx,1000005,1000005,3105536,coo seg,450,288,768,0.124928,6.42218e-07,49.7172,337.456
webbase-1M.mtx,1000005,1000005,3105536,coo seg,415,288,832,0.132403,6.52286e-07,46.9103,318.404
webbase-1M.mtx,1000005,1000005,3105536,coo seg,386,288,896,0.099328,6.20095e-07,62.5309,424.429
webbase-1M.mtx,1000005,1000005,3105536,coo seg,360,288,960,0.101478,6.48924e-07,61.2059,415.435
webbase-1M.mtx,1000005,1000005,3105536,coo seg,337,288,1024,0.102093,6.41199e-07,60.8375,412.935
webbase-1M.mtx,1000005,1000005,3105536,coo flat,9705,320,0,0.340582,9.8283e-07,18.2366,123.781
webbase-1M.mtx,1000005,1000005,3105536,csr scalar,3126,320,0,0.675942,6.85972e-08,9.18876,50.7646
webbase-1M.mtx,1000005,1000005,3105536,csr vector,100001,320,0,0.940237,6.31447e-07,6.60586,36.495
webbase-1M.mtx,1000005,1000005,3105536,coo seg,4853,320,64,0.0965632,6.3416e-07,64.3213,436.581
webbase-1M.mtx,1000005,1000005,3105536,coo seg,2427,320,128,0.0971776,6.41352e-07,63.9146,433.821
webbase-1M.mtx,1000005,1000005,3105536,coo seg,1618,320,192,0.0973824,6.28756e-07,63.7802,432.909
webbase-1M.mtx,1000005,1000005,3105536,coo seg,1214,320,256,0.0990208,6.27887e-07,62.7249,425.746
webbase-1M.mtx,1000005,1000005,3105536,coo seg,971,320,320,0.0984064,6.1318e-07,63.1165,428.404
webbase-1M.mtx,1000005,1000005,3105536,coo seg,809,320,384,0.103936,6.24532e-07,59.7586,405.612
webbase-1M.mtx,1000005,1000005,3105536,coo seg,694,320,448,0.11223,6.24315e-07,55.3422,375.635
webbase-1M.mtx,1000005,1000005,3105536,coo seg,607,320,512,0.101478,6.33745e-07,61.2059,415.435
webbase-1M.mtx,1000005,1000005,3105536,coo seg,540,320,576,0.106906,6.33727e-07,58.0987,394.345
webbase-1M.mtx,1000005,1000005,3105536,coo seg,486,320,640,0.112333,6.43973e-07,55.2917,375.293
webbase-1M.mtx,1000005,1000005,3105536,coo seg,442,320,704,0.119091,6.26286e-07,52.1539,353.995
webbase-1M.mtx,1000005,1000005,3105536,coo seg,405,320,768,0.125747,6.40762e-07,49.3933,335.257
webbase-1M.mtx,1000005,1000005,3105536,coo seg,374,320,832,0.131379,6.49752e-07,47.2759,320.886
webbase-1M.mtx,1000005,1000005,3105536,coo seg,347,320,896,0.135066,6.21554e-07,45.9856,312.128
webbase-1M.mtx,1000005,1000005,3105536,coo seg,324,320,960,0.10199,6.46365e-07,60.8986,413.35
webbase-1M.mtx,1000005,1000005,3105536,coo seg,304,320,1024,0.101478,6.41319e-07,61.2059,415.435
webbase-1M.mtx,1000005,1000005,3105536,coo flat,8823,352,0,0.351334,5.64753e-07,17.6785,119.993
webbase-1M.mtx,1000005,1000005,3105536,csr scalar,2841,352,0,0.683213,6.85972e-08,9.09098,50.2244
webbase-1M.mtx,1000005,1000005,3105536,csr vector,90910,352,0,1.01171,6.31447e-07,6.13917,33.9167
webbase-1M.mtx,1000005,1000005,3105536,coo seg,4412,352,64,0.0997376,6.23932e-07,62.2741,422.686
webbase-1M.mtx,1000005,1000005,3105536,coo seg,2206,352,128,0.0982016,6.29969e-07,63.2482,429.297
webbase-1M.mtx,1000005,1000005,3105536,coo seg,1471,352,192,0.100762,6.32596e-07,61.6413,418.39
webbase-1M.mtx,1000005,1000005,3105536,coo seg,1103,352,256,0.0986112,6.35149e-07,62.9855,427.514
webbase-1M.mtx,1000005,1000005,3105536,coo seg,883,352,320,0.108339,6.14137e-07,57.3299,389.127
webbase-1M.mtx,1000005,1000005,3105536,coo seg,736,352,384,0.102605,6.30553e-07,60.5339,410.874
webbase-1M.mtx,1000005,1000005,3105536,coo seg,631,352,448,0.112026,6.15122e-07,55.4433,376.322
webbase-1M.mtx,1000005,1000005,3105536,coo seg,552,352,512,0.102093,6.34286e-07,60.8375,412.935
webbase-1M.mtx,1000005,1000005,3105536,coo seg,491,352,576,0.106086,6.37244e-07,58.5473,397.39
webbase-1M.mtx,1000005,1000005,3105536,coo seg,442,352,640,0.111206,6.45558e-07,55.8518,379.094
webbase-1M.mtx,1000005,1000005,3105536,coo seg,402,352,704,0.117555,6.24458e-07,52.8354,358.62
webbase-1M.mtx,1000005,1000005,3105536,coo seg,368,352,768,0.123904,6.42554e-07,50.1281,340.245
webbase-1M.mtx,1000005,1000005,3105536,coo seg,340,352,832,0.128922,6.45326e-07,48.1771,327.002
webbase-1M.mtx,1000005,1000005,3105536,coo seg,316,352,896,0.137011,6.20369e-07,45.3326,307.695
webbase-1M.mtx,1000005,1000005,3105536,coo seg,295,352,960,0.143053,6.45992e-07,43.418,294.7
webbase-1M.mtx,1000005,1000005,3105536,coo seg,276,352,1024,0.102195,6.39103e-07,60.7766,412.521
webbase-1M.mtx,1000005,1000005,3105536,coo flat,8088,384,0,0.357786,5.89865e-07,17.3598,117.829
webbase-1M.mtx,1000005,1000005,3105536,csr scalar,2605,384,0,0.680653,6.85972e-08,9.12517,50.4133
webbase-1M.mtx,1000005,1000005,3105536,csr vector,83334,384,0,0.942694,6.31447e-07,6.58864,36.3999
webbase-1M.mtx,1000005,1000005,3105536,coo seg,4044,384,64,0.0960512,6.38055e-07,64.6642,438.908
webbase-1M.mtx,1000005,1000005,3105536,coo seg,2022,384,128,0.0963584,6.3396e-07,64.458,437.509
webbase-1M.mtx,1000005,1000005,3105536,coo seg,1348,384,192,0.0974848,6.26683e-07,63.7132,432.454
webbase-1M.mtx,1000005,1000005,3105536,coo seg,1011,384,256,0.0990208,6.2364e-07,62.7249,425.746
webbase-1M.mtx,1000005,1000005,3105536,coo seg,809,384,320,0.0980992,6.22452e-07,63.3142,429.745
webbase-1M.mtx,1000005,1000005,3105536,coo seg,674,384,384,0.104243,6.38186e-07,59.5825,404.417
webbase-1M.mtx,1000005,1000005,3105536,coo seg,578,384,448,0.112845,6.16194e-07,55.0408,373.59
webbase-1M.mtx,1000005,1000005,3105536,coo seg,506,384,512,0.100966,6.33923e-07,61.5162,417.542
webbase-1M.mtx,1000005,1000005,3105536,coo seg,450,384,576,0.106496,6.37038e-07,58.3221,395.862
webbase-1M.mtx,1000005,1000005,3105536,coo seg,405,384,640,0.112742,6.45876e-07,55.0908,373.929
webbase-1M.mtx,1000005,1000005,3105536,coo seg,368,384,704,0.118886,6.24155e-07,52.2438,354.605
webbase-1M.mtx,1000005,1000005,3105536,coo seg,337,384,768,0.124826,6.40447e-07,49.758,337.733
webbase-1M.mtx,1000005,1000005,3105536,coo seg,312,384,832,0.131379,6.49002e-07,47.2759,320.886
webbase-1M.mtx,1000005,1000005,3105536,coo seg,289,384,896,0.137011,6.26497e-07,45.3326,307.695
webbase-1M.mtx,1000005,1000005,3105536,coo seg,270,384,960,0.101581,6.49246e-07,61.1442,415.016
webbase-1M.mtx,1000005,1000005,3105536,coo seg,253,384,1024,0.101376,6.43765e-07,61.2677,415.855
webbase-1M.mtx,1000005,1000005,3105536,coo flat,7466,416,0,0.359731,5.53999e-07,17.2659,117.192
webbase-1M.mtx,1000005,1000005,3105536,csr scalar,2404,416,0,0.677171,6.85972e-08,9.17209,50.6725
webbase-1M.mtx,1000005,1000005,3105536,csr vector,76924,416,0,1.07049,6.31447e-07,5.80208,32.0545
webbase-1M.mtx,1000005,1000005,3105536,coo seg,3733,416,64,0.101376,6.42171e-07,61.2677,415.855
webbase-1M.mtx,1000005,1000005,3105536,coo seg,1867,416,128,0.100352,6.3698e-07,61.8929,420.098
webbase-1M.mtx,1000005,1000005,3105536,coo seg,1245,416,192,0.101171,6.2546e-07,61.3917,416.697
webbase-1M.mtx,1000005,1000005,3105536,coo seg,934,416,256,0.105882,6.20238e-07,58.6605,398.159
webbase-1M.mtx,1000005,1000005,3105536,coo seg,747,416,320,0.10752,6.30518e-07,57.7667,392.092
webbase-1M.mtx,1000005,1000005,3105536,coo seg,623,416,384,0.10281,6.31612e-07,60.4134,410.056
webbase-1M.mtx,1000005,1000005,3105536,coo seg,534,416,448,0.111206,6.18127e-07,55.8517,379.094
webbase-1M.mtx,1000005,1000005,3105536,coo seg,467,416,512,0.118272,6.35792e-07,52.5152,356.447
webbase-1M.mtx,1000005,1000005,3105536,coo seg,415,416,576,0.105779,6.3807e-07,58.7173,398.544
webbase-1M.mtx,1000005,1000005,3105536,coo seg,374,416,640,0.110387,6.43102e-07,56.2662,381.907
webbase-1M.mtx,1000005,1000005,3105536,coo seg,340,416,704,0.116838,6.2457e-07,53.1595,360.82
webbase-1M.mtx,1000005,1000005,3105536,coo seg,312,416,768,0.123187,6.40894e-07,50.4198,342.225
webbase-1M.mtx,1000005,1000005,3105536,coo seg,288,416,832,0.130662,6.47499e-07,47.5353,322.646
webbase-1M.mtx,1000005,1000005,3105536,coo seg,267,416,896,0.137318,6.19601e-07,45.2312,307.007
webbase-1M.mtx,1000005,1000005,3105536,coo seg,249,416,960,0.143258,6.53087e-07,43.356,294.279
webbase-1M.mtx,1000005,1000005,3105536,coo seg,234,416,1024,0.14848,6.39445e-07,41.831,283.928
webbase-1M.mtx,1000005,1000005,3105536,coo flat,6932,448,0,0.356352,5.17987e-07,17.4296,118.303
webbase-1M.mtx,1000005,1000005,3105536,csr scalar,2233,448,0,0.690483,6.85972e-08,8.99526,49.6956
webbase-1M.mtx,1000005,1000005,3105536,csr vector,71429,448,0,1.00383,6.31447e-07,6.18739,34.1831
webbase-1M.mtx,1000005,1000005,3105536,coo seg,3466,448,64,0.0990208,6.28241e-07,62.7249,425.746
webbase-1M.mtx,1000005,1000005,3105536,coo seg,1733,448,128,0.0982016,6.34763e-07,63.2482,429.297
webbase-1M.mtx,1000005,1000005,3105536,coo seg,1156,448,192,0.101683,6.23723e-07,61.0826,414.598
webbase-1M.mtx,1000005,1000005,3105536,coo seg,867,448,256,0.0986112,6.2242e-07,62.9855,427.514
webbase-1M.mtx,1000005,1000005,3105536,coo seg,694,448,320,0.108544,6.16989e-07,57.2217,388.393
webbase-1M.mtx,1000005,1000005,3105536,coo seg,578,448,384,0.103219,6.28777e-07,60.1736,408.429
webbase-1M.mtx,1000005,1000005,3105536,coo seg,496,448,448,0.113152,6.15022e-07,54.8914,372.576
webbase-1M.mtx,1000005,1000005,3105536,coo seg,434,448,512,0.101683,6.3502e-07,61.0826,414.598
webbase-1M.mtx,1000005,1000005,3105536,coo seg,386,448,576,0.10711,6.41621e-07,57.9876,393.591
webbase-1M.mtx,1000005,1000005,3105536,coo seg,347,448,640,0.11223,6.3942e-07,55.3422,375.635
webbase-1M.mtx,1000005,1000005,3105536,coo seg,316,448,704,0.11817,6.24478e-07,52.5606,356.756
webbase-1M.mtx,1000005,1000005,3105536,coo seg,289,448,768,0.124211,6.46815e-07,50.0041,339.403
webbase-1M.mtx,1000005,1000005,3105536,coo seg,267,448,832,0.131072,6.48244e-07,47.3867,321.638
webbase-1M.mtx,1000005,1000005,3105536,coo seg,248,448,896,0.139366,6.2145e-07,44.5665,302.495
webbase-1M.mtx,1000005,1000005,3105536,coo seg,232,448,960,0.145408,6.54109e-07,42.7148,289.927
webbase-1M.mtx,1000005,1000005,3105536,coo seg,217,448,1024,0.101786,6.44458e-07,61.0211,414.181
webbase-1M.mtx,1000005,1000005,3105536,coo flat,6470,480,0,0.346931,5.72573e-07,17.9029,121.516
webbase-1M.mtx,1000005,1000005,3105536,csr scalar,2084,480,0,0.69376,6.85972e-08,8.95277,49.4609
webbase-1M.mtx,1000005,1000005,3105536,csr vector,66667,480,0,0.955699,6.31447e-07,6.49898,35.9046
webbase-1M.mtx,1000005,1000005,3105536,coo seg,3235,480,64,0.0956416,6.18364e-07,64.9411,440.788
webbase-1M.mtx,1000005,1000005,3105536,coo seg,1618,480,128,0.09728,6.58603e-07,63.8474,433.364
webbase-1M.mtx,1000005,1000005,3105536,coo seg,1079,480,192,0.0970752,6.28776e-07,63.9821,434.279
webbase-1M.mtx,1000005,1000005,3105536,coo seg,809,480,256,0.0990208,6.10286e-07,62.7249,425.746
webbase-1M.mtx,1000005,1000005,3105536,coo seg,647,480,320,0.0989184,6.19809e-07,62.7899,426.187
webbase-1M.mtx,1000005,1000005,3105536,coo seg,540,480,384,0.104243,6.25476e-07,59.5825,404.417
webbase-1M.mtx,1000005,1000005,3105536,coo seg,463,480,448,0.114278,6.18692e-07,54.3504,368.903
webbase-1M.mtx,1000005,1000005,3105536,coo seg,405,480,512,0.100864,6.34674e-07,61.5787,417.966
webbase-1M.mtx,1000005,1000005,3105536,coo seg,360,480,576,0.107315,6.39311e-07,57.8769,392.84
webbase-1M.mtx,1000005,1000005,3105536,coo seg,324,480,640,0.113254,6.49812e-07,54.8418,372.239
webbase-1M.mtx,1000005,1000005,3105536,coo seg,295,480,704,0.12032,6.23461e-07,51.6213,350.38
webbase-1M.mtx,1000005,1000005,3105536,coo seg,270,480,768,0.12544,6.43831e-07,49.5143,336.078
webbase-1M.mtx,1000005,1000005,3105536,coo seg,249,480,832,0.131994,6.46768e-07,47.0559,319.392
webbase-1M.mtx,1000005,1000005,3105536,coo seg,232,480,896,0.140288,6.22395e-07,44.2737,300.508
webbase-1M.mtx,1000005,1000005,3105536,coo seg,216,480,960,0.101478,6.50853e-07,61.2059,415.435
webbase-1M.mtx,1000005,1000005,3105536,coo seg,203,480,1024,0.101376,6.42606e-07,61.2677,415.855
webbase-1M.mtx,1000005,1000005,3105536,coo flat,6066,512,0,0.346522,5.61213e-07,17.9241,121.66
webbase-1M.mtx,1000005,1000005,3105536,csr scalar,1954,512,0,0.694886,6.85972e-08,8.93826,49.3807
webbase-1M.mtx,1000005,1000005,3105536,csr vector,62501,512,0,0.905216,6.31447e-07,6.86142,37.9069
webbase-1M.mtx,1000005,1000005,3105536,coo seg,3033,512,64,0.095232,6.2416e-07,65.2204,442.684
webbase-1M.mtx,1000005,1000005,3105536,coo seg,1517,512,128,0.0943104,6.48183e-07,65.8578,447.01
webbase-1M.mtx,1000005,1000005,3105536,coo seg,1011,512,192,0.0965632,6.33248e-07,64.3213,436.581
webbase-1M.mtx,1000005,1000005,3105536,coo seg,759,512,256,0.098816,6.15688e-07,62.8549,426.628
webbase-1M.mtx,1000005,1000005,3105536,coo seg,607,512,320,0.0978944,6.13723e-07,63.4466,430.645
webbase-1M.mtx,1000005,1000005,3105536,coo seg,506,512,384,0.10455,6.23457e-07,59.4074,403.228
webbase-1M.mtx,1000005,1000005,3105536,coo seg,434,512,448,0.0991232,6.23581e-07,62.6601,425.306
webbase-1M.mtx,1000005,1000005,3105536,coo seg,380,512,512,0.101376,6.29397e-07,61.2677,415.855
webbase-1M.mtx,1000005,1000005,3105536,coo seg,337,512,576,0.107213,6.38071e-07,57.9322,393.215
webbase-1M.mtx,1000005,1000005,3105536,coo seg,304,512,640,0.113254,6.4905e-07,54.8418,372.239
webbase-1M.mtx,1000005,1000005,3105536,coo seg,276,512,704,0.120115,6.27263e-07,51.7093,350.977
webbase-1M.mtx,1000005,1000005,3105536,coo seg,253,512,768,0.126362,6.40478e-07,49.1532,333.627
webbase-1M.mtx,1000005,1000005,3105536,coo seg,234,512,832,0.133734,6.51633e-07,46.4433,315.234
webbase-1M.mtx,1000005,1000005,3105536,coo seg,217,512,896,0.0989184,6.1773e-07,62.7899,426.187
webbase-1M.mtx,1000005,1000005,3105536,coo seg,203,512,960,0.101274,6.51749e-07,61.3296,416.275
webbase-1M.mtx,1000005,1000005,3105536,coo seg,190,512,1024,0.100966,6.40868e-07,61.5162,417.542
webbase-1M.mtx,1000005,1000005,3105536,coo flat,5709,544,0,0.362496,7.1487e-07,17.1342,116.298
webbase-1M.mtx,1000005,1000005,3105536,csr scalar,1839,544,0,0.691917,6.85972e-08,8.97662,49.5926
webbase-1M.mtx,1000005,1000005,3105536,csr vector,58824,544,0,1.1008,6.31447e-07,5.64233,31.1719
webbase-1M.mtx,1000005,1000005,3105536,coo seg,2855,544,64,0.103322,6.29707e-07,60.114,408.024
webbase-1M.mtx,1000005,1000005,3105536,coo seg,1428,544,128,0.101786,6.4081e-07,61.0211,414.181
webbase-1M.mtx,1000005,1000005,3105536,coo seg,952,544,192,0.102707,6.37066e-07,60.4736,410.465
webbase-1M.mtx,1000005,1000005,3105536,coo seg,714,544,256,0.106496,6.12934e-07,58.3221,395.862
webbase-1M.mtx,1000005,1000005,3105536,coo seg,571,544,320,0.108237,6.2189e-07,57.3841,389.495
webbase-1M.mtx,1000005,1000005,3105536,coo seg,476,544,384,0.103322,6.2799e-07,60.114,408.024
webbase-1M.mtx,1000005,1000005,3105536,coo seg,408,544,448,0.11305,6.21575e-07,54.9411,372.913
webbase-1M.mtx,1000005,1000005,3105536,coo seg,357,544,512,0.119808,6.37217e-07,51.8419,351.877
webbase-1M.mtx,1000005,1000005,3105536,coo seg,318,544,576,0.106189,6.43166e-07,58.4908,397.007
webbase-1M.mtx,1000005,1000005,3105536,coo seg,286,544,640,0.111514,6.4646e-07,55.6979,378.05
webbase-1M.mtx,1000005,1000005,3105536,coo seg,260,544,704,0.117248,6.23449e-07,52.9738,359.56
webbase-1M.mtx,1000005,1000005,3105536,coo seg,238,544,768,0.123085,6.37344e-07,50.4617,342.509
webbase-1M.mtx,1000005,1000005,3105536,coo seg,220,544,832,0.13097,6.48274e-07,47.4238,321.889
webbase-1M.mtx,1000005,1000005,3105536,coo seg,204,544,896,0.139469,6.23784e-07,44.5338,302.273
webbase-1M.mtx,1000005,1000005,3105536,coo seg,191,544,960,0.146637,6.46553e-07,42.3568,287.497
webbase-1M.mtx,1000005,1000005,3105536,coo seg,179,544,1024,0.149811,6.42871e-07,41.4593,281.405
webbase-1M.mtx,1000005,1000005,3105536,coo flat,5392,576,0,0.359526,6.94689e-07,17.2757,117.259
webbase-1M.mtx,1000005,1000005,3105536,csr scalar,1737,576,0,0.692122,6.85972e-08,8.97396,49.578
webbase-1M.mtx,1000005,1000005,3105536,csr vector,55556,576,0,1.05595,6.31447e-07,5.88198,32.4959
webbase-1M.mtx,1000005,1000005,3105536,coo seg,2696,576,64,0.101786,6.08439e-07,61.0211,414.181
webbase-1M.mtx,1000005,1000005,3105536,coo seg,1348,576,128,0.100045,6.47584e-07,62.0829,421.388
webbase-1M.mtx,1000005,1000005,3105536,coo seg,899,576,192,0.102912,6.36634e-07,60.3532,409.648
webbase-1M.mtx,1000005,1000005,3105536,coo seg,674,576,256,0.104858,6.11153e-07,59.2334,402.047
webbase-1M.mtx,1000005,1000005,3105536,coo seg,540,576,320,0.109466,6.19654e-07,56.7399,385.123
webbase-1M.mtx,1000005,1000005,3105536,coo seg,450,576,384,0.103936,6.2925e-07,59.7586,405.612
webbase-1M.mtx,1000005,1000005,3105536,coo seg,386,576,448,0.11305,6.26049e-07,54.9411,372.913
webbase-1M.mtx,1000005,1000005,3105536,coo seg,337,576,512,0.113869,6.37122e-07,54.5459,370.23
webbase-1M.mtx,1000005,1000005,3105536,coo seg,300,576,576,0.107008,6.4355e-07,58.0431,393.968
webbase-1M.mtx,1000005,1000005,3105536,coo seg,270,576,640,0.112333,6.44754e-07,55.2917,375.293
webbase-1M.mtx,1000005,1000005,3105536,coo seg,246,576,704,0.118477,6.21905e-07,52.4244,355.831
webbase-1M.mtx,1000005,1000005,3105536,coo seg,225,576,768,0.124723,6.36692e-07,49.7988,338.01
webbase-1M.mtx,1000005,1000005,3105536,coo seg,208,576,832,0.133837,6.43682e-07,46.4078,314.993
webbase-1M.mtx,1000005,1000005,3105536,coo seg,193,576,896,0.140902,6.28976e-07,44.0807,299.198
webbase-1M.mtx,1000005,1000005,3105536,coo seg,180,576,960,0.146022,6.44936e-07,42.5351,288.707
webbase-1M.mtx,1000005,1000005,3105536,coo seg,169,576,1024,0.134349,6.4371e-07,46.2309,313.793
webbase-1M.mtx,1000005,1000005,3105536,coo flat,5108,608,0,0.347853,5.16856e-07,17.8555,121.194
webbase-1M.mtx,1000005,1000005,3105536,csr scalar,1645,608,0,0.69079,6.85972e-08,8.99125,49.6735
webbase-1M.mtx,1000005,1000005,3105536,csr vector,52632,608,0,1.00751,6.31447e-07,6.16475,34.0581
webbase-1M.mtx,1000005,1000005,3105536,coo seg,2554,608,64,0.0995328,6.58934e-07,62.4023,423.556
webbase-1M.mtx,1000005,1000005,3105536,coo seg,1277,608,128,0.0996352,6.33573e-07,62.3381,423.12
webbase-1M.mtx,1000005,1000005,3105536,coo seg,852,608,192,0.102093,6.26576e-07,60.8375,412.935
webbase-1M.mtx,1000005,1000005,3105536,coo seg,639,608,256,0.0986112,6.16361e-07,62.9855,427.514
webbase-1M.mtx,1000005,1000005,3105536,coo seg,511,608,320,0.109158,6.2052e-07,56.8996,386.207
webbase-1M.mtx,1000005,1000005,3105536,coo seg,426,608,384,0.10496,6.32363e-07,59.1756,401.655
webbase-1M.mtx,1000005,1000005,3105536,coo seg,365,608,448,0.114688,6.23002e-07,54.1562,367.586
webbase-1M.mtx,1000005,1000005,3105536,coo seg,320,608,512,0.101581,6.34491e-07,61.1442,415.016
webbase-1M.mtx,1000005,1000005,3105536,coo seg,284,608,576,0.107418,6.40156e-07,57.8217,392.465
webbase-1M.mtx,1000005,1000005,3105536,coo seg,256,608,640,0.11264,6.42792e-07,55.1409,374.269
webbase-1M.mtx,1000005,1000005,3105536,coo seg,233,608,704,0.119808,6.25978e-07,51.8419,351.877
webbase-1M.mtx,1000005,1000005,3105536,coo seg,213,608,768,0.127693,6.40263e-07,48.6407,330.149
webbase-1M.mtx,1000005,1000005,3105536,coo seg,197,608,832,0.134042,6.45066e-07,46.3369,314.512
webbase-1M.mtx,1000005,1000005,3105536,coo seg,183,608,896,0.139776,6.22861e-07,44.4359,301.609
webbase-1M.mtx,1000005,1000005,3105536,coo seg,171,608,960,0.142131,6.41677e-07,43.6996,296.611
webbase-1M.mtx,1000005,1000005,3105536,coo seg,160,608,1024,0.10199,6.43328e-07,60.8986,413.35
webbase-1M.mtx,1000005,1000005,3105536,coo flat,4853,640,0,0.338227,5.75047e-07,18.3636,124.643
webbase-1M.mtx,1000005,1000005,3105536,csr scalar,1563,640,0,0.681165,6.85972e-08,9.11831,50.3754
webbase-1M.mtx,1000005,1000005,3105536,csr vector,50001,640,0,0.969933,6.31447e-07,6.40361,35.3777
webbase-1M.mtx,1000005,1000005,3105536,coo seg,2427,640,64,0.0974848,6.37362e-07,63.7132,432.454
webbase-1M.mtx,1000005,1000005,3105536,coo seg,1214,640,128,0.0984064,6.45309e-07,63.1165,428.404
webbase-1M.mtx,1000005,1000005,3105536,coo seg,809,640,192,0.0970752,6.23151e-07,63.9821,434.279
webbase-1M.mtx,1000005,1000005,3105536,coo seg,607,640,256,0.0991232,6.14093e-07,62.6601,425.306
webbase-1M.mtx,1000005,1000005,3105536,coo seg,486,640,320,0.0985088,6.14889e-07,63.0509,427.959
webbase-1M.mtx,1000005,1000005,3105536,coo seg,405,640,384,0.104346,6.2354e-07,59.524,404.02
webbase-1M.mtx,1000005,1000005,3105536,coo seg,347,640,448,0.113971,6.2042e-07,54.4969,369.898
webbase-1M.mtx,1000005,1000005,3105536,coo seg,304,640,512,0.101478,6.35434e-07,61.2059,415.435
webbase-1M.mtx,1000005,1000005,3105536,coo seg,270,640,576,0.10793,6.39912e-07,57.5474,390.604
webbase-1M.mtx,1000005,1000005,3105536,coo seg,243,640,640,0.112742,6.4714e-07,55.0908,373.929
webbase-1M.mtx,1000005,1000005,3105536,coo seg,221,640,704,0.120627,6.27021e-07,51.4898,349.487
webbase-1M.mtx,1000005,1000005,3105536,coo seg,203,640,768,0.127488,6.37922e-07,48.7189,330.68
webbase-1M.mtx,1000005,1000005,3105536,coo seg,187,640,832,0.134963,6.47312e-07,46.0205,312.364
webbase-1M.mtx,1000005,1000005,3105536,coo seg,174,640,896,0.140902,6.19168e-07,44.0807,299.198
webbase-1M.mtx,1000005,1000005,3105536,coo seg,162,640,960,0.102093,6.51061e-07,60.8375,412.935
webbase-1M.mtx,1000005,1000005,3105536,coo seg,152,640,1024,0.10281,6.39289e-07,60.4134,410.056
webbase-1M.mtx,1000005,1000005,3105536,coo flat,4622,672,0,0.329114,6.54594e-07,18.8721,128.095
webbase-1M.mtx,1000005,1000005,3105536,csr scalar,1489,672,0,0.682189,6.85972e-08,9.10462,50.2998
webbase-1M.mtx,1000005,1000005,3105536,csr vector,47620,672,0,0.945869,6.31447e-07,6.56653,36.2777
webbase-1M.mtx,1000005,1000005,3105536,coo seg,2311,672,64,0.0965632,6.35921e-07,64.3213,436.581
webbase-1M.mtx,1000005,1000005,3105536,coo seg,1156,672,128,0.0949248,6.50699e-07,65.4315,444.117
webbase-1M.mtx,1000005,1000005,3105536,coo seg,771,672,192,0.0968704,6.33496e-07,64.1173,435.197
webbase-1M.mtx,1000005,1000005,3105536,coo seg,578,672,256,0.0990208,6.24777e-07,62.7249,425.746
webbase-1M.mtx,1000005,1000005,3105536,coo seg,463,672,320,0.098304,6.09368e-07,63.1823,428.85
webbase-1M.mtx,1000005,1000005,3105536,coo seg,386,672,384,0.10537,6.30939e-07,58.9456,400.094
webbase-1M.mtx,1000005,1000005,3105536,coo seg,331,672,448,0.0991232,6.24572e-07,62.6601,425.306
webbase-1M.mtx,1000005,1000005,3105536,coo seg,289,672,512,0.101786,6.29514e-07,61.0211,414.181
webbase-1M.mtx,1000005,1000005,3105536,coo seg,257,672,576,0.107827,6.39724e-07,57.6021,390.975
webbase-1M.mtx,1000005,1000005,3105536,coo seg,232,672,640,0.114586,6.44547e-07,54.2047,367.914
webbase-1M.mtx,1000005,1000005,3105536,coo seg,211,672,704,0.121856,6.2501e-07,50.9706,345.963
webbase-1M.mtx,1000005,1000005,3105536,coo seg,193,672,768,0.127386,6.36336e-07,48.758,330.945
webbase-1M.mtx,1000005,1000005,3105536,coo seg,178,672,832,0.135987,6.47965e-07,45.6739,310.012
webbase-1M.mtx,1000005,1000005,3105536,coo seg,166,672,896,0.0997376,6.2497e-07,62.2741,422.686
webbase-1M.mtx,1000005,1000005,3105536,coo seg,155,672,960,0.101683,6.47279e-07,61.0826,414.598
webbase-1M.mtx,1000005,1000005,3105536,coo seg,145,672,1024,0.101888,6.45111e-07,60.9598,413.765
webbase-1M.mtx,1000005,1000005,3105536,coo flat,4412,704,0,0.354304,5.75073e-07,17.5303,118.987
webbase-1M.mtx,1000005,1000005,3105536,csr scalar,1421,704,0,0.680141,6.85972e-08,9.13204,50.4513
webbase-1M.mtx,1000005,1000005,3105536,csr vector,45455,704,0,1.27498,6.31447e-07,4.8715,26.9133
webbase-1M.mtx,1000005,1000005,3105536,coo seg,2206,704,64,0.112026,6.20424e-07,55.4433,376.322
webbase-1M.mtx,1000005,1000005,3105536,coo seg,1103,704,128,0.107827,6.52506e-07,57.6021,390.975
webbase-1M.mtx,1000005,1000005,3105536,coo seg,736,704,192,0.109875,6.29532e-07,56.5284,383.687
webbase-1M.mtx,1000005,1000005,3105536,coo seg,552,704,256,0.108851,6.21799e-07,57.0602,387.297
webbase-1M.mtx,1000005,1000005,3105536,coo seg,442,704,320,0.106701,6.13589e-07,58.2102,395.102
webbase-1M.mtx,1000005,1000005,3105536,coo seg,368,704,384,0.119501,6.2804e-07,51.9751,352.782
webbase-1M.mtx,1000005,1000005,3105536,coo seg,316,704,448,0.111002,6.19142e-07,55.9548,379.794
webbase-1M.mtx,1000005,1000005,3105536,coo seg,276,704,512,0.119296,6.30587e-07,52.0644,353.387
webbase-1M.mtx,1000005,1000005,3105536,coo seg,246,704,576,0.130662,6.42446e-07,47.5353,322.646
webbase-1M.mtx,1000005,1000005,3105536,coo seg,221,704,640,0.111104,6.48868e-07,55.9032,379.443
webbase-1M.mtx,1000005,1000005,3105536,coo seg,201,704,704,0.117043,6.27849e-07,53.0665,360.189
webbase-1M.mtx,1000005,1000005,3105536,coo seg,184,704,768,0.122778,6.43458e-07,50.588,343.366
webbase-1M.mtx,1000005,1000005,3105536,coo seg,170,704,832,0.129741,6.4604e-07,47.8729,324.938
webbase-1M.mtx,1000005,1000005,3105536,coo seg,158,704,896,0.135987,6.25351e-07,45.6739,310.012
webbase-1M.mtx,1000005,1000005,3105536,coo seg,148,704,960,0.144077,6.49786e-07,43.1095,292.606
webbase-1M.mtx,1000005,1000005,3105536,coo seg,138,704,1024,0.150016,6.43575e-07,41.4027,281.021
webbase-1M.mtx,1000005,1000005,3105536,coo flat,4220,736,0,0.358707,5.53455e-07,17.3152,117.527
webbase-1M.mtx,1000005,1000005,3105536,csr scalar,1359,736,0,0.685875,6.85972e-08,9.05569,50.0295
webbase-1M.mtx,1000005,1000005,3105536,csr vector,43479,736,0,1.22675,6.31447e-07,5.06302,27.9714
webbase-1M.mtx,1000005,1000005,3105536,coo seg,2110,736,64,0.109773,6.28121e-07,56.5812,384.045
webbase-1M.mtx,1000005,1000005,3105536,coo seg,1055,736,128,0.10793,6.36166e-07,57.5474,390.604
webbase-1M.mtx,1000005,1000005,3105536,coo seg,704,736,192,0.110285,6.25066e-07,56.3185,382.262
webbase-1M.mtx,1000005,1000005,3105536,coo seg,528,736,256,0.107725,6.35544e-07,57.6569,391.346
webbase-1M.mtx,1000005,1000005,3105536,coo seg,422,736,320,0.106701,6.14741e-07,58.2102,395.102
webbase-1M.mtx,1000005,1000005,3105536,coo seg,352,736,384,0.120218,6.27631e-07,51.6652,350.678
webbase-1M.mtx,1000005,1000005,3105536,coo seg,302,736,448,0.111821,6.15057e-07,55.5449,377.011
webbase-1M.mtx,1000005,1000005,3105536,coo seg,264,736,512,0.120218,6.35091e-07,51.6652,350.678
webbase-1M.mtx,1000005,1000005,3105536,coo seg,235,736,576,0.131994,6.39805e-07,47.0559,319.392
webbase-1M.mtx,1000005,1000005,3105536,coo seg,211,736,640,0.111821,6.51437e-07,55.5449,377.011
webbase-1M.mtx,1000005,1000005,3105536,coo seg,192,736,704,0.116838,6.25243e-07,53.1595,360.82
webbase-1M.mtx,1000005,1000005,3105536,coo seg,176,736,768,0.123597,6.40342e-07,50.2527,341.09
webbase-1M.mtx,1000005,1000005,3105536,coo seg,163,736,832,0.13056,6.46687e-07,47.5725,322.899
webbase-1M.mtx,1000005,1000005,3105536,coo seg,151,736,896,0.137011,6.22562e-07,45.3326,307.695
webbase-1M.mtx,1000005,1000005,3105536,coo seg,141,736,960,0.144691,6.43867e-07,42.9264,291.363
webbase-1M.mtx,1000005,1000005,3105536,coo seg,132,736,1024,0.150733,6.41743e-07,41.2058,279.685
webbase-1M.mtx,1000005,1000005,3105536,coo flat,4044,768,0,0.352666,4.82806e-07,17.6118,119.54
webbase-1M.mtx,1000005,1000005,3105536,csr scalar,1303,768,0,0.687104,6.85972e-08,9.03949,49.94
webbase-1M.mtx,1000005,1000005,3105536,csr vector,41667,768,0,1.17709,6.31447e-07,5.27664,29.1516
webbase-1M.mtx,1000005,1000005,3105536,coo seg,2022,768,64,0.106291,6.2083e-07,58.4345,396.624
webbase-1M.mtx,1000005,1000005,3105536,coo seg,1011,768,128,0.105779,6.53853e-07,58.7173,398.544
webbase-1M.mtx,1000005,1000005,3105536,coo seg,674,768,192,0.108851,6.34938e-07,57.0602,387.297
webbase-1M.mtx,1000005,1000005,3105536,coo seg,506,768,256,0.107008,6.1673e-07,58.0431,393.968
webbase-1M.mtx,1000005,1000005,3105536,coo seg,405,768,320,0.108339,6.21054e-07,57.3299,389.127
webbase-1M.mtx,1000005,1000005,3105536,coo seg,337,768,384,0.116122,6.28909e-07,53.4877,363.048
webbase-1M.mtx,1000005,1000005,3105536,coo seg,289,768,448,0.112845,6.23249e-07,55.0408,373.59
webbase-1M.mtx,1000005,1000005,3105536,coo seg,253,768,512,0.121344,6.3469e-07,51.1856,347.423
webbase-1M.mtx,1000005,1000005,3105536,coo seg,225,768,576,0.127078,6.39104e-07,48.8759,331.745
webbase-1M.mtx,1000005,1000005,3105536,coo seg,203,768,640,0.111309,6.50551e-07,55.8004,378.745
webbase-1M.mtx,1000005,1000005,3105536,coo seg,184,768,704,0.117862,6.24386e-07,52.6977,357.686
webbase-1M.mtx,1000005,1000005,3105536,coo seg,169,768,768,0.124006,6.40266e-07,50.0867,339.964
webbase-1M.mtx,1000005,1000005,3105536,coo seg,156,768,832,0.131072,6.51439e-07,47.3867,321.638
webbase-1M.mtx,1000005,1000005,3105536,coo seg,145,768,896,0.138342,6.23996e-07,44.8964,304.734
webbase-1M.mtx,1000005,1000005,3105536,coo seg,135,768,960,0.146125,6.52951e-07,42.5053,288.505
webbase-1M.mtx,1000005,1000005,3105536,coo seg,127,768,1024,0.15104,6.42988e-07,41.122,279.116
webbase-1M.mtx,1000005,1000005,3105536,coo flat,3882,800,0,0.358298,6.9845e-07,17.335,117.661
webbase-1M.mtx,1000005,1000005,3105536,csr scalar,1251,800,0,0.686694,6.85972e-08,9.04489,49.9698
webbase-1M.mtx,1000005,1000005,3105536,csr vector,40001,800,0,1.15354,6.31447e-07,5.38438,29.7468
webbase-1M.mtx,1000005,1000005,3105536,coo seg,1941,800,64,0.105882,6.09148e-07,58.6605,398.159
webbase-1M.mtx,1000005,1000005,3105536,coo seg,971,800,128,0.103834,6.42842e-07,59.8176,406.012
webbase-1M.mtx,1000005,1000005,3105536,coo seg,647,800,192,0.103629,6.27254e-07,59.9358,406.814
webbase-1M.mtx,1000005,1000005,3105536,coo seg,486,800,256,0.108442,6.28259e-07,57.2757,388.759
webbase-1M.mtx,1000005,1000005,3105536,coo seg,389,800,320,0.11008,6.16761e-07,56.4233,382.973
webbase-1M.mtx,1000005,1000005,3105536,coo seg,324,800,384,0.104858,6.29001e-07,59.2334,402.047
webbase-1M.mtx,1000005,1000005,3105536,coo seg,278,800,448,0.112742,6.25072e-07,55.0908,373.929
webbase-1M.mtx,1000005,1000005,3105536,coo seg,243,800,512,0.121958,6.30643e-07,50.9278,345.673
webbase-1M.mtx,1000005,1000005,3105536,coo seg,216,800,576,0.106496,6.44575e-07,58.3221,395.862
webbase-1M.mtx,1000005,1000005,3105536,coo seg,195,800,640,0.112026,6.47832e-07,55.4433,376.322
webbase-1M.mtx,1000005,1000005,3105536,coo seg,177,800,704,0.118886,6.22809e-07,52.2438,354.605
webbase-1M.mtx,1000005,1000005,3105536,coo seg,162,800,768,0.125542,6.41272e-07,49.4739,335.804
webbase-1M.mtx,1000005,1000005,3105536,coo seg,150,800,832,0.133222,6.48939e-07,46.6218,316.446
webbase-1M.mtx,1000005,1000005,3105536,coo seg,139,800,896,0.140083,6.21368e-07,44.3385,300.948
webbase-1M.mtx,1000005,1000005,3105536,coo seg,130,800,960,0.147251,6.4821e-07,42.1801,286.298
webbase-1M.mtx,1000005,1000005,3105536,coo seg,122,800,1024,0.152269,6.44333e-07,40.7902,276.864
webbase-1M.mtx,1000005,1000005,3105536,coo flat,3733,832,0,0.356762,6.25875e-07,17.4096,118.168
webbase-1M.mtx,1000005,1000005,3105536,csr scalar,1202,832,0,0.687002,6.85972e-08,9.04084,49.9474
webbase-1M.mtx,1000005,1000005,3105536,csr vector,38462,832,0,1.12282,6.31447e-07,5.53169,30.5606
webbase-1M.mtx,1000005,1000005,3105536,coo seg,1867,832,64,0.104243,6.08048e-07,59.5825,404.417
webbase-1M.mtx,1000005,1000005,3105536,coo seg,934,832,128,0.103424,6.50084e-07,60.0545,407.62
webbase-1M.mtx,1000005,1000005,3105536,coo seg,623,832,192,0.103424,6.39946e-07,60.0545,407.62
webbase-1M.mtx,1000005,1000005,3105536,coo seg,467,832,256,0.108851,6.24946e-07,57.0602,387.297
webbase-1M.mtx,1000005,1000005,3105536,coo seg,374,832,320,0.110797,6.23772e-07,56.0582,380.496
webbase-1M.mtx,1000005,1000005,3105536,coo seg,312,832,384,0.104346,6.27369e-07,59.524,404.02
webbase-1M.mtx,1000005,1000005,3105536,coo seg,267,832,448,0.113562,6.19353e-07,54.6934,371.232
webbase-1M.mtx,1000005,1000005,3105536,coo seg,234,832,512,0.123187,6.31643e-07,50.4198,342.225
webbase-1M.mtx,1000005,1000005,3105536,coo seg,208,832,576,0.106701,6.37593e-07,58.2102,395.102
webbase-1M.mtx,1000005,1000005,3105536,coo seg,187,832,640,0.112845,6.45389e-07,55.0408,373.59
webbase-1M.mtx,1000005,1000005,3105536,coo seg,170,832,704,0.119808,6.25346e-07,51.8419,351.877
webbase-1M.mtx,1000005,1000005,3105536,coo seg,156,832,768,0.126362,6.41515e-07,49.1532,333.627
webbase-1M.mtx,1000005,1000005,3105536,coo seg,144,832,832,0.134144,6.49592e-07,46.3015,314.272
webbase-1M.mtx,1000005,1000005,3105536,coo seg,134,832,896,0.14121,6.2171e-07,43.9848,298.547
webbase-1M.mtx,1000005,1000005,3105536,coo seg,125,832,960,0.148173,6.48244e-07,41.9178,284.517
webbase-1M.mtx,1000005,1000005,3105536,coo seg,117,832,1024,0.152781,6.42985e-07,40.6535,275.936
webbase-1M.mtx,1000005,1000005,3105536,coo flat,3595,864,0,0.353997,4.82734e-07,17.5456,119.091
webbase-1M.mtx,1000005,1000005,3105536,csr scalar,1158,864,0,0.684544,6.85972e-08,9.0733,50.1268
webbase-1M.mtx,1000005,1000005,3105536,csr vector,37038,864,0,1.09312,6.31447e-07,5.68197,31.3909
webbase-1M.mtx,1000005,1000005,3105536,coo seg,1798,864,64,0.103936,6.26933e-07,59.7586,405.612
webbase-1M.mtx,1000005,1000005,3105536,coo seg,899,864,128,0.101478,6.36249e-07,61.2059,415.435
webbase-1M.mtx,1000005,1000005,3105536,coo seg,600,864,192,0.104653,6.32237e-07,59.3493,402.834
webbase-1M.mtx,1000005,1000005,3105536,coo seg,450,864,256,0.105984,6.32931e-07,58.6039,397.774
webbase-1M.mtx,1000005,1000005,3105536,coo seg,360,864,320,0.111411,6.20812e-07,55.7491,378.397
webbase-1M.mtx,1000005,1000005,3105536,coo seg,300,864,384,0.10496,6.40654e-07,59.1756,401.655
webbase-1M.mtx,1000005,1000005,3105536,coo seg,257,864,448,0.114995,6.13009e-07,54.0116,366.604
webbase-1M.mtx,1000005,1000005,3105536,coo seg,225,864,512,0.119603,6.31808e-07,51.9307,352.48
webbase-1M.mtx,1000005,1000005,3105536,coo seg,200,864,576,0.107725,6.38486e-07,57.6569,391.346
webbase-1M.mtx,1000005,1000005,3105536,coo seg,180,864,640,0.113357,6.52068e-07,54.7922,371.903
webbase-1M.mtx,1000005,1000005,3105536,coo seg,164,864,704,0.120627,6.23538e-07,51.4898,349.487
webbase-1M.mtx,1000005,1000005,3105536,coo seg,150,864,768,0.128,6.41069e-07,48.524,329.357
webbase-1M.mtx,1000005,1000005,3105536,coo seg,139,864,832,0.135373,6.45867e-07,45.8812,311.419
webbase-1M.mtx,1000005,1000005,3105536,coo seg,129,864,896,0.142643,6.23507e-07,43.5427,295.546
webbase-1M.mtx,1000005,1000005,3105536,coo seg,120,864,960,0.150733,6.4607e-07,41.2058,279.685
webbase-1M.mtx,1000005,1000005,3105536,coo seg,113,864,1024,0.145715,6.39189e-07,42.6247,289.316
webbase-1M.mtx,1000005,1000005,3105536,coo flat,3466,896,0,0.342733,5.13165e-07,18.1222,123.005
webbase-1M.mtx,1000005,1000005,3105536,csr scalar,1117,896,0,0.683622,6.85972e-08,9.08553,50.1943
webbase-1M.mtx,1000005,1000005,3105536,csr vector,35715,896,0,1.05789,6.31447e-07,5.87116,32.4361
webbase-1M.mtx,1000005,1000005,3105536,coo seg,1733,896,64,0.101581,6.20751e-07,61.1442,415.016
webbase-1M.mtx,1000005,1000005,3105536,coo seg,867,896,128,0.0991232,6.34069e-07,62.6601,425.306
webbase-1M.mtx,1000005,1000005,3105536,coo seg,578,896,192,0.103936,6.34343e-07,59.7586,405.612
webbase-1M.mtx,1000005,1000005,3105536,coo seg,434,896,256,0.098816,6.37041e-07,62.8549,426.628
webbase-1M.mtx,1000005,1000005,3105536,coo seg,347,896,320,0.111309,6.3121e-07,55.8004,378.745
webbase-1M.mtx,1000005,1000005,3105536,coo seg,289,896,384,0.105472,6.34543e-07,58.8884,399.705
webbase-1M.mtx,1000005,1000005,3105536,coo seg,248,896,448,0.115814,6.13185e-07,53.6295,364.011
webbase-1M.mtx,1000005,1000005,3105536,coo seg,217,896,512,0.102298,6.35254e-07,60.7157,412.108
webbase-1M.mtx,1000005,1000005,3105536,coo seg,193,896,576,0.108339,6.38481e-07,57.3299,389.127
webbase-1M.mtx,1000005,1000005,3105536,coo seg,174,896,640,0.113664,6.49e-07,54.6441,370.897
webbase-1M.mtx,1000005,1000005,3105536,coo seg,158,896,704,0.121549,6.24329e-07,51.0994,346.838
webbase-1M.mtx,1000005,1000005,3105536,coo seg,145,896,768,0.128614,6.40782e-07,48.2922,327.784
webbase-1M.mtx,1000005,1000005,3105536,coo seg,134,896,832,0.137114,6.48214e-07,45.2987,307.465
webbase-1M.mtx,1000005,1000005,3105536,coo seg,124,896,896,0.144179,6.18298e-07,43.0788,292.398
webbase-1M.mtx,1000005,1000005,3105536,coo seg,116,896,960,0.14848,6.50915e-07,41.831,283.928
webbase-1M.mtx,1000005,1000005,3105536,coo seg,109,896,1024,0.103322,6.41216e-07,60.114,408.024
webbase-1M.mtx,1000005,1000005,3105536,coo flat,3347,928,0,0.345702,5.65743e-07,17.9665,121.948
webbase-1M.mtx,1000005,1000005,3105536,csr scalar,1078,928,0,0.682598,6.85972e-08,9.09916,50.2696
webbase-1M.mtx,1000005,1000005,3105536,csr vector,34483,928,0,1.03608,6.31447e-07,5.99476,33.1189
webbase-1M.mtx,1000005,1000005,3105536,coo seg,1674,928,64,0.100966,6.17154e-07,61.5162,417.542
webbase-1M.mtx,1000005,1000005,3105536,coo seg,837,928,128,0.100045,6.5242e-07,62.0829,421.388
webbase-1M.mtx,1000005,1000005,3105536,coo seg,558,928,192,0.09984,6.28536e-07,62.2103,422.253
webbase-1M.mtx,1000005,1000005,3105536,coo seg,419,928,256,0.0996352,6.26733e-07,62.3381,423.12
webbase-1M.mtx,1000005,1000005,3105536,coo seg,335,928,320,0.0995328,6.14801e-07,62.4023,423.556
webbase-1M.mtx,1000005,1000005,3105536,coo seg,279,928,384,0.106598,6.36954e-07,58.2661,395.481
webbase-1M.mtx,1000005,1000005,3105536,coo seg,240,928,448,0.11561,6.15514e-07,53.7245,364.656
webbase-1M.mtx,1000005,1000005,3105536,coo seg,210,928,512,0.102502,6.34978e-07,60.5944,411.285
webbase-1M.mtx,1000005,1000005,3105536,coo seg,186,928,576,0.108749,6.4078e-07,57.1139,387.661
webbase-1M.mtx,1000005,1000005,3105536,coo seg,168,928,640,0.114995,6.40994e-07,54.0116,366.604
webbase-1M.mtx,1000005,1000005,3105536,coo seg,153,928,704,0.122982,6.24445e-07,50.5037,342.794
webbase-1M.mtx,1000005,1000005,3105536,coo seg,140,928,768,0.129229,6.36677e-07,48.0626,326.225
webbase-1M.mtx,1000005,1000005,3105536,coo seg,129,928,832,0.138342,6.50092e-07,44.8964,304.734
webbase-1M.mtx,1000005,1000005,3105536,coo seg,120,928,896,0.146022,6.28701e-07,42.5351,288.707
webbase-1M.mtx,1000005,1000005,3105536,coo seg,112,928,960,0.102912,6.51293e-07,60.3532,409.648
webbase-1M.mtx,1000005,1000005,3105536,coo seg,105,928,1024,0.103629,6.42299e-07,59.9358,406.814
webbase-1M.mtx,1000005,1000005,3105536,coo flat,3235,960,0,0.331674,4.6177e-07,18.7265,127.106
webbase-1M.mtx,1000005,1000005,3105536,csr scalar,1042,960,0,0.68096,6.85972e-08,9.12105,50.3906
webbase-1M.mtx,1000005,1000005,3105536,csr vector,33334,960,0,1.01222,6.31447e-07,6.13607,33.8996
webbase-1M.mtx,1000005,1000005,3105536,coo seg,1618,960,64,0.0999424,6.21848e-07,62.1465,421.82
webbase-1M.mtx,1000005,1000005,3105536,coo seg,809,960,128,0.0994304,6.42553e-07,62.4665,423.992
webbase-1M.mtx,1000005,1000005,3105536,coo seg,540,960,192,0.0984064,6.33018e-07,63.1165,428.404
webbase-1M.mtx,1000005,1000005,3105536,coo seg,405,960,256,0.0997376,6.22842e-07,62.2741,422.686
webbase-1M.mtx,1000005,1000005,3105536,coo seg,324,960,320,0.0995328,6.10001e-07,62.4023,423.556
webbase-1M.mtx,1000005,1000005,3105536,coo seg,270,960,384,0.107418,6.32724e-07,57.8217,392.465
webbase-1M.mtx,1000005,1000005,3105536,coo seg,232,960,448,0.117862,6.21768e-07,52.6977,357.686
webbase-1M.mtx,1000005,1000005,3105536,coo seg,203,960,512,0.102195,6.34484e-07,60.7766,412.521
webbase-1M.mtx,1000005,1000005,3105536,coo seg,180,960,576,0.109261,6.40611e-07,56.8463,385.845
webbase-1M.mtx,1000005,1000005,3105536,coo seg,162,960,640,0.116326,6.45017e-07,53.3935,362.409
webbase-1M.mtx,1000005,1000005,3105536,coo seg,148,960,704,0.124518,6.25432e-07,49.8808,338.566
webbase-1M.mtx,1000005,1000005,3105536,coo seg,135,960,768,0.131277,6.42062e-07,47.3128,321.136
webbase-1M.mtx,1000005,1000005,3105536,coo seg,125,960,832,0.140288,6.49369e-07,44.2737,300.508
webbase-1M.mtx,1000005,1000005,3105536,coo seg,116,960,896,0.145408,6.2203e-07,42.7148,289.927
webbase-1M.mtx,1000005,1000005,3105536,coo seg,108,960,960,0.103014,6.48484e-07,60.2932,409.241
webbase-1M.mtx,1000005,1000005,3105536,coo seg,102,960,1024,0.103731,6.43048e-07,59.8766,406.413
webbase-1M.mtx,1000005,1000005,3105536,coo flat,3131,992,0,0.329523,5.02286e-07,18.8487,127.935
webbase-1M.mtx,1000005,1000005,3105536,csr scalar,1009,992,0,0.682906,6.85972e-08,9.09507,50.247
webbase-1M.mtx,1000005,1000005,3105536,csr vector,32259,992,0,0.996454,6.31447e-07,6.23317,34.4361
webbase-1M.mtx,1000005,1000005,3105536,coo seg,1566,992,64,0.0992256,6.20023e-07,62.5955,424.867
webbase-1M.mtx,1000005,1000005,3105536,coo seg,783,992,128,0.0965632,6.47418e-07,64.3213,436.581
webbase-1M.mtx,1000005,1000005,3105536,coo seg,522,992,192,0.0971776,6.29647e-07,63.9146,433.821
webbase-1M.mtx,1000005,1000005,3105536,coo seg,392,992,256,0.101171,6.27967e-07,61.3917,416.697
webbase-1M.mtx,1000005,1000005,3105536,coo seg,314,992,320,0.0992256,6.1911e-07,62.5955,424.867
webbase-1M.mtx,1000005,1000005,3105536,coo seg,261,992,384,0.107418,6.40693e-07,57.8217,392.465
webbase-1M.mtx,1000005,1000005,3105536,coo seg,224,992,448,0.0996352,6.17581e-07,62.3381,423.12
webbase-1M.mtx,1000005,1000005,3105536,coo seg,196,992,512,0.103629,6.31621e-07,59.9358,406.814
webbase-1M.mtx,1000005,1000005,3105536,coo seg,174,992,576,0.109568,6.34129e-07,56.6869,384.763
webbase-1M.mtx,1000005,1000005,3105536,coo seg,157,992,640,0.11735,6.42288e-07,52.9276,359.246
webbase-1M.mtx,1000005,1000005,3105536,coo seg,143,992,704,0.125235,6.21334e-07,49.5953,336.628
webbase-1M.mtx,1000005,1000005,3105536,coo seg,131,992,768,0.132198,6.39606e-07,46.983,318.897
webbase-1M.mtx,1000005,1000005,3105536,coo seg,121,992,832,0.137523,6.45593e-07,45.1638,306.55
webbase-1M.mtx,1000005,1000005,3105536,coo seg,112,992,896,0.100864,6.20428e-07,61.5787,417.966
webbase-1M.mtx,1000005,1000005,3105536,coo seg,105,992,960,0.103526,6.43491e-07,59.9951,407.217
webbase-1M.mtx,1000005,1000005,3105536,coo seg,98,992,1024,0.104038,6.43379e-07,59.6998,405.213
webbase-1M.mtx,1000005,1000005,3105536,coo flat,3033,1024,0,0.329523,5.7477e-07,18.8487,127.935
webbase-1M.mtx,1000005,1000005,3105536,csr scalar,977,1024,0,0.685568,6.85972e-08,9.05975,50.0519
webbase-1M.mtx,1000005,1000005,3105536,csr vector,31251,1024,0,0.964608,6.31447e-07,6.43896,35.573
webbase-1M.mtx,1000005,1000005,3105536,coo seg,1517,1024,64,0.097792,6.05604e-07,63.5131,431.095
webbase-1M.mtx,1000005,1000005,3105536,coo seg,759,1024,128,0.095232,6.40604e-07,65.2204,442.684
webbase-1M.mtx,1000005,1000005,3105536,coo seg,506,1024,192,0.09728,6.32962e-07,63.8474,433.364
webbase-1M.mtx,1000005,1000005,3105536,coo seg,380,1024,256,0.0995328,6.34061e-07,62.4023,423.556
webbase-1M.mtx,1000005,1000005,3105536,coo seg,304,1024,320,0.0992256,6.20829e-07,62.5955,424.867
webbase-1M.mtx,1000005,1000005,3105536,coo seg,253,1024,384,0.108442,6.32908e-07,57.2757,388.759
webbase-1M.mtx,1000005,1000005,3105536,coo seg,217,1024,448,0.0990208,6.14009e-07,62.7249,425.746
webbase-1M.mtx,1000005,1000005,3105536,coo seg,190,1024,512,0.103834,6.3461e-07,59.8176,406.012
webbase-1M.mtx,1000005,1000005,3105536,coo seg,169,1024,576,0.109466,6.3857e-07,56.7399,385.123
webbase-1M.mtx,1000005,1000005,3105536,coo seg,152,1024,640,0.11735,6.44161e-07,52.9276,359.246
webbase-1M.mtx,1000005,1000005,3105536,coo seg,138,1024,704,0.124518,6.2288e-07,49.8808,338.566
webbase-1M.mtx,1000005,1000005,3105536,coo seg,127,1024,768,0.132506,6.38717e-07,46.874,318.158
webbase-1M.mtx,1000005,1000005,3105536,coo seg,117,1024,832,0.13568,6.48728e-07,45.7774,310.714
webbase-1M.mtx,1000005,1000005,3105536,coo seg,109,1024,896,0.100557,6.15487e-07,61.7668,419.243
webbase-1M.mtx,1000005,1000005,3105536,coo seg,102,1024,960,0.103731,6.45939e-07,59.8766,406.413
webbase-1M.mtx,1000005,1000005,3105536,coo seg,95,1024,1024,0.104755,6.42959e-07,59.2913,402.44
webbase-1M.mtx,1000005,1000005,3105536,CuSparse,0,0,0,0.0689152,6.37827e-07,90.1263,497.916
